listing_id,year,engine_cc,mileage_km,transmission,fuel_type,body_type,city
3319957D-88E7-45B4-Aa3C-626D8873Ecff,2018,800.0,13112.0,Automatic,Petrol,Suv,Karachi
94C54Bc6-6E9E-45F8-Aa20-9C0A882Ba6C3,2021,800.0,176706.5,Manual,Hybrid,Coupe,Lahore
02Cacc7E-6514-4Ce0-8E0B-77E9Ac1469E6,1998,800.0,114629.0,Manual,Hybrid,Sedan,Faisalabad
40962B2E-327C-4990-A0E3-F314991B1C9D,2026,2000.0,340726.0,Automatic,Petrol,Coupe,Faisalabad
Ccc2A2B9-3C32-4E22-A776-677820739E8A,2006,800.0,83707.0,Automatic,Diesel,Hatchback,Karachi
09263624-3982-40B6-B34C-0Ff1Ea7Ebf1B,2004,1300.0,53587.0,Manual,Diesel,Sedan,Islamabad
B3Ee1Ca2-55Ad-4825-9672-7Dfd49273Dc9,2009,1800.0,138685.0,Manual,Hybrid,Coupe,Faisalabad
9C5989A0-1858-4930-8A86-Af9E52377D1B,2001,1500.0,41313.0,Automatic,Hybrid,Hatchback,Faisalabad
3C595B88-Cd8E-494A-83F1-8E6B2Ed5C235,2004,2000.0,36466.0,Manual,Hybrid,Suv,Islamabad
Af4100F2-38B4-4420-B135-23368540B457,2000,1000.0,52953.0,Automatic,Diesel,Coupe,Islamabad
D1F390De-4C54-4154-9F85-14D766C3B9Ad,2003,1300.0,176706.5,Manual,Hybrid,Hatchback,Lahore
7Fda817C-068F-4Cd8-A65B-A27783A9Afba,2017,2000.0,89725.0,Manual,Petrol,Coupe,Rawalpindi
2F5B8Ef6-7E82-4817-84Bb-0B4210274A56,2006,2000.0,292002.0,Manual,Hybrid,Hatchback,Lahore
73778C9B-835C-4B3E-8040-009C2664A026,2005,800.0,165388.0,Automatic,Diesel,Sedan,Karachi
E3632222-50Fb-4968-Ba8C-Bd569171C41F,2016,2000.0,164981.0,Manual,Hybrid,Coupe,Rawalpindi
8B615Df9-0928-45F1-Af08-Dc05F2A0C1Ed,2018,1500.0,74905.0,Automatic,Petrol,Suv,Faisalabad
0Fa74Bbf-29C0-470D-8032-205C49D3873A,2015,1300.0,306491.0,Automatic,Hybrid,Coupe,Islamabad
Fa7Ef102-4C79-42Fc-B1A3-7D024B876041,2005,1000.0,267138.0,Automatic,Petrol,Sedan,Lahore
16B2C286-0091-45B6-9305-92154Afbf22B,2002,2000.0,83876.0,Automatic,Hybrid,Sedan,Rawalpindi
Db77A1E1-1745-47B9-Bff8-Ef4054B58546,2010,1800.0,245392.0,Automatic,Hybrid,Sedan,Lahore
0678B225-8F58-4Bf9-A08D-48Fa8Bc333F5,2019,1800.0,139893.0,Automatic,Petrol,Hatchback,Rawalpindi
8F1208Dd-580C-41E8-Bea8-0Cbb4D223757,2003,1500.0,1701.0,Automatic,Hybrid,Suv,Faisalabad
9Dbe1Ae2-3703-456D-B57B-436354Ae87Fb,2001,2000.0,156471.0,Manual,Petrol,Hatchback,Karachi
633A4Af0-4Fae-4D4E-90Bd-Bb15306B186B,2015,1800.0,299.0,Automatic,Diesel,Sedan,Lahore
B0505068-Cce0-4647-8C81-2Cb97D6Bf78E,2009,1300.0,125541.0,Manual,Petrol,Sedan,Lahore
5Fc5438A-6580-460B-8Cfb-2955358660Dc,2021,1500.0,36287.0,Manual,Petrol,Coupe,Faisalabad
Cadc36Fd-Dc2D-439A-B444-E8799Ca23F68,2003,1300.0,276653.0,Automatic,Petrol,Suv,Islamabad
86C20A40-6Fef-4Dbb-965B-E488Ffd4F01F,2010,2000.0,340723.0,Automatic,Diesel,Coupe,Lahore
1D4C07Cb-65E6-4Eaa-B8A4-B21Eb6E29Feb,2005,1000.0,33568.0,Automatic,Petrol,Suv,Faisalabad
51Ba4612-5011-45E3-B3Fa-9663Cf6B1Baa,2005,800.0,37220.0,Manual,Petrol,Sedan,Lahore
Fbf2Deba-1358-498E-B0C0-A6629052A94F,2008,800.0,269565.0,Manual,Diesel,Coupe,Karachi
33C52322-26Df-4440-B892-7A9Df6233C1F,2015,1000.0,299391.0,Automatic,Petrol,Coupe,Rawalpindi
18911777-5A42-4693-8Cc3-Ebf588320E64,2004,800.0,50819.0,Automatic,Diesel,Coupe,Rawalpindi
Bc049A81-6945-429E-A18C-Fb1Bc428Fd92,2012,2000.0,28401.0,Manual,Petrol,Coupe,Islamabad
532C0636-Bcc2-4978-A63E-D20D2D9B66Ac,2023,800.0,130367.0,Manual,Petrol,Coupe,Karachi
4E7F30F0-Ded1-4Df4-Bac4-1D4Dc3F745Ca,2011,1000.0,146037.0,Automatic,Petrol,Sedan,Rawalpindi
A5Af302E-8276-4766-94Dd-5E7F7Fd38Dfb,2023,1800.0,51332.0,Manual,Hybrid,Sedan,Lahore
71Df9C46-3451-48Ba-93A5-0893C078034B,2022,1000.0,87194.0,Automatic,Diesel,Coupe,Karachi
Da4D3192-5B2B-40E9-8A44-6Be474Cf5683,2010,800.0,86317.0,Automatic,Petrol,Coupe,Islamabad
F4C808A9-22A5-4Dab-Abfb-F24E37E30E7F,2023,1500.0,149552.0,Automatic,Hybrid,Coupe,Karachi
F5186145-413E-4Fed-A9B0-5Bab0Cea5836,2004,1300.0,114137.0,Manual,Hybrid,Sedan,Islamabad
993C25A2-Aec1-4968-89F5-C625Ef445B8E,1999,800.0,306277.0,Automatic,Hybrid,Suv,Lahore
E4B5C1D6-E094-4F65-Bf4C-Dcbf3A7A2Abb,2014,800.0,97425.0,Manual,Hybrid,Sedan,Karachi
0C5F1Eaf-A6Fc-4A71-8301-Abfcb4A33455,2010,800.0,298673.0,Manual,Hybrid,Sedan,Faisalabad
F741790A-584D-4A50-8A64-966F9Af7930C,2000,1500.0,344652.0,Automatic,Diesel,Suv,Islamabad
09Eb2Df6-0A7E-47B0-Ae09-Df833E5C4062,2005,1300.0,207505.0,Manual,Hybrid,Hatchback,Rawalpindi
88Ae5523-Ebff-45Cb-945C-3E361E9Eec98,2008,800.0,4883.0,Automatic,Hybrid,Sedan,Lahore
Ccda3E1C-811A-44Ea-Af50-C3Dba8Cbb5A9,2015,1000.0,265229.0,Automatic,Petrol,Hatchback,Lahore
9450963A-3Ef2-4B7C-Af7A-Dbe9Ce6Fda4A,2005,1300.0,149415.0,Manual,Diesel,Hatchback,Faisalabad
00011Cef-3Cb3-4A83-888A-1Ab8F76A1774,2023,2000.0,277317.0,Manual,Hybrid,Hatchback,Lahore
266Eed06-5Af3-49C6-8036-2065Db9F3650,2002,1300.0,60517.0,Manual,Hybrid,Suv,Islamabad
162E12B2-Ba50-42F5-Aaf0-4A5D639264E7,2007,1800.0,110430.0,Automatic,Petrol,Hatchback,Faisalabad
8Ee5E42A-705C-4B90-8Fd4-D231Ea2C38E2,2013,1300.0,26633.0,Manual,Hybrid,Coupe,Islamabad
8Fa79Fad-F824-4B95-Aacf-6F47Cc62B5Fb,1999,800.0,174879.0,Manual,Hybrid,Hatchback,Karachi
Fea59C16-3848-42A7-96F4-Bb5481A88582,2021,1500.0,289239.0,Automatic,Hybrid,Sedan,Lahore
6Eb176Ee-F364-4563-Bbec-A8160F516D06,2026,2000.0,78147.0,Manual,Diesel,Suv,Rawalpindi
Ec1Bec87-334F-436E-9C97-29A1Bcaf5Eaf,2002,800.0,161616.0,Automatic,Petrol,Hatchback,Karachi
D43F905C-4Bd6-421C-8F6A-Cd7033Aefe99,2019,1000.0,349665.0,Manual,Diesel,Coupe,Faisalabad
F051A927-6501-46Db-8859-2A3C350Ceb6D,2021,1000.0,176706.5,Manual,Petrol,Coupe,Lahore
Fb889D0F-9E08-4790-8810-53961E154E99,2003,2000.0,174160.0,Automatic,Hybrid,Suv,Islamabad
3F3A7610-059E-46Bf-989E-Fa69Ee1Fa1C0,2003,2000.0,56673.0,Automatic,Petrol,Coupe,Karachi
357D4626-8571-464F-Ba7B-D1D25Fd9E85B,2004,1500.0,183321.0,Automatic,Petrol,Suv,Lahore
675Eeae1-8F4B-4Bea-A31F-C42Fe0E0A415,2019,1000.0,208910.0,Automatic,Diesel,Sedan,Islamabad
D3D6E087-92F0-45Ce-Ae5E-9D8Db5D615A0,2009,2000.0,267075.0,Automatic,Hybrid,Hatchback,Lahore
E0F76Af8-Abc3-439E-B7F6-Efbe9E041733,2001,1300.0,93620.0,Automatic,Petrol,Sedan,Faisalabad
C626725D-0Bf6-4A07-8B85-66B5778Bf19D,2011,1300.0,164457.0,Automatic,Hybrid,Sedan,Rawalpindi
A6216849-Db70-42F0-A732-055680E67A33,2016,1000.0,133547.0,Manual,Hybrid,Coupe,Lahore
81810837-6572-4689-9381-C29Dabb1385D,2014,1800.0,103303.0,Automatic,Diesel,Sedan,Islamabad
2848E71A-4D5E-4Cf7-9F58-D152Acce35De,2017,1300.0,347806.0,Manual,Hybrid,Hatchback,Faisalabad
E12A22B3-C2A5-4D6D-830C-B62D513Ee086,2007,2000.0,214115.0,Automatic,Diesel,Hatchback,Faisalabad
A639C171-7942-4815-Bbb1-C3Ba62Ff72C3,2002,1000.0,220434.0,Automatic,Hybrid,Suv,Faisalabad
Ea1Fc4Ee-78E9-4Ce6-A0Cf-7796D36D2Db7,2016,1300.0,176706.5,Manual,Diesel,Hatchback,Karachi
D111E7D6-Fb36-4D00-9B1B-D5E920518B33,2011,1800.0,318065.0,Automatic,Diesel,Coupe,Rawalpindi
8D25A812-90E8-49Af-Af80-163Ca4848B6F,2019,1000.0,268002.0,Automatic,Hybrid,Suv,Lahore
F597E303-Acf4-465E-A330-54A18919C7A1,2007,1800.0,348050.0,Automatic,Petrol,Suv,Islamabad
A7Ee09Dd-7Df4-456E-A08C-06605A4740D1,2005,1000.0,77255.0,Manual,Petrol,Suv,Rawalpindi
F26C2Fde-97Ee-426C-8Bd6-D524A35De7Ed,2017,800.0,238769.0,Automatic,Hybrid,Suv,Rawalpindi
61E8D41B-025F-4119-9852-Add29256786A,2013,1500.0,127918.0,Manual,Hybrid,Sedan,Lahore
97Bdc04E-4106-4Bcd-Ba44-E33Ae136Cc8D,2022,1500.0,114735.0,Manual,Hybrid,Coupe,Lahore
74Cef6D8-0B10-4E44-8973-B7Bf46644Aba,2015,1000.0,63626.0,Automatic,Petrol,Coupe,Faisalabad
11A86A3A-183E-444D-Af7A-44Db0A6F4C08,2015,1800.0,166355.0,Automatic,Hybrid,Coupe,Faisalabad
8B9D07Ef-A09B-4D20-A6C9-140B644E6F7F,2012,1000.0,248866.0,Automatic,Diesel,Suv,Islamabad
Dbf87820-44D9-4649-861D-0Fda46742B79,2022,1800.0,254068.0,Manual,Diesel,Coupe,Lahore
0Db719A1-5308-4Cae-8408-Ed33E1D10Ac3,2020,1300.0,122942.0,Automatic,Diesel,Hatchback,Faisalabad
191231Db-95E3-4Cf2-80Ff-93Bae6581Bf8,2000,1000.0,79078.0,Manual,Diesel,Suv,Karachi
0D5A7023-9D0A-45B5-8E4F-F056Abdad130,2000,1500.0,213699.0,Automatic,Hybrid,Coupe,Rawalpindi
5Dee3F1E-7F1C-46D2-9D8B-816820082632,1999,1000.0,220276.0,Automatic,Hybrid,Sedan,Faisalabad
Fe8D6713-Ee38-4026-81C4-Ac2Da1F391Ae,2010,1500.0,3091.0,Automatic,Diesel,Coupe,Rawalpindi
Df85E09E-B42D-488D-Bf68-Dd39A64A024C,2015,2000.0,286330.0,Manual,Diesel,Suv,Islamabad
D19E5133-F6A2-4187-8A6E-Aa26C3Ff3Eb5,2011,1500.0,15217.0,Automatic,Diesel,Coupe,Karachi
78Bf978D-3C0B-4B9F-958C-315B0E7F0E49,2026,1500.0,66913.0,Manual,Diesel,Sedan,Lahore
F5614Ed7-D7C4-4031-9E9C-C67B90933Bd6,2018,1500.0,71145.0,Automatic,Petrol,Sedan,Islamabad
A96682E3-Bf08-4427-B715-68Ed9357Fa9C,2010,1300.0,110970.0,Automatic,Diesel,Hatchback,Rawalpindi
E8Dd9546-9A7B-40A1-9F89-E7B1Ee66Ae70,2006,1500.0,132262.0,Manual,Diesel,Sedan,Faisalabad
4004D94B-E915-4F25-A1E4-796929B5A139,1999,1300.0,117556.0,Manual,Hybrid,Sedan,Lahore
E883D96B-4F0D-4B64-99A6-C8334266D082,2005,1000.0,10684.0,Manual,Petrol,Suv,Rawalpindi
Aab722D3-9Ea2-4701-81Ae-88Bc36F70F76,2019,800.0,295682.0,Manual,Diesel,Hatchback,Islamabad
2898E843-6889-4050-B287-98062Becdd82,2003,1800.0,318372.0,Manual,Petrol,Hatchback,Lahore
263C6F63-F5Ca-4711-Af91-4B7C852Ccbc5,2016,800.0,163555.0,Automatic,Diesel,Suv,Lahore
A7617232-E543-4Bd2-9062-E0Db0Defe1B2,2016,2000.0,328855.0,Manual,Petrol,Hatchback,Faisalabad
Adf011D2-A2Dd-4Af5-91A5-1443C2C382B3,2023,800.0,296711.0,Manual,Diesel,Coupe,Islamabad
785C3Be4-7471-44Db-9614-Ce9Ce0Dbcba8,2000,1800.0,339499.0,Automatic,Petrol,Coupe,Rawalpindi
Dfd40492-D3B1-4D91-9B3F-E19B86353Ad2,2001,1500.0,189890.0,Automatic,Hybrid,Suv,Rawalpindi
32D5Ecc8-1E57-4596-8E71-0Ef57C64500B,2003,2000.0,273545.0,Automatic,Hybrid,Coupe,Rawalpindi
61D6Ac8B-12A1-4526-9Cd5-Cc342224C523,2011,2000.0,310627.0,Automatic,Diesel,Suv,Lahore
0A684Db3-565D-44Dc-9D40-50C3Ed681427,2006,1500.0,127854.0,Automatic,Hybrid,Coupe,Islamabad
770Eedab-Af16-427F-A913-6Ad60D0203Fc,1998,1500.0,170401.0,Manual,Diesel,Suv,Islamabad
0163A881-72Da-457B-Ab49-Dc048047C06B,2023,1300.0,178435.0,Automatic,Hybrid,Hatchback,Faisalabad
91F474Ac-0F1C-445A-8F85-7Fa1E6431302,1998,1800.0,100168.0,Manual,Petrol,Coupe,Rawalpindi
41Da7F6A-6F86-419B-9977-158Ef1937Ad6,2015,1000.0,249609.0,Automatic,Diesel,Sedan,Lahore
0371Ba4C-Db26-48B7-A434-4Dfeabe08Cd9,2007,1000.0,176706.5,Manual,Diesel,Hatchback,Rawalpindi
6885694B-4933-4D27-867D-20F7057631B2,2015,1800.0,180227.0,Automatic,Hybrid,Hatchback,Islamabad
Eaa5F082-3741-4C7A-80Aa-E7F76C00583F,2020,1500.0,142038.0,Automatic,Diesel,Suv,Lahore
61612964-638B-4Cd9-8Eb0-Ce3Ea5287Ae5,2021,1000.0,165438.0,Manual,Hybrid,Suv,Karachi
Ce2Bdbc7-F996-448C-97Bc-63653F9Eb76B,2004,2000.0,253859.0,Automatic,Hybrid,Hatchback,Lahore
B3981D3E-46E7-4007-Befa-932Cd71F5E2B,2024,1000.0,155318.0,Manual,Diesel,Suv,Islamabad
25F9D39D-F364-4946-97Bc-11E5321951B9,1998,2000.0,280040.0,Manual,Diesel,Sedan,Lahore
C5B1B2Be-21Bc-4B65-91D8-5945F1621B9C,2015,1300.0,66206.0,Automatic,Petrol,Sedan,Faisalabad
95D36797-3Af3-460F-9E43-741F08215A7A,2007,1500.0,250984.0,Automatic,Diesel,Suv,Lahore
6557989F-0125-4Dc7-B3Dc-11D912A2Cf90,2006,1500.0,59814.0,Manual,Diesel,Coupe,Lahore
90099C0F-F523-4Db1-A0B4-57A79627D036,2016,2000.0,28106.0,Manual,Petrol,Hatchback,Lahore
6Cc777B0-A1C3-4De5-9Cd7-Ab3313Db7385,2005,800.0,292590.0,Automatic,Hybrid,Suv,Faisalabad
B88197Be-7414-480D-A7F8-Dc8C71117202,2010,1500.0,232113.0,Automatic,Hybrid,Coupe,Islamabad
E2Ad6B3E-3A58-4352-A012-3207B01Ec8D2,2016,1800.0,31578.0,Manual,Petrol,Suv,Islamabad
Efa13057-5Ff1-44Cd-Acd1-C9C5B882219A,2019,800.0,82343.0,Manual,Petrol,Sedan,Karachi
4345Afc1-9Bd3-4A38-A871-D941Fcf74171,1998,1500.0,236193.0,Automatic,Diesel,Sedan,Karachi
853561Ca-Cc8F-43C6-B9D4-B1B1660F7Ac7,2007,2000.0,148225.0,Automatic,Petrol,Suv,Islamabad
147E8496-3C3C-4Dfb-8Ffa-Fbb2Ecd2B5A8,2023,2000.0,309219.0,Manual,Diesel,Sedan,Faisalabad
271Bbde5-1C10-40F1-A20A-03D1Ba98Aa38,2005,2000.0,78113.0,Automatic,Petrol,Sedan,Lahore
14C4D0D4-65Eb-4E43-8427-F61D71474C40,2003,1300.0,311974.0,Automatic,Diesel,Sedan,Rawalpindi
C27Dcf9B-0172-4C01-B773-784C20E7C218,2020,1300.0,211030.0,Automatic,Hybrid,Coupe,Rawalpindi
Ffcd3492-C759-4626-9F1D-0E088Acc84Fe,2000,1800.0,20898.0,Automatic,Hybrid,Hatchback,Faisalabad
D63C86E6-3B9C-42Ea-91Fe-9B3E00B38E5A,2006,800.0,47881.0,Manual,Hybrid,Sedan,Islamabad
3C45E9C1-568D-40Fe-B981-8E63C5603164,2016,800.0,91850.0,Automatic,Hybrid,Coupe,Islamabad
1B0416Df-3C2F-49Bf-8E8B-1Ba1B03C78Fb,2003,1800.0,228529.0,Automatic,Petrol,Coupe,Islamabad
2D85B2Ec-0Cc9-4564-A9E6-4Eee31F6788B,2011,1300.0,168326.0,Manual,Petrol,Hatchback,Rawalpindi
A581Bcb1-10B6-4121-8A57-2A651E506D33,2020,1500.0,151109.0,Automatic,Hybrid,Sedan,Rawalpindi
1Dcd7225-C065-48Eb-A020-D6Cb5Fde9Dff,2000,1300.0,132329.0,Automatic,Petrol,Coupe,Faisalabad
Ce72C21F-54A1-44C3-8Bf2-6918Cd521357,2024,800.0,344803.0,Automatic,Diesel,Sedan,Karachi
E2862E4F-65B9-4Af7-Ba5D-099Caacb4822,2014,1300.0,326439.0,Automatic,Hybrid,Coupe,Lahore
8C3Fb5Db-7583-45C7-9C18-6Adf4B770F66,2004,1300.0,287949.0,Manual,Diesel,Coupe,Rawalpindi
56E5A2Df-6787-4D6F-83A4-C4998734328E,2001,800.0,330313.0,Manual,Hybrid,Suv,Islamabad
Cedee352-0188-4E2C-Bc4C-Cea09B3511Ae,2015,800.0,289538.0,Automatic,Petrol,Suv,Lahore
7293292C-0Aa2-458F-A59F-55160Cb233Aa,2012,800.0,339586.0,Manual,Diesel,Hatchback,Faisalabad
397937Ec-913E-48F8-8304-B5024F402403,2020,1300.0,217836.0,Automatic,Diesel,Suv,Rawalpindi
6601Aa50-B13B-4059-8Fda-5460Dd7E1Df4,2015,1000.0,201109.0,Manual,Hybrid,Suv,Lahore
Ebef2837-4941-4Fee-86D3-08Dd76E86F1A,2026,1500.0,178192.0,Automatic,Petrol,Hatchback,Islamabad
142E8807-Fa0D-48Dc-Bd1D-F5Be9F086Ab8,2024,1800.0,304046.0,Automatic,Petrol,Coupe,Faisalabad
9Aa2E842-E587-4D70-B677-7Ad974F5Ef78,2013,1300.0,174294.0,Automatic,Diesel,Hatchback,Karachi
214Fa74F-A97F-481B-Be4A-5408F7309270,2020,1000.0,299786.0,Automatic,Petrol,Coupe,Lahore
Efc8B774-7F47-48C8-83Fc-9Ace8179C36A,2008,2000.0,247975.0,Automatic,Diesel,Suv,Rawalpindi
379C0690-5B25-44Cc-A782-936Bc14Adcc4,1999,1000.0,263345.0,Automatic,Petrol,Coupe,Lahore
22Fafa73-D1A3-41D0-A852-206E52A7A025,2014,1500.0,8046.0,Manual,Diesel,Suv,Lahore
3E4Bab9D-5B36-453B-874C-E4Ff55E5Df0E,2013,1300.0,177503.0,Automatic,Hybrid,Sedan,Islamabad
A8E4F5C8-37Aa-4122-B480-2B11Cc4F3564,2019,1800.0,199234.0,Automatic,Hybrid,Coupe,Faisalabad
8163A2D2-2A9A-47Cf-A544-21713Af95325,1999,1800.0,35872.0,Manual,Hybrid,Hatchback,Karachi
07F0B438-Bba7-4B2A-A3C0-07Fd82916F9A,2021,800.0,227526.0,Manual,Hybrid,Sedan,Rawalpindi
A216Fb1A-0940-440B-Be2C-Fee298393880,2003,2000.0,157006.0,Manual,Petrol,Hatchback,Lahore
E627407B-3925-49D0-A3Aa-2C3E1C439529,2026,1300.0,196524.0,Automatic,Petrol,Suv,Faisalabad
8191E0Da-1E6F-40B2-A3Fc-779201331516,2011,1800.0,94401.0,Manual,Petrol,Sedan,Faisalabad
A3794Db5-6Fac-4E79-86Ce-422F31Bcac14,2010,1800.0,126264.0,Automatic,Hybrid,Suv,Karachi
C94C93E3-61Cb-4552-90Fc-967593C2A49C,2012,2000.0,133157.0,Automatic,Diesel,Sedan,Rawalpindi
74047561-Ea16-418A-Bc68-Bb93D103396C,2007,2000.0,286574.0,Manual,Petrol,Coupe,Islamabad
Bd939453-E7D6-4C0C-Beb1-E9259Edda26B,2016,1300.0,334987.0,Automatic,Hybrid,Hatchback,Rawalpindi
13B6C53C-F2Ce-4Cf6-B19C-D483594Ce071,2007,1000.0,176706.5,Automatic,Petrol,Suv,Rawalpindi
F9016A39-9A53-4C24-8E52-B4E5632C5Bc1,2016,1300.0,301366.0,Automatic,Hybrid,Hatchback,Lahore
Bd8C3Aec-E9Df-4F4A-9A48-Cd42142533A0,2024,2000.0,207516.0,Automatic,Petrol,Sedan,Faisalabad
Ae8536E9-1Aa2-49A9-Afbc-87Ea73C1D0A3,2021,1500.0,150048.0,Manual,Hybrid,Hatchback,Karachi
C9F33D2B-A724-4D8A-B10E-Ee6C498De481,2018,1000.0,325525.0,Automatic,Hybrid,Suv,Lahore
729016Eb-327D-4E5C-8Ab1-7D8320F40E10,2018,2000.0,20668.0,Manual,Diesel,Sedan,Faisalabad
256Fab56-4901-4707-9F44-668Bd4Dc0B62,2009,2000.0,68897.0,Manual,Diesel,Hatchback,Rawalpindi
0536Dac2-32Ca-4Bb0-Ab60-D312F1F8948E,2003,1000.0,69289.0,Automatic,Hybrid,Hatchback,Karachi
46C1C639-F403-4D1D-Afc7-22D18Addc450,2006,1500.0,154739.0,Automatic,Petrol,Coupe,Lahore
86026708-8F3E-4E04-8275-De379962Beb0,2002,1000.0,208358.0,Automatic,Petrol,Coupe,Lahore
A67377E2-A760-44D2-88B2-79Df8B112D83,2006,1800.0,64796.0,Automatic,Diesel,Hatchback,Faisalabad
8B812156-Fd5B-4Acb-Bcbc-Ee5Fd630B5A5,2010,2000.0,194759.0,Manual,Hybrid,Suv,Rawalpindi
E1494B1A-8Dd9-4689-8E40-Aef9A226F93C,1998,1800.0,294339.0,Automatic,Hybrid,Suv,Lahore
84Cae65A-B046-4Dc2-9107-958B1B549B2D,2018,1500.0,158434.0,Automatic,Petrol,Suv,Lahore
5Af917D3-44F0-496A-B72A-Ec78675E20E8,1999,1300.0,258277.0,Manual,Petrol,Suv,Faisalabad
F616B323-394E-4621-Bf7C-5B85Df1E7163,2002,1500.0,237839.0,Automatic,Hybrid,Coupe,Faisalabad
9B9745C3-5Acb-46F5-8Df9-27Bc7B703F3E,2021,2000.0,81014.0,Automatic,Hybrid,Sedan,Rawalpindi
E2Fd7D68-Cd30-4539-97Bc-405Db6260088,2017,1500.0,146664.0,Manual,Hybrid,Hatchback,Karachi
993B01D9-2B9E-4405-A615-65F115155818,2012,1500.0,123791.0,Automatic,Petrol,Hatchback,Faisalabad
96258Efa-Ad68-441A-8F10-66891Fc35105,2018,1300.0,31745.0,Automatic,Diesel,Suv,Lahore
Fa236E69-0653-4709-A026-E9F6Cf594Fe1,2024,1500.0,176706.5,Manual,Hybrid,Sedan,Lahore
A16Effa9-6Ef7-4228-A152-44Ac00Ee7A71,2023,1300.0,176706.5,Manual,Hybrid,Suv,Lahore
4D781E5A-5215-419A-Bf26-Efabffda365E,2024,1800.0,108610.0,Manual,Petrol,Hatchback,Karachi
4461De30-228B-4C64-89Df-8E69D2215342,2023,1800.0,1486.0,Automatic,Petrol,Suv,Faisalabad
63E253F8-6B2D-4B4F-B9F7-5E3E8Dbbc3F7,2006,1000.0,57633.0,Manual,Petrol,Sedan,Islamabad
Fa168806-B4A3-4Bcd-81A1-7Fe9990240F3,2023,1000.0,308728.0,Automatic,Petrol,Suv,Islamabad
F14704Cf-Ffbf-4Aa6-B299-8C55249Eb4F9,1999,1000.0,176706.5,Manual,Hybrid,Sedan,Rawalpindi
7D1F5Bc4-4796-4949-9D1F-900216Dd7Da3,2012,1300.0,269084.0,Manual,Diesel,Suv,Faisalabad
62A5C0A6-9071-466C-9422-C0B76E9586A4,1999,2000.0,345454.0,Automatic,Diesel,Sedan,Lahore
9D7792Cb-A18C-42Fb-Be03-A1D82109D633,2013,1500.0,223490.0,Manual,Diesel,Coupe,Lahore
D66Bdecc-F7Ce-4138-9Fc4-F61C57C7Eca3,2000,1300.0,318923.0,Manual,Petrol,Suv,Islamabad
7426545E-A07D-434F-B62C-6751A01D22A6,2017,2000.0,306899.0,Automatic,Diesel,Hatchback,Rawalpindi
989Ca0E9-3Aa5-4003-869C-Fd35E4460911,2014,1800.0,176706.5,Manual,Hybrid,Sedan,Faisalabad
8042Ff39-3689-4E39-A3E9-06B4117D3122,2021,1000.0,225480.0,Automatic,Petrol,Coupe,Islamabad
Bb8E98A0-1221-449F-94B1-F508A47Bd1E7,2024,1500.0,209049.0,Automatic,Hybrid,Sedan,Islamabad
7Fe8810C-763B-4Ab1-B489-660D54B35Dad,2011,1300.0,348708.0,Automatic,Diesel,Suv,Rawalpindi
72647E2E-D7C6-49A8-8C52-2532D144478A,2000,800.0,44755.0,Manual,Diesel,Sedan,Islamabad
4B06242E-8447-43Fb-9493-B6Efd078Cce4,2023,1000.0,291698.0,Manual,Hybrid,Hatchback,Lahore
3A2639C8-E959-4D25-B0D3-9A6Ad26C470B,2011,1300.0,348830.0,Automatic,Hybrid,Sedan,Islamabad
B45Af1B8-4Ef6-4E3C-A2B3-32799C72C143,2017,1300.0,184363.0,Manual,Hybrid,Suv,Karachi
B3Cc3D5E-B498-4A72-9C65-Cc0B346876A8,2019,1500.0,176706.5,Manual,Diesel,Hatchback,Lahore
942161B9-8375-4947-A2E9-2C273B086A37,2022,1300.0,300993.0,Manual,Diesel,Sedan,Faisalabad
36770994-73F5-4843-8C4C-0F9D1D9Bcc42,2019,2000.0,140219.0,Manual,Petrol,Hatchback,Islamabad
Afe9D82A-6760-4144-A27C-95F44Ed0787F,2008,1300.0,3201.0,Manual,Petrol,Coupe,Lahore
5Ca1F66D-E3B6-448E-814D-30Cbf2143Be8,2002,2000.0,331964.0,Manual,Petrol,Suv,Rawalpindi
6D415069-8Dad-46F7-A00B-C7Bc1C2A73Ee,2011,1500.0,178727.0,Manual,Diesel,Hatchback,Islamabad
76E8A5C3-9E1E-486A-9238-61C19308Ddf1,2022,1800.0,312592.0,Manual,Petrol,Suv,Karachi
A597Bd5C-9F7D-49E9-Bed4-74E8E4738B55,2022,1800.0,26089.0,Manual,Diesel,Coupe,Rawalpindi
D81Fcfbf-Fbfc-48Ba-A79E-346A19Ed0597,2013,1800.0,231758.0,Automatic,Diesel,Suv,Faisalabad
E79F93B9-24F9-4253-9213-F8Ade903Dbbc,2001,1300.0,225398.0,Manual,Diesel,Coupe,Faisalabad
Ab252966-65Ff-443B-Be76-24396Fb0B087,2019,1300.0,23811.0,Manual,Diesel,Sedan,Lahore
3C65E61B-E263-4978-A529-Ea8Bfd448D12,2004,1300.0,110747.0,Manual,Diesel,Hatchback,Islamabad
2A26412E-Cd02-4F9A-87D0-03B23F96A2E6,2001,800.0,260773.0,Automatic,Petrol,Suv,Rawalpindi
8A6B56F4-0F87-4765-8B20-D505Ec9Dd5D9,2015,2000.0,120644.0,Manual,Petrol,Coupe,Lahore
Feaab006-6B12-474A-A193-E7D234B8283D,2011,800.0,241043.0,Manual,Diesel,Coupe,Faisalabad
Ecdc513B-6348-485C-A173-C7068484B0C8,2010,2000.0,335618.0,Automatic,Diesel,Sedan,Rawalpindi
7Dc2De25-E717-44C1-A929-C87Fa83A729B,1998,1300.0,90111.0,Automatic,Hybrid,Hatchback,Lahore
789Cdeae-11D9-4B21-8F26-Fd3F25B77Aca,2011,800.0,127567.0,Automatic,Hybrid,Coupe,Faisalabad
D9Bc3Fb0-C410-4Ba9-85Cb-594Da7457312,2000,1500.0,162673.0,Automatic,Petrol,Hatchback,Karachi
Fb25Aae7-2287-48A8-8766-724202A7758E,2000,1800.0,331992.0,Manual,Hybrid,Suv,Islamabad
3321556E-4464-4A97-B790-B249A71E0Edf,2009,2000.0,338398.0,Manual,Petrol,Sedan,Karachi
Db2Bfd14-2Af8-4A29-A1E3-77Fd9Bbd1Bff,2006,1000.0,90963.0,Manual,Hybrid,Sedan,Karachi
8342Ad08-D7Dc-4C52-91F7-C049Ff2Ddf36,2022,2000.0,259059.0,Automatic,Hybrid,Coupe,Faisalabad
E09D9421-0E32-4759-9411-1D79F9Ae57D3,2018,2000.0,327429.0,Automatic,Hybrid,Hatchback,Karachi
9B37047D-B226-4Cb1-8B0E-Cb4Cf8Df2Dee,2012,800.0,245849.0,Automatic,Hybrid,Hatchback,Islamabad
24E1E19C-C93E-4D84-8Da3-357C16196695,2016,800.0,184519.0,Manual,Diesel,Coupe,Rawalpindi
05319751-C22E-42Ef-Aca9-A9460A7B2Ef9,1999,800.0,193324.0,Automatic,Petrol,Sedan,Faisalabad
9958167D-9597-4Aed-9Ad4-0B510Bcab86F,2017,1800.0,201579.0,Automatic,Hybrid,Sedan,Rawalpindi
Ab3C9Ad1-883B-4300-9343-C637528640B0,2023,1800.0,341750.0,Manual,Diesel,Coupe,Faisalabad
2862Deed-9002-4798-8210-20A1811527D3,2002,800.0,236203.0,Manual,Diesel,Sedan,Faisalabad
Dfdad162-5Ce6-42Be-9907-481541E5D4B1,2018,1000.0,20521.0,Manual,Hybrid,Coupe,Rawalpindi
85A2Da6A-53D4-4D81-B25E-Cfd80510Db58,2014,1800.0,319713.0,Manual,Diesel,Hatchback,Islamabad
E985C056-9Eb5-4104-Be4B-A3F68E1Af235,2010,1500.0,177401.0,Manual,Hybrid,Hatchback,Lahore
9E5Cf032-6F83-4C83-B3A4-A58Baa9B4217,2008,800.0,292533.0,Automatic,Diesel,Hatchback,Faisalabad
48409261-D38A-4201-98D5-6009Baea0Fe2,2002,1300.0,42730.0,Manual,Diesel,Hatchback,Rawalpindi
8858D92D-Baf8-4Bb5-B357-5B9B19D27Bae,2002,1800.0,44417.0,Automatic,Hybrid,Coupe,Islamabad
5Dd268Ae-7F57-460F-B0A6-Cd99137Bc48D,2024,1000.0,275981.0,Manual,Hybrid,Coupe,Faisalabad
420C555F-6755-4Ce7-8A5B-981Acfcb7441,2009,800.0,190105.0,Automatic,Petrol,Suv,Islamabad
339Ef7E6-5Ce1-4E2E-Aac1-A3E7E35437Bf,2022,1500.0,100666.0,Manual,Petrol,Suv,Lahore
F876Fbc9-56Ca-46E0-96D2-9601B37B3852,2007,800.0,266175.0,Manual,Hybrid,Hatchback,Faisalabad
635F80B5-4C86-4C33-A749-6Ba29C2E2D81,2002,1800.0,197509.0,Manual,Petrol,Suv,Faisalabad
C50C2Cd9-104B-46B5-95D2-Dae2A6862490,2023,1000.0,229466.0,Manual,Diesel,Hatchback,Karachi
B40Cce30-1C7D-44Cc-928B-3894Abf555Bd,2012,1800.0,149384.0,Automatic,Petrol,Suv,Islamabad
F749D01B-3899-4A66-Abb9-2D2D1Ef437Cf,2023,1500.0,101720.0,Automatic,Hybrid,Coupe,Rawalpindi
1A44C1Cb-Cd04-404C-Af1E-Cdee83577705,2022,1300.0,200211.0,Automatic,Petrol,Suv,Faisalabad
Ba042F16-62Dd-4097-8364-99D145363A81,2002,1300.0,27357.0,Automatic,Diesel,Sedan,Faisalabad
E0698D51-44F2-4F29-B72E-Aa8C95C9602F,2001,1300.0,43974.0,Manual,Diesel,Coupe,Faisalabad
6Da92138-3Bc4-4C1A-B2D6-Dd8Bbdcef7Da,2002,1500.0,48084.0,Manual,Diesel,Hatchback,Lahore
9075A067-0Fe3-4540-B962-B1D8D97Cf09D,2011,800.0,207856.0,Automatic,Petrol,Coupe,Lahore
7Ff8Bbb8-0Bcd-4877-9633-6365F1D59368,2009,1000.0,14778.0,Automatic,Petrol,Hatchback,Karachi
6Bc487Bb-B921-40Ac-9Ebc-7670E6D0628D,2002,800.0,150407.0,Automatic,Hybrid,Suv,Rawalpindi
Bc05854F-E8C1-4C10-B49A-698F349B872A,2012,1800.0,2753.0,Manual,Petrol,Hatchback,Karachi
De77Bf06-4732-435D-8Ce7-C5Df44Eeb929,2024,1000.0,287731.0,Automatic,Petrol,Hatchback,Karachi
25719534-Fc46-4F5C-B1Ae-E6Dca51792De,2007,800.0,25034.0,Manual,Diesel,Coupe,Lahore
Aa8D9B56-1729-4542-86Bd-Fea71A40E21C,2001,1500.0,312863.0,Manual,Hybrid,Suv,Karachi
651Fcbe9-E8Ef-422C-9275-7F4Da38C098B,2007,1500.0,820.0,Automatic,Petrol,Coupe,Karachi
Eb8E3C2C-01Ef-4C69-90B9-6E7F554B9F6B,2019,2000.0,44886.0,Automatic,Petrol,Sedan,Rawalpindi
23F689D9-6C57-4324-8373-7Cfc136B0F0D,2013,800.0,333274.0,Automatic,Diesel,Hatchback,Lahore
3524443A-04A7-4312-B6C1-3A49E637Eddf,2009,800.0,180775.0,Manual,Hybrid,Sedan,Faisalabad
7D6E5260-693A-4Bbb-80C7-591D882F185D,2021,1300.0,176706.5,Manual,Diesel,Hatchback,Karachi
0F1598E4-1B5A-4650-9752-2C68Bbd2Bb11,2024,2000.0,243596.0,Automatic,Hybrid,Suv,Karachi
D3De2Dd1-737A-4073-B6D9-740D517F8C18,2000,2000.0,239955.0,Manual,Diesel,Suv,Lahore
086F5773-3D73-4F5A-Afc3-4699695A9375,2023,1000.0,176706.5,Automatic,Diesel,Coupe,Faisalabad
C86F09D6-13D3-4408-Be7E-A183C7Bef97D,2013,1300.0,19199.0,Manual,Diesel,Hatchback,Lahore
03Bf11B2-2Dc2-46F7-A612-6D3194E3D291,2018,1300.0,143244.0,Manual,Diesel,Coupe,Rawalpindi
2B8E9F97-Ba6D-4Dbf-8761-F5F23D009Ce4,2021,1500.0,202713.0,Automatic,Petrol,Coupe,Rawalpindi
0D19Fdaa-0324-4Ccf-A110-Fe4B007D55D5,2009,1800.0,139838.0,Manual,Hybrid,Coupe,Lahore
C5Ba6D53-3827-409E-8677-2B9068Bb2Cc5,2011,1800.0,94611.0,Automatic,Diesel,Sedan,Lahore
0E60C941-1276-430D-A455-7B40Cf694De3,2008,2000.0,155000.0,Automatic,Diesel,Coupe,Karachi
A091Ebe8-3E00-454B-99A0-A1D23707Ebbb,2020,1500.0,176706.5,Automatic,Petrol,Hatchback,Faisalabad
00926Dfc-Bc2E-44Ec-B5Df-814B04E99Ffe,2011,1300.0,335266.0,Manual,Petrol,Coupe,Islamabad
04Dd3E3E-6E29-41Ff-A2D3-C4E7Bcd2554A,2014,2000.0,83879.0,Manual,Petrol,Coupe,Lahore
037E736C-B8Ad-43C1-A137-2194Fcdce004,2002,800.0,123729.0,Automatic,Diesel,Coupe,Faisalabad
1F7847Ba-9B33-4121-A5Cc-2Adceedbcf0F,1999,1800.0,80445.0,Automatic,Diesel,Hatchback,Rawalpindi
E92Fe538-91Bd-4Dff-986F-7C93F592C49C,2022,800.0,300900.0,Manual,Hybrid,Hatchback,Rawalpindi
9Bc31150-3195-4Dfd-9412-Babeb2Ae494C,2008,2000.0,146113.0,Manual,Petrol,Sedan,Karachi
0F613Cc8-8F21-4074-B877-18883D6Ddce3,2013,1800.0,202892.0,Manual,Diesel,Hatchback,Rawalpindi
Bdaf7Ca7-16Dc-409F-92D0-E13A32C4D943,2004,1800.0,149724.0,Automatic,Petrol,Sedan,Karachi
F9C2E347-3293-404D-8Df1-A84Bcc5Bdd1F,2026,1500.0,90521.0,Automatic,Petrol,Hatchback,Islamabad
A3Cd6171-Cdf7-4621-B595-F262A9Ddc15A,2020,800.0,288356.0,Automatic,Diesel,Suv,Karachi
7088F98E-37Db-47D7-8E47-24E8D7F0909F,2023,1300.0,266734.0,Manual,Petrol,Suv,Karachi
7D69897E-863B-4Dc8-Bb0F-131C5Fb5Dbe8,2005,1500.0,176706.5,Automatic,Hybrid,Hatchback,Rawalpindi
65E9A154-F55B-4C4A-94B5-59618C06936B,2023,1800.0,68037.0,Manual,Petrol,Hatchback,Rawalpindi
33Cdd8Ed-1070-49Ad-Aa15-Cbfca2Fcea3E,2020,2000.0,250958.0,Automatic,Diesel,Sedan,Karachi
60136D73-5Ba1-46Ed-8358-20B3212D06Ba,2008,2000.0,38883.0,Automatic,Diesel,Hatchback,Karachi
5623A5Ac-5A86-4579-Afef-553Ce0108A39,2024,1800.0,176706.5,Manual,Petrol,Coupe,Faisalabad
34B9B045-9B06-465C-90De-97E1E8766625,1999,800.0,271634.0,Manual,Diesel,Suv,Karachi
4Bdedf32-3Ab0-4642-Ae0E-A4294Ac7616A,2008,2000.0,118211.0,Automatic,Hybrid,Hatchback,Lahore
1Cd00F32-C85C-4827-9261-Ab9E56F2C505,2006,1000.0,332952.0,Automatic,Petrol,Hatchback,Faisalabad
E7864243-5F71-4092-9Ab3-4Fd2Cb1738A4,2015,800.0,263493.0,Manual,Hybrid,Suv,Karachi
2Fa2F989-Ef5B-4Dad-9D01-E87E77B10F67,2019,1800.0,317267.0,Automatic,Hybrid,Sedan,Lahore
Bee1Ca34-5071-4300-900A-Cc42D7346Bbe,2000,800.0,336306.0,Automatic,Hybrid,Suv,Faisalabad
21E63Faf-3Aaf-44D8-9Dd4-29F7Bd0A5A93,2011,1800.0,335015.0,Manual,Diesel,Hatchback,Islamabad
90A1D384-Fadd-4A7F-81Ce-Bc74E6479B42,2013,1000.0,212909.0,Automatic,Diesel,Sedan,Lahore
69A32698-69Ff-49De-B634-3C8D0E72610B,2003,1500.0,217905.0,Automatic,Diesel,Suv,Islamabad
5E5Bc986-970E-4A54-Bae2-B4F32A69C2E7,2017,1000.0,163883.0,Automatic,Hybrid,Hatchback,Rawalpindi
92B5Dc84-E655-4036-85Cc-9Dd8A7D7C69D,2002,1300.0,269997.0,Manual,Diesel,Suv,Rawalpindi
30014A08-0255-4323-998C-742086E36D12,2001,1300.0,235717.0,Manual,Petrol,Sedan,Lahore
D118B028-428F-4F38-A0D6-75Cc90Ea0D30,2007,1500.0,176706.5,Automatic,Petrol,Suv,Islamabad
24C6C70A-0E5D-4C28-9Ea8-D6A5Ac0De937,2016,2000.0,163952.0,Manual,Petrol,Coupe,Faisalabad
5F288381-75Ae-470B-B52B-3734D46Ba860,2012,1500.0,161764.0,Automatic,Petrol,Sedan,Rawalpindi
1316Bf51-A9D9-4D90-84D0-4C7C7D6Ff4F7,2014,1500.0,126211.0,Manual,Hybrid,Hatchback,Lahore
2Ad990F1-8074-4E02-B81B-7238Ad188Bf6,1999,1300.0,259467.0,Automatic,Diesel,Sedan,Lahore
2036Eadc-330A-4698-9F4A-71A00Aa0C22A,2011,1000.0,138659.0,Automatic,Diesel,Hatchback,Lahore
746D1062-3Bc2-478D-865A-0C5E105Ed2Bb,2010,800.0,176706.5,Manual,Diesel,Hatchback,Lahore
2108D51F-A837-4394-A2A3-17E5E8Fb63C5,2010,1800.0,236115.0,Automatic,Hybrid,Sedan,Karachi
C652F52F-0C95-4Bf3-8Beb-76Ec2Ad96352,2001,1500.0,195663.0,Automatic,Hybrid,Hatchback,Karachi
0E2F4Ed9-209A-43D8-9D92-945A5500741F,2004,1800.0,266926.0,Automatic,Hybrid,Sedan,Lahore
Ea1090B0-0D41-441C-8A57-0126B8Fc1265,1999,1000.0,174609.0,Automatic,Hybrid,Coupe,Karachi
36F21D8B-51Cf-4610-Bdc1-8986D5620161,2017,1800.0,73285.0,Automatic,Hybrid,Hatchback,Karachi
E1Cfe6C3-6C2B-4C48-Bb95-B98A4Ef93208,2010,1800.0,156884.0,Automatic,Hybrid,Coupe,Faisalabad
Ec7547F8-655F-4E4D-Ac89-A41A16C58693,2007,1500.0,176706.5,Automatic,Diesel,Sedan,Rawalpindi
61E94954-3780-4De0-Ac62-C9F9402E9Bce,2016,1300.0,329913.0,Manual,Hybrid,Coupe,Islamabad
54C8B99D-58A8-4Da1-A3D7-082Ccf9D530E,2018,1800.0,302846.0,Manual,Hybrid,Sedan,Faisalabad
6E60Cac2-C55B-43F5-9951-0252D8Abf1D4,2013,1000.0,274848.0,Automatic,Petrol,Suv,Lahore
74E7B537-3436-4380-Ba09-8Dc28C319C10,2016,2000.0,57616.0,Manual,Petrol,Coupe,Islamabad
E5E9Ed35-Ae11-4Fc8-970F-936506F5A795,2011,1000.0,216510.0,Manual,Diesel,Coupe,Lahore
31375B0A-03C5-48A1-Bbed-F31696D8D9D0,2020,1000.0,271939.0,Manual,Hybrid,Hatchback,Rawalpindi
60A92892-1819-4Ca9-8631-9B9B0Ec921Aa,2014,1500.0,164496.0,Manual,Diesel,Hatchback,Faisalabad
32B79116-78F4-4048-9210-1D1E4E2534De,2009,2000.0,337279.0,Automatic,Hybrid,Coupe,Karachi
E9546D0B-F9Cd-413C-93Ab-3E4481F52Af3,2005,1300.0,292598.0,Automatic,Petrol,Hatchback,Islamabad
Dff3Dcf7-B6B3-451F-A2B0-Eb986B91F03A,2020,1000.0,256378.0,Automatic,Diesel,Hatchback,Faisalabad
7824E87D-C9A5-454B-Adab-4B6B7D4A8Ce4,2023,2000.0,176706.5,Automatic,Petrol,Coupe,Rawalpindi
4A5B6Df4-5403-4092-A088-07D24833C525,2024,1300.0,76795.0,Automatic,Petrol,Hatchback,Lahore
D957B7E2-1600-4377-Be64-Df9A47Bf8F5B,2009,1500.0,343918.0,Automatic,Hybrid,Coupe,Karachi
274Dd5A7-890D-4C3D-A7B3-31B7A2013449,2004,1800.0,142151.0,Manual,Petrol,Sedan,Faisalabad
0196E8A1-6Dd1-41F8-A84C-E4Fadf57De03,2021,1800.0,125452.0,Manual,Petrol,Suv,Karachi
0Fbda960-6A76-447E-827B-12972Bac30Bb,1999,800.0,216688.0,Automatic,Hybrid,Coupe,Lahore
12021B28-Aa5A-4E02-9693-C8D90Af1Bbbf,2019,1000.0,2716.0,Manual,Diesel,Coupe,Rawalpindi
A12Ff0D2-Df6C-4851-Ac88-83F37D3Fc678,2018,1000.0,150599.0,Automatic,Diesel,Sedan,Lahore
1D7A025A-Df85-4A9D-83C4-D72106523Abb,2018,1800.0,121750.0,Manual,Petrol,Coupe,Karachi
302B95Cd-Fc55-4221-Bdb8-8623Be1D81Bd,1999,1500.0,176706.5,Manual,Hybrid,Hatchback,Lahore
Ca9B8575-D408-4Cec-A27A-545924B2E064,1998,1300.0,297775.0,Manual,Diesel,Hatchback,Rawalpindi
37E53Fd5-92Fd-4F8E-91A2-809Af1B784A3,2018,1800.0,274893.0,Automatic,Petrol,Coupe,Islamabad
4C8D1E67-2E04-4327-Aa01-9792C51C4860,2004,800.0,176706.5,Manual,Hybrid,Coupe,Islamabad
6Af6F9Df-762F-4D87-99C9-80060Aa26F9E,2020,1000.0,7384.0,Automatic,Diesel,Suv,Karachi
5Fe12Bf2-B621-4F32-8A68-1Ef1Ac83D955,2017,2000.0,176706.5,Automatic,Hybrid,Hatchback,Lahore
93E76965-4D80-4652-84Fa-815Bc00D8723,2010,2000.0,50009.0,Manual,Petrol,Coupe,Islamabad
B22403Dd-88Cb-46F2-A3Ee-6F763Df6Fca5,2005,800.0,136726.0,Automatic,Petrol,Coupe,Islamabad
A0F34212-8590-4725-8C26-Ca41B841B40F,2008,1300.0,305377.0,Manual,Diesel,Hatchback,Karachi
39156Cd2-D3C0-487C-B451-F3C1E102E826,1999,2000.0,61983.0,Automatic,Diesel,Suv,Rawalpindi
F249A308-A091-45Bd-Acdc-F61D3Be7B38E,2019,1800.0,163042.0,Manual,Hybrid,Hatchback,Islamabad
A19Fa409-6202-42Ef-803F-325859E84163,2017,1000.0,114886.0,Manual,Diesel,Suv,Rawalpindi
326B3734-Bb19-4Ed3-B500-1050984396Df,2021,1800.0,195887.0,Automatic,Hybrid,Coupe,Faisalabad
C344Ecaa-2Ad8-4B10-97B1-39Bc8148De1E,2023,2000.0,114510.0,Manual,Hybrid,Sedan,Faisalabad
14433A56-0B4C-47Ad-A95D-F19B9D217F90,2012,1800.0,189679.0,Manual,Hybrid,Sedan,Lahore
Ac21E389-B314-4Af9-8836-C4873445B5A9,2024,1800.0,265020.0,Manual,Hybrid,Suv,Karachi
3A9E952C-553D-466E-Ba0A-8C322884Eac9,2008,1800.0,231651.0,Manual,Hybrid,Suv,Faisalabad
A3905561-Aed9-4D10-85Dd-6D199434A263,2013,800.0,176706.5,Automatic,Petrol,Coupe,Karachi
B4A778A4-9Ef0-4Db8-9Fe0-60Eca2341055,2014,1500.0,239493.0,Manual,Hybrid,Coupe,Islamabad
06Bce687-D5B7-4760-9F3D-03228830094B,2021,800.0,207591.0,Automatic,Petrol,Suv,Faisalabad
0Fcaa504-Cf6B-4947-98E1-7D8697F1218C,2000,800.0,222139.0,Automatic,Hybrid,Sedan,Faisalabad
B4388D26-666D-4Bdc-B0Fe-9E121E72Ca67,1999,800.0,247501.0,Manual,Diesel,Coupe,Karachi
Fdc6Faa5-E60C-4E21-A884-0529Ec2Fd6B2,2022,1000.0,336343.0,Automatic,Diesel,Coupe,Rawalpindi
3Dafdcb7-B858-46Cb-9B57-D8Acaf120E26,2010,1500.0,42074.0,Manual,Hybrid,Hatchback,Lahore
99574Fe5-3Aef-4B41-83D2-5866A5D3E8Be,2003,1800.0,206075.0,Manual,Hybrid,Suv,Lahore
06151C20-8911-4E50-8Be0-Bf920D9481B7,2022,800.0,156428.0,Automatic,Hybrid,Coupe,Faisalabad
2Fd3C0Af-3Fb8-4439-8717-3172758D74Fa,2010,1000.0,129767.0,Automatic,Diesel,Suv,Islamabad
Adfbc9E9-5142-4857-9791-Fa9Ac5C0B85A,2004,2000.0,59163.0,Manual,Hybrid,Coupe,Faisalabad
748Bebe4-Ae73-4285-94Ed-37Df17D70F77,2022,800.0,126178.0,Manual,Petrol,Sedan,Faisalabad
0A29Bafe-561C-4418-A200-99F1859Ae3F1,2026,1500.0,313411.0,Manual,Petrol,Sedan,Rawalpindi
6Eae58E7-03A4-4F50-B680-1B06C14Ab58C,2012,1000.0,282989.0,Manual,Petrol,Suv,Faisalabad
7B91Ebba-Cbff-41D6-931C-70Ddc9C64A77,2007,1000.0,302047.0,Automatic,Hybrid,Hatchback,Karachi
98C98696-425B-42E8-Aeee-2A114F5796Bf,2007,1000.0,176706.5,Manual,Diesel,Hatchback,Islamabad
45938678-44Ed-429D-9F7F-70C318985Efd,1999,1800.0,176706.5,Manual,Hybrid,Coupe,Faisalabad
834A5C48-16B1-48Bd-98Da-955C6B046097,2013,800.0,180572.0,Automatic,Hybrid,Hatchback,Rawalpindi
65D1Cdc4-27D2-478E-929E-23273883Adde,2011,1000.0,157227.0,Automatic,Petrol,Coupe,Karachi
C01Bbc4A-A1B4-4067-A85D-65Fbeae3B767,2005,1300.0,75681.0,Automatic,Petrol,Coupe,Rawalpindi
B0Cd228B-3129-4686-948F-68A2B05607A8,2015,1800.0,70303.0,Automatic,Petrol,Hatchback,Karachi
F88Be550-8C30-49A0-8732-121084Bd70B7,2008,2000.0,41455.0,Automatic,Diesel,Sedan,Faisalabad
5Fe93840-4D8F-4C0F-809A-9843Df8Bc9Ea,2021,1000.0,27020.0,Automatic,Diesel,Sedan,Lahore
B7475Ea8-Bc5E-488D-B505-83Ce56220375,2004,1800.0,292998.0,Manual,Diesel,Suv,Islamabad
39229E50-E44A-4123-Adfb-E7Bdfe31B92C,2007,800.0,111048.0,Manual,Hybrid,Sedan,Rawalpindi
08Ad4D92-0Cfa-4D84-A10C-7819Bdeb43B4,2005,2000.0,316880.0,Manual,Diesel,Suv,Faisalabad
74D7Df51-613A-41Da-8003-E753Cba74811,2008,1300.0,176706.5,Automatic,Hybrid,Hatchback,Islamabad
D10B5Dbb-03A4-4D49-8866-B9B2161Df8A9,2006,1300.0,268863.0,Automatic,Diesel,Sedan,Rawalpindi
2363C3Ba-157A-4E2C-82Aa-Adac916Ec3Cf,2022,1300.0,106497.0,Automatic,Diesel,Coupe,Lahore
40C195E1-5Ec6-477B-B904-304B2971400B,2016,1000.0,76505.0,Manual,Diesel,Coupe,Islamabad
C04008Db-137C-4329-B7C2-Ddfcf06133Ae,2002,1000.0,172944.0,Manual,Diesel,Suv,Rawalpindi
90Af5A86-6139-42D7-B48C-1100Eb41B293,2015,2000.0,176980.0,Automatic,Diesel,Coupe,Rawalpindi
Eb2F427F-164F-489E-Ad3D-Dd695Ca4E609,2026,2000.0,184641.0,Manual,Petrol,Coupe,Karachi
3Af59C8D-Cc1C-4728-Bdd5-6D4720Cc9349,2015,2000.0,30792.0,Manual,Petrol,Sedan,Lahore
56F10D1F-5F54-4Ad8-9D9C-0C430A186E56,2011,1000.0,330669.0,Manual,Petrol,Suv,Lahore
D2Cf6B62-95B6-48C3-9B61-776892A2Fc6E,2004,1800.0,239080.0,Automatic,Petrol,Coupe,Rawalpindi
238Cabdc-A42F-4137-Bd5D-3D053Da137Ef,1998,800.0,279032.0,Automatic,Petrol,Sedan,Faisalabad
D5C16820-11Fb-4702-B8A0-47Ba5Be7C9F5,2021,1300.0,280881.0,Automatic,Petrol,Coupe,Karachi
121Ff645-0E9E-46E2-A669-715B7733E4B4,2001,800.0,274928.0,Manual,Petrol,Suv,Faisalabad
636A3D53-Cfe4-4Aef-8437-6Abc47Fd6836,2014,1300.0,185829.0,Automatic,Diesel,Sedan,Islamabad
F64C876A-80Bd-42Ff-B2D4-6Ea08D9E4988,2010,1500.0,296223.0,Manual,Hybrid,Suv,Islamabad
0496C541-8D5F-474E-A10F-E830Cc99E501,2019,800.0,342745.0,Manual,Petrol,Coupe,Rawalpindi
0741Edca-52A8-44Ea-9E88-9B8Ea615Eda1,2010,1800.0,249563.0,Manual,Hybrid,Sedan,Karachi
9F327Ba4-82Bc-4Dc1-9302-A056382495B6,2000,1500.0,227493.0,Automatic,Hybrid,Sedan,Faisalabad
F8Ddda43-42E7-4D46-8A1F-E0B4F7E705D9,1999,1000.0,110843.0,Automatic,Diesel,Sedan,Lahore
6964Bc7C-019C-4822-9920-3Da05F830D91,2019,1300.0,284704.0,Manual,Petrol,Hatchback,Lahore
Cef493Df-51B1-4D04-810E-4089E2C0596B,2004,1800.0,75597.0,Automatic,Petrol,Hatchback,Karachi
83E83Ae4-Cf30-4860-8Fcc-0A260C55F332,2016,1000.0,297111.0,Automatic,Hybrid,Hatchback,Rawalpindi
Cd31209C-5402-4701-A968-A29Eba85F735,2022,2000.0,73374.0,Manual,Hybrid,Hatchback,Lahore
C0C7A69F-1C15-42Db-9D2B-0Da203261147,2001,1500.0,121710.0,Manual,Diesel,Coupe,Islamabad
Abc58604-Dcd7-44Db-829E-35A846243905,1998,2000.0,143302.0,Automatic,Diesel,Suv,Islamabad
18Add08C-E309-4Ce5-B771-E6Fff5580C95,2015,1500.0,226412.0,Manual,Hybrid,Coupe,Lahore
072F9A49-B2D7-4073-8F90-74A76067816D,2022,1800.0,154863.0,Manual,Hybrid,Sedan,Lahore
D9E4Ef2E-945A-4679-91A4-B07047972C86,2006,1000.0,199229.0,Manual,Hybrid,Coupe,Islamabad
4E52C2F6-8E81-4Dca-A726-A1B37607919F,2009,800.0,176706.5,Manual,Diesel,Coupe,Islamabad
Bf829C53-A4C2-4F0A-889F-D5A249547696,2022,1300.0,53598.0,Manual,Petrol,Suv,Rawalpindi
694Ce433-41Df-4A35-Aaad-7Ef3Ba93C3A3,2012,1800.0,290843.0,Automatic,Petrol,Sedan,Lahore
30A4A5Ca-6355-4D68-9022-E1649Fb33311,2009,1800.0,48792.0,Automatic,Diesel,Sedan,Islamabad
E3Ff3645-7Fdd-474F-9C8C-D3887E5C19Da,2011,1500.0,176706.5,Manual,Hybrid,Suv,Rawalpindi
9C6C62Ec-723F-4Dce-8Fa9-Dd8581Bdb768,2003,1000.0,140990.0,Automatic,Diesel,Coupe,Karachi
12E6B570-D01E-4923-9A7B-99Aebd7C66Ad,2000,1000.0,227895.0,Automatic,Diesel,Hatchback,Rawalpindi
474Edec1-3485-458E-Be00-Ad542A31D6D8,2023,800.0,189333.0,Automatic,Petrol,Coupe,Faisalabad
C4642693-Ae68-491D-91Bf-A648B0882Ebc,2017,1000.0,240051.0,Manual,Petrol,Hatchback,Lahore
7Ddc34C1-59E9-4B46-B9A9-D42E2756Cc3E,2010,1300.0,325159.0,Automatic,Diesel,Coupe,Islamabad
4343D241-793E-447E-B553-Cfacbe8C1402,2011,2000.0,176706.5,Manual,Diesel,Hatchback,Faisalabad
F9Add8F2-4144-43D5-B09A-64B4943A4156,2020,1000.0,251139.0,Automatic,Petrol,Coupe,Islamabad
0Ba583Da-E7Df-4490-8779-Faa3Fdaccbd8,2007,2000.0,331823.0,Automatic,Hybrid,Suv,Islamabad
6Cfb868C-C7E0-46Fd-8611-B411D571Ee2A,2010,1300.0,206011.0,Automatic,Petrol,Suv,Faisalabad
45E40F28-F365-4C4C-97Bc-9B6E50E39915,2015,1000.0,288410.0,Manual,Hybrid,Coupe,Karachi
E7071932-57Db-461D-9F6F-9B751490Ed6C,2012,1300.0,36259.0,Automatic,Hybrid,Coupe,Karachi
Ea27C203-7Ad0-495F-A4C5-B2F3B1B6Ac69,2018,1300.0,126888.0,Automatic,Hybrid,Suv,Rawalpindi
92620F93-0735-41F3-8F34-6F955765659A,2023,1500.0,38779.0,Automatic,Hybrid,Coupe,Faisalabad
D06Cf2Ca-E36E-4Ba7-943E-4105C5339140,2010,1800.0,265610.0,Automatic,Hybrid,Sedan,Islamabad
E1391163-Da5B-43A0-8932-C086C504E4Af,2020,1800.0,311332.0,Manual,Petrol,Suv,Islamabad
Abafa35C-745F-4D38-822D-9D2E1E26C30B,2003,2000.0,321219.0,Manual,Hybrid,Coupe,Islamabad
Fc49Ef51-495B-413C-9A73-7D3Adf82Bdc7,2023,1500.0,55545.0,Manual,Petrol,Hatchback,Karachi
06E7B01B-7547-401F-A7F1-50C14043Ea0B,2014,2000.0,271999.0,Manual,Diesel,Hatchback,Rawalpindi
Db928Ee2-F7B5-40Fb-Abcb-Ae190A3B517D,2012,2000.0,308590.0,Manual,Diesel,Sedan,Rawalpindi
8979C0A7-7159-41E0-8668-0830492D1Ffe,2001,1300.0,218090.0,Manual,Petrol,Suv,Islamabad
B4197479-2B79-43Fd-9185-2D2470A15604,2007,1300.0,238725.0,Manual,Hybrid,Coupe,Islamabad
7B61D9F2-2D10-4Edb-84D5-Cd26464C9071,2026,800.0,229725.0,Automatic,Diesel,Sedan,Islamabad
085Fffe8-D2E2-450A-A024-693Ffd26F783,1999,2000.0,60337.0,Manual,Diesel,Sedan,Karachi
6B71911B-E9Bf-4F53-B9C8-1D7C01F8291E,2021,1000.0,270529.0,Manual,Hybrid,Suv,Islamabad
46852F06-796E-4253-8C76-D9B3030A79F1,2015,1500.0,176706.5,Manual,Diesel,Suv,Karachi
D6231A5D-2A73-48B6-94Ec-F13071687366,2018,2000.0,226562.0,Automatic,Petrol,Suv,Rawalpindi
110F0Ebd-D7F4-4Ac2-Bfa8-9Ddfb92D1588,2016,1500.0,203861.0,Manual,Hybrid,Suv,Karachi
29345Bc1-6674-4E81-A334-B1817Fc45439,2006,2000.0,32801.0,Manual,Hybrid,Suv,Islamabad
792Dea9D-3A53-45Ea-A61E-Ddcf77621E43,2008,1000.0,239888.0,Manual,Diesel,Coupe,Faisalabad
C0Ae43C3-67Fa-4166-9216-Eee1D81C9322,2018,1300.0,312984.0,Automatic,Hybrid,Coupe,Faisalabad
Feaabfef-25Ce-4D01-Acd8-7D0B564A9459,2001,1300.0,184541.0,Automatic,Hybrid,Suv,Islamabad
1427403B-8649-4722-9F70-E44B2Fdb8795,2017,1800.0,44434.0,Manual,Diesel,Sedan,Karachi
6007C317-Bed4-4300-A56F-0Ad9Cf55Ead4,2007,800.0,95968.0,Automatic,Hybrid,Suv,Faisalabad
14791A9A-E0C4-4843-87B0-Dd7C70F4Ab6A,2010,1500.0,312698.0,Manual,Hybrid,Coupe,Rawalpindi
102D6Da0-2Bb2-4Bf0-9Dda-864628Fa318B,2003,1500.0,333185.0,Manual,Hybrid,Suv,Rawalpindi
F21B3C74-Fd3C-4F09-8C86-63781Bc21Cff,2007,1000.0,98093.0,Automatic,Diesel,Sedan,Islamabad
B09044B9-8Eff-44E3-B677-C66Fbbac6Ee8,1998,1500.0,71583.0,Manual,Diesel,Coupe,Rawalpindi
9Aea46Da-3B38-49D1-A76B-Ee31E0D1De42,2019,1500.0,217910.0,Automatic,Diesel,Suv,Lahore
5Fcb37Fb-3Bfa-453D-B6C8-C15D981A4693,2016,800.0,115620.0,Automatic,Petrol,Hatchback,Karachi
B2F65F84-C74F-4C01-9Af0-Adf147F27A6D,2015,1300.0,88189.0,Automatic,Hybrid,Coupe,Faisalabad
49C9D7C3-1Bfa-483D-Aa58-F8E184Cf6E21,2014,800.0,300267.0,Manual,Diesel,Hatchback,Faisalabad
E0664B78-F222-48Cb-B3F7-55C5832Ad872,2024,800.0,231403.0,Manual,Diesel,Sedan,Karachi
33632811-7E44-404B-8A35-21935816B2A2,2007,800.0,235789.0,Automatic,Diesel,Sedan,Rawalpindi
5Eb14886-14A4-41B2-B73A-Cf0Cf0924361,2026,1000.0,110036.0,Automatic,Hybrid,Coupe,Karachi
0Ef466A2-7F38-4D6F-B5C9-5Fe0794707E9,2017,1000.0,108328.0,Manual,Petrol,Hatchback,Faisalabad
894741F2-3Ce0-44Ab-872E-6661C09458Da,2006,1800.0,282469.0,Manual,Diesel,Hatchback,Islamabad
787F0Ab8-Dc5E-4B7C-Bfd5-812Cc22D309F,2016,1300.0,269701.0,Manual,Petrol,Coupe,Lahore
Cb27F126-90A8-4590-9685-0681B5C4Fe1E,2006,2000.0,66525.0,Manual,Petrol,Suv,Islamabad
83722F48-D26A-4389-A4F1-37C46Fc8359B,2024,1000.0,205888.0,Automatic,Petrol,Hatchback,Rawalpindi
04E2D5Ad-34Fe-4D66-Ba1B-E6595A5F0Ad1,2010,1500.0,39592.0,Manual,Diesel,Hatchback,Islamabad
B8026Dcb-2185-49Cd-9911-3Ed0B0Ccd7B4,2012,1500.0,171593.0,Manual,Hybrid,Sedan,Rawalpindi
Ec736F69-E08C-4284-8Dda-C6E137Ec8A01,2018,2000.0,187811.0,Manual,Hybrid,Coupe,Karachi
Ffd0F458-0D15-4977-9359-Fb16691A6328,2011,1000.0,259373.0,Automatic,Diesel,Hatchback,Islamabad
E0Eaddb2-B423-45Ea-9668-C759F1Df9D53,2015,1800.0,68468.0,Automatic,Diesel,Sedan,Lahore
43F28855-Bf01-4Ede-B34E-Eef82Eb46F42,2001,2000.0,240953.0,Manual,Petrol,Suv,Rawalpindi
Dc44B34F-01B4-4B90-A424-Bbc6B3Ec6174,2012,800.0,224290.0,Manual,Hybrid,Suv,Islamabad
4F0755Bf-26E8-41Eb-91Fb-53Bd36C61706,2003,1300.0,48937.0,Automatic,Diesel,Sedan,Islamabad
8392Dc68-4733-4401-Aba6-85312778Dcab,2019,2000.0,86782.0,Manual,Diesel,Hatchback,Karachi
C0A7C4Ba-Ae5B-4732-A32E-0Aa59A63Ae14,2011,2000.0,47814.0,Manual,Petrol,Suv,Rawalpindi
F1052444-07Cc-40B6-A356-C31Eede80029,2000,1000.0,311259.0,Manual,Hybrid,Coupe,Lahore
45D92Abb-0D54-4B17-9Bd4-0E6Ebcdb17F9,2026,2000.0,180131.0,Manual,Diesel,Suv,Rawalpindi
34562A97-4134-4398-8E31-45100Ae14Ae3,2000,1000.0,200838.0,Manual,Hybrid,Sedan,Lahore
9Ddb3Ea6-E4Ce-4Ba7-8993-77Cc8C7D4Df9,2008,1300.0,156895.0,Manual,Diesel,Suv,Karachi
D69Ac003-B8Fa-4Cb6-Ba62-5F50C1719Ea4,2000,1800.0,295326.0,Manual,Hybrid,Suv,Rawalpindi
C6665613-C182-40E2-821C-0046Ff287277,2009,2000.0,111702.0,Manual,Diesel,Coupe,Karachi
8E0E72Db-5417-48Bc-8C18-D0C4481Fd747,2000,800.0,73407.0,Manual,Hybrid,Coupe,Islamabad
1B522C9B-Cc46-4499-9B4D-774B75754C41,2011,1300.0,73311.0,Manual,Diesel,Sedan,Karachi
7636C21E-79Eb-4840-Bed6-29Df8Ac4C22D,2015,1800.0,314576.0,Automatic,Hybrid,Sedan,Islamabad
9C0B6230-6166-4Ae1-Bfde-26C5580662De,2004,1800.0,318204.0,Manual,Hybrid,Coupe,Islamabad
8D11693E-59Ca-4Df6-Abc8-2B3501C18329,2018,800.0,125483.0,Automatic,Diesel,Sedan,Karachi
026B833A-4689-4Bce-8E4E-2894D5Aa439B,2026,2000.0,311390.0,Manual,Hybrid,Sedan,Islamabad
Eb808672-8241-40Cf-B98B-C3036B6F8D5B,2008,1000.0,202814.0,Automatic,Diesel,Suv,Rawalpindi
4C1E390C-5205-4B6A-8619-9A4D818Aea5A,2022,800.0,176706.5,Manual,Petrol,Hatchback,Karachi
14Ac9A77-892D-4B52-8C13-E7Acc5122B1B,1999,800.0,208653.0,Automatic,Hybrid,Coupe,Rawalpindi
19Cbbe91-775E-435F-B55F-Adb7Cf219619,2020,1500.0,43215.0,Manual,Diesel,Sedan,Islamabad
Cd2Aed2E-Cca8-4E3F-Bdbc-E1A3353A2301,2000,1800.0,106534.0,Manual,Hybrid,Hatchback,Rawalpindi
5Bbdbef2-Dc30-4374-A186-6C828B2F4065,2016,2000.0,340703.0,Manual,Diesel,Coupe,Karachi
1C620F99-C6Dd-4Ba2-A88F-D0B261Dcaf2C,1999,1000.0,45200.0,Automatic,Petrol,Coupe,Faisalabad
6Bb5B1Ed-1343-4D27-92D7-734B51E40Ba8,2017,800.0,162157.0,Manual,Petrol,Sedan,Karachi
4803C19C-6975-4B5A-A22C-1Cb513C0950B,2020,800.0,85895.0,Automatic,Diesel,Hatchback,Karachi
2A0Dece6-D6D5-468B-8D27-0B55Dbd93Ab4,2009,1000.0,140909.0,Manual,Petrol,Hatchback,Rawalpindi
407Eb9Bb-3F7F-44D9-A85F-4E4E21D87D85,2006,1800.0,33487.0,Automatic,Hybrid,Sedan,Rawalpindi
8B9F2A98-E914-42A8-93A1-0Adba04Cc9A3,2012,1800.0,188808.0,Manual,Diesel,Suv,Islamabad
521A93Fa-15Dd-4402-9F86-3085A49B927D,2003,1300.0,53951.0,Manual,Petrol,Sedan,Lahore
198822A2-00C5-4108-A81A-Aee6A392C502,1998,1000.0,24107.0,Automatic,Diesel,Coupe,Karachi
D4172Dc5-068C-4204-9D26-362Dccc8Da45,2003,800.0,289860.0,Automatic,Petrol,Hatchback,Karachi
D0B07C3B-Fc17-4891-9173-9C1Ce429F251,2011,2000.0,176706.5,Automatic,Petrol,Hatchback,Lahore
Cc230C36-E003-4275-920F-F9322Dc2Ab8E,2014,2000.0,27615.0,Manual,Petrol,Sedan,Rawalpindi
3Ede548E-9B34-44Ab-9579-34Be43E310Bf,2000,1500.0,148010.0,Automatic,Diesel,Sedan,Faisalabad
85E0D977-3589-4C06-Bf08-E95Ae670F8Fc,2012,800.0,193419.0,Manual,Diesel,Hatchback,Faisalabad
481A616C-6860-47Fd-Bdb1-017De44Ae3Fe,2005,1500.0,176706.5,Automatic,Petrol,Suv,Karachi
B108Ec2F-B024-472B-9Ccd-886211873915,1998,1500.0,12535.0,Manual,Hybrid,Hatchback,Lahore
65Abb3Ff-849C-437B-B5E8-40A77Bf7630F,2008,800.0,344616.0,Automatic,Hybrid,Hatchback,Lahore
3404Cec7-5F58-4005-B8Ba-C46513C7Ef06,2004,1800.0,124868.0,Automatic,Diesel,Sedan,Karachi
D8F28C27-C103-4D28-Bc16-21Bdfb84896C,2020,1300.0,48772.0,Manual,Petrol,Coupe,Islamabad
0Ad4F079-23Ff-42Af-8A63-8D4A376579Bc,2012,2000.0,44513.0,Manual,Hybrid,Suv,Rawalpindi
7D9Ec680-1Bba-4Ba8-96Ab-8F5Ced95Ba6F,2000,1800.0,297701.0,Manual,Diesel,Suv,Karachi
15791Ada-9534-40C4-B616-127Bf7275047,2007,1300.0,165155.0,Automatic,Hybrid,Hatchback,Islamabad
88C482Ed-D031-402C-8B6D-0Cafbd306C9D,2012,1300.0,122479.0,Manual,Petrol,Suv,Faisalabad
2Aa4758C-7C23-4265-A319-5D178289198D,2001,1000.0,55395.0,Manual,Diesel,Coupe,Islamabad
02Cebe75-4E1F-41Dd-A2E4-89Eece7Cb7Bf,2011,800.0,280978.0,Automatic,Petrol,Coupe,Islamabad
05Bc5Acc-Feb5-4E64-85Cd-C08B82392Da3,2012,1300.0,62869.0,Manual,Petrol,Hatchback,Faisalabad
93581728-03Ea-48E2-951E-8D203Bfe4510,1999,1000.0,171858.0,Manual,Petrol,Suv,Islamabad
B29C8D11-2359-4A77-9Cde-3A521D18448D,2010,1800.0,25664.0,Automatic,Diesel,Suv,Lahore
183B7E44-Af6D-45Ba-Baf1-E9Aad839Be6A,2010,1500.0,291479.0,Manual,Petrol,Coupe,Lahore
1D9Dd190-4000-4036-B6B3-Da3E9B9A3Caa,2023,1000.0,63676.0,Manual,Petrol,Suv,Karachi
05F4A486-E185-4567-A490-327B1Fc72Cc3,2004,1500.0,195160.0,Manual,Hybrid,Hatchback,Lahore
96768A5D-2981-40F2-B8A3-C49582B4C0Aa,1998,800.0,103678.0,Automatic,Petrol,Sedan,Islamabad
279Ff352-43A4-4F8B-B4C6-554367Fa5E4B,2001,800.0,241694.0,Manual,Petrol,Coupe,Rawalpindi
Dae21Ca6-0Fe2-4380-9B00-68B9E96Fe267,2013,800.0,200660.0,Automatic,Petrol,Hatchback,Karachi
30B366Fb-D77B-4E02-8Fdb-D17A595897C6,2003,1300.0,146724.0,Automatic,Petrol,Sedan,Faisalabad
E2Feb9Ce-D9Ef-43Fd-B3C5-B5Ba878F6532,2017,1800.0,128862.0,Automatic,Diesel,Coupe,Faisalabad
Df2B4B45-9937-4Dd6-8De6-C0C71Ec31D8A,2013,800.0,45991.0,Automatic,Diesel,Suv,Rawalpindi
2C95E776-6B35-44C0-B1Ad-Ce981Ee8A43C,2004,2000.0,275678.0,Manual,Hybrid,Sedan,Rawalpindi
7A2B8F71-06Ae-4411-8486-08A06E9C0C8C,2023,2000.0,188278.0,Automatic,Hybrid,Coupe,Islamabad
4F7D27F2-F00F-4465-B9E6-C263110Dcea5,2016,1800.0,168613.0,Automatic,Diesel,Suv,Lahore
C41Ff459-8Bd5-4C70-Baeb-Dbe0Cbd0Ed90,2008,1800.0,114829.0,Manual,Diesel,Sedan,Rawalpindi
9Ab9Fed9-F529-48C6-A269-7Ad01Fb5447C,2014,1300.0,306178.0,Manual,Petrol,Sedan,Karachi
Ab87647C-4Eb4-4819-A6B9-D366262C158B,2019,1000.0,139736.0,Manual,Petrol,Coupe,Islamabad
D696D4De-4Ca8-4376-B942-4C00C8Dea44B,2024,1000.0,92327.0,Manual,Hybrid,Hatchback,Islamabad
278C3946-F65B-484E-Ba3D-9476E5Aa9A3F,2016,800.0,184382.0,Manual,Hybrid,Suv,Rawalpindi
1461F53F-A24F-45Be-A08D-C49D545B6A17,2015,1300.0,92042.0,Automatic,Petrol,Sedan,Lahore
6381De38-5757-4882-8Bc6-287E24Afb2C6,2005,1800.0,114718.0,Manual,Hybrid,Coupe,Lahore
A8501B90-98C6-41Ce-9D60-Afd4500056Ac,2008,1800.0,176706.5,Manual,Diesel,Suv,Islamabad
49503010-96E7-43D2-8Ebd-5B7Db28D6D85,1999,800.0,77443.0,Manual,Petrol,Hatchback,Lahore
18729Dad-8303-4456-80A7-B28B3044Afd2,2009,2000.0,347151.0,Automatic,Hybrid,Sedan,Islamabad
5E72E8C1-B2A1-40C5-Aa66-2C38B5766195,2007,1300.0,71539.0,Manual,Hybrid,Coupe,Rawalpindi
2C1288F3-4663-47A3-8369-3C8De5922A8C,2018,1300.0,91332.0,Automatic,Petrol,Suv,Rawalpindi
Ad700834-8796-4B09-A34A-C5Cd984F2667,2007,2000.0,154411.0,Manual,Petrol,Sedan,Faisalabad
Bb3Ee842-D983-4C74-940E-6269C0F7Cb34,2010,1800.0,16977.0,Manual,Hybrid,Hatchback,Faisalabad
35017272-03B3-430E-81Df-Ac91Eb84A71A,2005,2000.0,296511.0,Manual,Diesel,Suv,Islamabad
49957Ddd-C02F-4Ed2-9497-E4D1De41D1Cb,2021,800.0,124778.0,Automatic,Diesel,Suv,Lahore
1Ba79Ba1-C4Ab-4A27-B5C2-47F1Bc647Eaa,2024,2000.0,335073.0,Automatic,Diesel,Sedan,Islamabad
7A3F4Aa0-1388-46E3-8F12-Fd2Eb3729Ef3,2004,1000.0,35543.0,Automatic,Diesel,Sedan,Lahore
00Ac3038-6788-47E5-A01F-207818Ea3518,1999,1500.0,229753.0,Automatic,Petrol,Coupe,Rawalpindi
7865053D-F0E8-408C-B38A-8991055Badcb,2010,1300.0,286273.0,Automatic,Petrol,Coupe,Faisalabad
09C2116C-1Ba9-48C7-Bc63-F43D7F53454C,2018,2000.0,118270.0,Manual,Diesel,Sedan,Lahore
Ca1F62Dc-D98A-4C91-9313-0Ba6E3F3Cc48,2007,800.0,167099.0,Automatic,Petrol,Sedan,Islamabad
B8624142-878C-4F09-9762-74F5E604B4A2,2003,1500.0,84360.0,Manual,Hybrid,Sedan,Islamabad
73095E9B-B531-4A5B-962A-86D57D8D940A,2017,1800.0,253093.0,Manual,Diesel,Suv,Faisalabad
61E7Ca7D-Dbbd-4688-B44A-897552D00A5E,2011,1000.0,176706.5,Manual,Diesel,Suv,Karachi
C7B87521-7F3A-478E-86Ff-6Df92Cf0C1Dd,2011,2000.0,290514.0,Automatic,Hybrid,Hatchback,Islamabad
1716Bc27-B6Ff-4Be6-9A58-3C5D768Fea5C,2005,800.0,26023.0,Automatic,Hybrid,Coupe,Karachi
76C3C719-D458-4D51-9581-3623C3D3Ae7B,1999,1300.0,2000.0,Automatic,Petrol,Hatchback,Faisalabad
3Ba47B2B-789D-4Efb-B88C-684F8A689957,2013,1000.0,50849.0,Manual,Petrol,Suv,Islamabad
8271A8C5-989A-4Db9-9Dc3-2F785813Dd6D,2000,1500.0,60559.0,Automatic,Diesel,Coupe,Rawalpindi
A7F97A3D-A2Cc-4227-Ace6-2E36Ab1Bbf19,2019,1300.0,47781.0,Automatic,Petrol,Hatchback,Rawalpindi
C09502A3-Cf21-4E65-9753-071Ed42958Cf,2009,1000.0,233714.0,Manual,Diesel,Coupe,Rawalpindi
Ece63D5B-Db0E-4715-B9Aa-2D05C682E04B,2006,1000.0,140803.0,Manual,Petrol,Sedan,Lahore
756E8E55-9Cdf-45Ea-Bfb2-61C460107992,2019,1300.0,283875.0,Automatic,Hybrid,Suv,Faisalabad
5D18A254-4542-48C0-A784-07885Ebc5F01,1999,1500.0,273983.0,Automatic,Hybrid,Coupe,Faisalabad
3A77C279-9Cf3-4923-9B99-C6C7529C0626,2005,1500.0,156684.0,Manual,Diesel,Sedan,Faisalabad
15810B6F-Ec81-4699-Bc80-E689E77F1Ec4,2016,1800.0,299622.0,Manual,Petrol,Coupe,Karachi
172B943D-1Fa5-4480-Aa9F-Df5479C25D5F,2003,1000.0,101043.0,Manual,Petrol,Coupe,Lahore
Eafd8832-E490-464A-Afb5-55E2Fad8A572,2019,1500.0,105863.0,Manual,Hybrid,Hatchback,Islamabad
Aaa3Fa55-6718-4E35-A16D-F8Bc58Fe9166,2021,800.0,45627.0,Automatic,Hybrid,Coupe,Faisalabad
E5Cfa386-Fa0F-4864-Ac61-Aa826393Ca28,2008,1300.0,272466.0,Automatic,Petrol,Coupe,Lahore
B86094Cf-A420-475A-Be20-C1Ba059Dae2A,2011,1000.0,77699.0,Manual,Petrol,Sedan,Islamabad
Df30Bf14-D584-4D52-86F2-9D58A2Ef15Dd,2015,1300.0,215424.0,Automatic,Diesel,Coupe,Faisalabad
C1966Ff5-Dabb-4D04-Be42-599C25C79C2F,2017,1500.0,19642.0,Manual,Diesel,Coupe,Karachi
73877530-A365-46Af-8D9A-2Cb74609C00E,2017,1800.0,210616.0,Manual,Diesel,Hatchback,Karachi
42079E40-B433-4C92-B666-F8A1398Eb3D9,1999,2000.0,249151.0,Automatic,Diesel,Sedan,Islamabad
Cb24271B-420B-41E0-80Eb-65A1A693Edab,2024,1300.0,163026.0,Automatic,Diesel,Sedan,Karachi
Eef102F3-825D-4F54-B6E6-Fdfb56834F87,2002,1300.0,232317.0,Automatic,Diesel,Coupe,Faisalabad
29Ac0871-55C4-455F-Bb5E-60Ca4964Fa13,2018,800.0,98532.0,Automatic,Petrol,Coupe,Rawalpindi
8A6C10B3-C684-4F7C-9F82-Fa2659De7279,2022,1800.0,196036.0,Manual,Hybrid,Suv,Lahore
4Facaba0-Af64-4443-Ad3E-00A30A7393D8,2007,2000.0,265706.0,Automatic,Petrol,Sedan,Karachi
6069C0D6-834E-4051-Ae61-E40Bb3D19A3C,2004,1000.0,30213.0,Manual,Petrol,Coupe,Lahore
C2497142-C502-4D74-B50E-B547676458Ad,2009,2000.0,176706.5,Automatic,Diesel,Coupe,Faisalabad
17D7F2D8-8Ef9-4252-9Eac-4De9521D4D35,2010,2000.0,64945.0,Manual,Petrol,Hatchback,Rawalpindi
E2F0F73C-2604-4616-A4A0-E858Acd7857D,2017,1500.0,93104.0,Automatic,Hybrid,Hatchback,Islamabad
0B837B40-Ced7-4A1E-A059-B15Af1598Fb3,2003,1300.0,47391.0,Automatic,Petrol,Coupe,Lahore
D6B4E173-E820-47Cd-9E56-2E46B2Cba3Ab,2003,1800.0,176706.5,Manual,Hybrid,Suv,Karachi
50B7907D-91Dd-4E90-Ae50-663E8B98520A,2006,2000.0,214699.0,Manual,Hybrid,Sedan,Rawalpindi
1520Cca0-F74A-49Ce-A6A2-8Eb9Ba92F5E3,2002,2000.0,90807.0,Manual,Petrol,Hatchback,Faisalabad
3Debe501-A90A-42Cb-91B4-6508Fea433Fb,2023,1300.0,336981.0,Automatic,Diesel,Coupe,Islamabad
E8B8E3C7-9A6F-43B8-8De5-36E2A5Fa67D0,2012,1300.0,114404.0,Automatic,Diesel,Coupe,Faisalabad
27357Dcf-6Fed-4Ccc-Bd81-674Fefc9Eb81,2001,800.0,268180.0,Automatic,Hybrid,Hatchback,Islamabad
14F86E37-B041-427B-80F5-D641A333Ab56,2019,800.0,252569.0,Manual,Diesel,Hatchback,Islamabad
43A69446-Db36-47F5-941F-32273Abb3Fec,2006,1300.0,343995.0,Automatic,Petrol,Suv,Faisalabad
5A5288A2-2Fe8-4A4F-86D1-005Ef4Bc0C73,2022,1000.0,29766.0,Automatic,Hybrid,Hatchback,Karachi
Db5F6912-528F-4Df2-B2Cb-Abe0A84Dd3A9,2021,800.0,343618.0,Automatic,Diesel,Hatchback,Rawalpindi
C69A2F9F-1Adc-4A17-B972-A9A10A905195,2010,1500.0,18517.0,Manual,Diesel,Suv,Faisalabad
A8B0F1E0-527F-4C7C-B5Be-02273Fb84E0A,2018,1500.0,187955.0,Automatic,Petrol,Suv,Islamabad
69F21C00-918A-4Cd3-8494-496Aba9D7658,2001,1500.0,67079.0,Automatic,Hybrid,Suv,Islamabad
41Fd6E90-0F82-4Ed9-819B-323E11A06E6E,2018,800.0,116524.0,Automatic,Petrol,Hatchback,Rawalpindi
4937E06A-4714-4D08-8F64-9238970D03Ac,2023,1300.0,194868.0,Automatic,Hybrid,Hatchback,Rawalpindi
648F2839-Ddfe-43A8-Bb4A-2157C9299Ac6,2001,1500.0,28142.0,Manual,Diesel,Suv,Faisalabad
Da96Afab-1Ce5-4B08-8B95-F94099Be8929,2001,2000.0,200104.0,Automatic,Diesel,Sedan,Karachi
Ce5Bf51A-4688-4696-9046-30F9A5037845,2002,1000.0,179657.0,Automatic,Hybrid,Coupe,Karachi
Da77Fd97-0939-45B2-849B-5417Cf2E8613,2008,2000.0,94558.0,Manual,Diesel,Hatchback,Karachi
060Addfe-D56F-4616-Aa83-4Ba7Baed5414,2008,2000.0,30415.0,Manual,Diesel,Hatchback,Karachi
89F3Cd15-De25-4A26-B15B-A0Bd313B6F87,2022,1000.0,302136.0,Manual,Diesel,Sedan,Karachi
8B5268Cd-70D5-4Bb4-B192-E86534375576,2017,1500.0,332129.0,Automatic,Diesel,Coupe,Rawalpindi
8C825D77-F6C4-46E9-95D0-38427C27A420,2010,800.0,19778.0,Manual,Hybrid,Hatchback,Lahore
Dc6072F5-Efbe-494C-A9D0-893E434295Dd,2008,1800.0,99917.0,Manual,Hybrid,Sedan,Karachi
D557Fcfb-B367-42Bd-9128-03B0B1A374A5,2005,2000.0,180538.0,Automatic,Petrol,Sedan,Rawalpindi
615A59B3-4Fb2-4822-Bc06-E10D22Aad820,2014,1800.0,160492.0,Manual,Petrol,Sedan,Islamabad
Ccf575Ed-C943-4D37-Acf1-95B4A9662048,2007,1500.0,272780.0,Automatic,Diesel,Suv,Islamabad
A288Db0B-885E-4F47-811E-Ff71042942Bc,2013,1300.0,98789.0,Manual,Diesel,Sedan,Karachi
35B49Bec-Fb27-4Ee4-B77C-27Efd6Fdd512,2005,2000.0,68789.0,Manual,Hybrid,Sedan,Faisalabad
9C072E6D-508C-4B86-B993-9De3A8892292,2014,1000.0,64572.0,Automatic,Hybrid,Sedan,Rawalpindi
9E017507-Afac-4Ce2-90Eb-51Cf332146Fd,2018,1300.0,280354.0,Manual,Hybrid,Sedan,Lahore
25B48F9B-521A-460D-Bad0-D3C3750Ff516,2018,800.0,25289.0,Manual,Diesel,Coupe,Rawalpindi
C6864D38-4Fa3-45A9-Be9C-2C1Ea0C7B3Cd,2001,1800.0,176706.5,Automatic,Hybrid,Suv,Karachi
A42416Fa-Cb66-4301-B812-218Faf347C8A,2020,2000.0,330464.0,Manual,Diesel,Coupe,Lahore
Fda51Bbd-Be8E-43F6-9C75-E1Be9Aaf33Dc,2019,1800.0,176706.5,Manual,Diesel,Sedan,Faisalabad
C9C4D1B4-0945-4Db9-B61B-B2Bc2Dd710Ff,2026,1800.0,61726.0,Automatic,Petrol,Sedan,Rawalpindi
622E3B8A-43C6-4D3B-A944-A5Cfe6E0B751,2004,1800.0,104726.0,Automatic,Hybrid,Suv,Islamabad
8269B8C3-6E7A-4286-Ad8F-310D3Accc854,2020,1500.0,154849.0,Manual,Petrol,Coupe,Karachi
D322B5Ff-E040-417F-A9Ef-Ba2C80Ea4Cfd,2020,1500.0,173331.0,Manual,Petrol,Sedan,Lahore
738D04De-Be19-4D6D-9C9A-6904E3A0F14A,2001,1800.0,259052.0,Manual,Petrol,Sedan,Lahore
07174Bab-6Ab2-4A1B-9Cea-2616E0E912E5,2006,2000.0,121194.0,Automatic,Diesel,Hatchback,Rawalpindi
Db5B4997-3646-49B6-A1F5-36Afc8F17A54,1999,800.0,91594.0,Manual,Diesel,Hatchback,Islamabad
C96A3Fe0-Bbb3-4Fd6-Aa99-7F3B80Af2Eb3,2011,2000.0,60765.0,Manual,Petrol,Sedan,Karachi
F4C9C1C7-C2B9-4Cf7-B1D4-B2D9D2A4592A,2019,2000.0,89397.0,Automatic,Diesel,Coupe,Faisalabad
1Ed6E702-0155-48E7-Bba1-845C79F03204,2006,2000.0,48733.0,Automatic,Diesel,Suv,Lahore
1Ed1A703-E0D0-4E6A-A3E8-892754910800,2010,1500.0,239357.0,Automatic,Diesel,Coupe,Rawalpindi
Bceb8562-D350-43A3-Aefb-6D1Acab7A2De,2018,1000.0,176706.5,Manual,Hybrid,Sedan,Karachi
0B23Dd3F-265C-4Be1-Adb2-E026F68010Af,2001,1500.0,309723.0,Automatic,Hybrid,Coupe,Karachi
6340820A-6B9B-40Ab-B9B7-94Bb9370E8A8,2017,1500.0,188009.0,Manual,Hybrid,Suv,Rawalpindi
57356B37-Cf7C-4Fd3-904A-8Bcc31A32F12,2013,800.0,215631.0,Automatic,Petrol,Sedan,Islamabad
2105B014-Ec90-47Ad-85C1-0Ea8B5D2F093,2018,1300.0,176706.5,Manual,Hybrid,Hatchback,Faisalabad
842363B2-3C03-40A8-811D-72C8D3Db0154,2014,2000.0,324135.0,Manual,Diesel,Suv,Rawalpindi
C1C30372-Bf00-4391-8Bea-860F81Fe480F,2009,2000.0,336280.0,Automatic,Petrol,Sedan,Lahore
F60D2604-D1Df-47F5-A4A8-D79141781Aa0,2018,1000.0,265063.0,Automatic,Diesel,Suv,Lahore
94E8E1A0-1Ad3-4D54-Bb74-2E664Ff89Afa,2022,1500.0,176706.5,Manual,Diesel,Hatchback,Lahore
533Bff47-C6Ed-4669-8Fde-5991016C2482,2014,1000.0,288618.0,Automatic,Diesel,Suv,Lahore
9534C79D-4Efe-4E1A-Adc6-327404Ee80Ff,2012,1500.0,300435.0,Automatic,Petrol,Coupe,Rawalpindi
986B1542-5E46-4760-B038-52B1C27E22F0,2008,800.0,260766.0,Manual,Petrol,Coupe,Rawalpindi
89Dce297-Ac2B-405F-Bbbf-A44A0031D86C,1999,1800.0,287885.0,Manual,Petrol,Hatchback,Faisalabad
Cdb52F01-Ef65-44F3-B89B-2537Bad3C2Be,2015,1000.0,343196.0,Automatic,Diesel,Hatchback,Lahore
C17Ca081-6607-47Cc-9B10-03Cddef3F60C,2024,1000.0,238267.0,Automatic,Hybrid,Coupe,Islamabad
9A4F5F26-4D7F-4800-8Fbb-D7B6B58983B5,2020,1500.0,59781.0,Manual,Hybrid,Suv,Lahore
1Cb98F6A-1772-47D3-866D-F496A18B600D,2008,1300.0,332220.0,Automatic,Hybrid,Hatchback,Lahore
E7356Bb0-F2Ac-4773-Ad2C-C9B47C9E5D83,1999,1000.0,258171.0,Manual,Hybrid,Coupe,Lahore
9590C689-4473-448A-B767-2C835992225E,2006,1800.0,102719.0,Manual,Petrol,Coupe,Karachi
8Cdb84A0-C724-4835-9377-52B8C5970E32,2012,1000.0,177174.0,Manual,Diesel,Sedan,Faisalabad
B4A526C1-3D52-4Be6-A2Eb-C4Ac25Fa3848,2001,1500.0,239802.0,Manual,Diesel,Sedan,Faisalabad
88A0Cb32-68D9-4Fed-8Ecd-8Eec642Ccfa2,2021,800.0,290049.0,Automatic,Hybrid,Coupe,Faisalabad
Cfdf8950-3F4D-4Ee1-8F2F-3F6Aa19Fff82,2022,1000.0,176706.5,Manual,Hybrid,Suv,Lahore
67Ca24Da-D92D-4B43-957A-D62E88422F1C,2010,2000.0,314859.0,Automatic,Hybrid,Coupe,Rawalpindi
Efe8C4A6-Fb5B-4Af7-9E0D-5882C0747Ed7,2017,2000.0,130148.0,Manual,Diesel,Hatchback,Islamabad
50F69Caf-E4D5-467C-99A3-B23375Ec41Ae,2012,1000.0,72446.0,Automatic,Hybrid,Hatchback,Faisalabad
50Aeb50C-2302-4B68-Aa62-E2364F2F0Ab4,2008,2000.0,290236.0,Manual,Petrol,Suv,Faisalabad
1F384E1D-B42B-42Ae-Ac85-7Faa6Eabd1Dc,2020,1300.0,181033.0,Manual,Hybrid,Suv,Faisalabad
8F7976F0-265A-49Cd-B102-F5251A81F8C9,2015,2000.0,333907.0,Automatic,Hybrid,Sedan,Islamabad
A765866D-Ae85-455D-93C2-653Dfaa3Ddc6,2015,1500.0,305558.0,Automatic,Hybrid,Hatchback,Rawalpindi
4F5D4816-E522-4A0A-9856-23Eb0B94E0B9,2023,800.0,274061.0,Manual,Petrol,Coupe,Karachi
E6A8398F-42B5-4558-95F2-6Bf3D23De0Df,1999,2000.0,29677.0,Manual,Diesel,Suv,Islamabad
5C37E6E9-B680-4C46-999C-E63Fb122Fe66,2019,1300.0,76770.0,Manual,Hybrid,Hatchback,Karachi
477A988F-6416-454E-A614-04F4785789D3,2022,1800.0,16937.0,Automatic,Diesel,Sedan,Faisalabad
1346160A-818B-4406-84Bb-B91319D12Bf7,2019,2000.0,294589.0,Manual,Hybrid,Coupe,Karachi
Bf1B637F-Baa2-40E5-Aefc-5C0508B4364B,2014,2000.0,150805.0,Manual,Diesel,Coupe,Rawalpindi
E8F020D4-7Cf8-4Cfb-Beda-Dc2C5Cbcb954,2023,2000.0,163920.0,Manual,Petrol,Hatchback,Karachi
Bd5D7847-5Ac2-4168-B03C-62Ef18D1B128,2017,1500.0,118252.0,Automatic,Hybrid,Suv,Karachi
B57Eb2C3-De86-4125-B55F-Bf7733E7Fcd3,2007,1500.0,93022.0,Manual,Petrol,Suv,Faisalabad
718763C0-5116-430B-Ace0-78Be9E930729,2001,1500.0,21304.0,Automatic,Diesel,Hatchback,Karachi
F1Dbce25-Fbaf-4236-Ba99-D74D8D0B0712,2003,1800.0,176706.5,Manual,Diesel,Coupe,Karachi
D84Da002-Ee7E-4342-8Ad0-F45691953A05,1999,1000.0,169151.0,Manual,Hybrid,Hatchback,Rawalpindi
B16F61F3-27Fe-4278-A754-A187Fd83Aa80,2023,1800.0,288442.0,Automatic,Petrol,Hatchback,Faisalabad
8381F6C4-F8De-4A18-A742-682C5E51Ef4A,2005,1000.0,272947.0,Manual,Hybrid,Suv,Rawalpindi
339821E0-624F-440A-82Ab-Ec240Ad93Eaa,2015,1800.0,211506.0,Manual,Diesel,Suv,Karachi
807C955C-65Ba-487F-Bfd4-1F7Fdf6Fa56B,2019,1300.0,173574.0,Automatic,Diesel,Suv,Faisalabad
1A191017-Ce1B-41B2-99B9-587759C311Db,2014,1500.0,294301.0,Manual,Petrol,Hatchback,Rawalpindi
9Eff3C74-Ef27-4434-Acb1-26D26A9943A1,2005,2000.0,321756.0,Manual,Petrol,Hatchback,Rawalpindi
D90428C5-3F5E-4817-Ac85-806B59B2Dc7A,2023,800.0,202310.0,Automatic,Hybrid,Hatchback,Lahore
635968Da-70E3-4331-9333-93A243Ba90Dd,2014,1300.0,269646.0,Automatic,Diesel,Sedan,Islamabad
Ff3679Ff-D01F-4E77-8Cda-A436325758F1,2018,1000.0,167936.0,Manual,Petrol,Suv,Faisalabad
B7952Cf4-4928-44C0-9044-F5C250598Ef8,2015,800.0,328693.0,Manual,Petrol,Suv,Rawalpindi
1884B440-Acd8-4A3C-Ae60-E710A8470402,2024,800.0,107782.0,Automatic,Hybrid,Sedan,Karachi
1Deb4Dc3-C5F3-4B10-9Bdf-613A3266284C,1998,1500.0,176706.5,Manual,Petrol,Sedan,Lahore
B7975E10-92F5-482F-A610-1E8839B8Fbd1,2003,1300.0,292596.0,Manual,Hybrid,Suv,Islamabad
C143486B-Ab31-42F4-9879-B048A4A6Ac71,2011,1500.0,236519.0,Automatic,Diesel,Hatchback,Lahore
6C50A359-3Ee2-4C57-880E-E9B8C1A88D6E,2010,2000.0,62026.0,Manual,Hybrid,Sedan,Faisalabad
577Cff52-713A-4417-93Cc-7F72645F5691,1999,2000.0,38057.0,Automatic,Hybrid,Sedan,Islamabad
14F55066-7704-4483-845C-F3E21Caaef7F,2023,2000.0,157994.0,Manual,Diesel,Coupe,Rawalpindi
114Ce6Bf-C2C3-426A-Adc7-Aee0951Dd0C4,2010,2000.0,16158.0,Automatic,Petrol,Suv,Karachi
3662Be47-153D-49C3-8Bec-Bab01975Da69,2021,1500.0,286116.0,Automatic,Hybrid,Suv,Islamabad
9Fbe4Fc1-9505-4F62-Bedc-A79D2C42D19A,2019,2000.0,339707.0,Automatic,Petrol,Suv,Lahore
9A6406E2-D62D-4C1F-805D-023C5Ce9B932,1999,800.0,300269.0,Automatic,Hybrid,Sedan,Islamabad
531Ecaf7-1D41-4Fd8-9Dfc-C046C1034017,2004,2000.0,180277.0,Manual,Diesel,Suv,Karachi
Cb2A346A-013D-46D8-9Cbf-01548A838422,2003,1000.0,323425.0,Automatic,Petrol,Sedan,Karachi
768865C9-B785-431C-Ae4D-Aad9E768B13C,2019,1800.0,28515.0,Automatic,Hybrid,Sedan,Islamabad
Ed99E077-03Ae-4609-Bce5-0B6332D40E63,2019,800.0,176706.5,Manual,Petrol,Coupe,Islamabad
D01F2Bee-502C-4A2C-Bc53-2D145F96Ebef,2026,1000.0,343656.0,Manual,Petrol,Hatchback,Faisalabad
6A02100A-5760-46Ff-B704-610D938Fe7De,2000,1000.0,166611.0,Automatic,Diesel,Hatchback,Faisalabad
6128A841-201D-40E7-8667-F10Bf9B1C824,2019,1300.0,306273.0,Manual,Hybrid,Hatchback,Islamabad
15Fa6Ce5-8919-49E4-8C11-51F9D8Dbea54,2011,1000.0,2533.0,Automatic,Petrol,Suv,Rawalpindi
E19A2829-Bd68-4592-Be28-49367Ca7C227,2006,1300.0,70414.0,Automatic,Diesel,Coupe,Rawalpindi
D8258C9E-1Cb3-4Dd1-8372-546F702B1Ded,2009,1300.0,255313.0,Manual,Petrol,Sedan,Islamabad
125779B7-F10A-4051-B64D-0Aa392C368C6,2024,1000.0,282390.0,Manual,Diesel,Sedan,Lahore
C4835D67-F904-4C22-984B-2B22F6Bce293,1998,1800.0,331154.0,Manual,Hybrid,Coupe,Faisalabad
64Ba6485-6Ee3-46Be-A217-5E9080E1B4B3,2004,800.0,289194.0,Automatic,Hybrid,Coupe,Karachi
C699Da29-Fcf4-4C52-9154-46E393E0Bb5A,2009,1500.0,176706.5,Automatic,Petrol,Coupe,Faisalabad
0765Eafe-2Cab-49B0-815E-0881D50Ca767,2014,800.0,208029.0,Automatic,Hybrid,Sedan,Karachi
7A6F8Fd7-A2F9-4Faa-B0D9-E4213Fe4Bcd4,2023,1800.0,86949.0,Manual,Diesel,Suv,Karachi
12Bab66D-2B6F-4E5F-B132-9E6534670884,2016,1800.0,176706.5,Manual,Hybrid,Coupe,Islamabad
65B0Bd53-36Ad-4929-Ab78-401D4E17Cc71,1999,1000.0,255664.0,Manual,Petrol,Hatchback,Islamabad
98644C74-Cbab-4Caf-A143-51A9Ca8787Df,2026,800.0,108409.0,Automatic,Diesel,Coupe,Rawalpindi
F59C8Fe2-F1C9-4A44-B909-F41C3A3C5Fd8,1999,800.0,340013.0,Automatic,Petrol,Hatchback,Islamabad
6A1E09Ba-77Bc-42Fe-A4C9-D43D677E1B7E,2016,1800.0,298928.0,Manual,Diesel,Coupe,Islamabad
9128B9Ab-588C-44B1-98A0-3A2289C6Fcfa,2016,2000.0,40809.0,Automatic,Diesel,Suv,Faisalabad
2B0E117D-9C35-4B30-8193-899C9634E5Ff,2010,1300.0,180896.0,Automatic,Diesel,Sedan,Faisalabad
09Feff31-C5F6-4674-B320-B3Af30F29932,2002,1500.0,86825.0,Manual,Petrol,Hatchback,Karachi
5Be8F3Ad-F887-440D-A161-A14389Bc8Dcb,2002,1000.0,82500.0,Automatic,Hybrid,Sedan,Karachi
56F26706-B81C-40C1-9F28-E1002F42Dedb,2011,1300.0,59422.0,Automatic,Hybrid,Coupe,Rawalpindi
0938843A-A37B-48B4-891C-8C301Fec8331,2004,1800.0,84539.0,Automatic,Petrol,Suv,Lahore
0Dea5D16-1E40-4066-8337-5608F9Db8153,2002,1800.0,310560.0,Manual,Petrol,Sedan,Faisalabad
8C3D91C8-50Fa-46A2-B31E-44Dcab0D28Bc,2002,800.0,87210.0,Automatic,Petrol,Coupe,Faisalabad
Aaea96F4-B523-4Ada-9289-47D6922D1472,2016,2000.0,9762.0,Automatic,Petrol,Suv,Rawalpindi
7Dbf288A-48Ed-41E4-878B-4283A2Eb2D1C,2017,1500.0,252532.0,Manual,Petrol,Coupe,Faisalabad
A3718Bdf-Bc9B-4C0D-Af4E-1F353756D710,2002,1800.0,95359.0,Automatic,Petrol,Hatchback,Rawalpindi
9F2831B7-469D-46Eb-94F1-Bb07Dbab2A15,2017,1800.0,36093.0,Manual,Diesel,Coupe,Karachi
6A279938-4Ecb-47F7-89Ac-57Ae9D8Deeee,2001,800.0,106088.0,Automatic,Petrol,Sedan,Karachi
82D7Ded3-52Ac-4D09-99Be-8Df10Ed411D0,2013,1800.0,314475.0,Manual,Hybrid,Sedan,Lahore
515Def1A-E062-4Bef-9Db2-E296360098D9,2013,2000.0,68329.0,Manual,Hybrid,Coupe,Faisalabad
E828Bcf4-3E62-4622-9B47-138Cf3D76157,2011,1300.0,22774.0,Automatic,Petrol,Coupe,Rawalpindi
9Acb90F2-1Bcb-4Cbd-81C5-24215Dff8136,2009,1800.0,302053.0,Manual,Diesel,Suv,Islamabad
632422Cb-1A03-4F7C-9751-9A3D1Cda70D6,2013,1000.0,43944.0,Automatic,Hybrid,Coupe,Islamabad
18C974D3-7187-43Ad-Afb6-1936D9F7A19E,2004,800.0,3729.0,Manual,Hybrid,Sedan,Rawalpindi
5B3Ccb58-4927-454A-B1Be-70Ee2Dcbcd61,2018,1000.0,165623.0,Automatic,Diesel,Sedan,Karachi
044Af66E-9Bb9-4Dd5-88D9-B8D02C525F9C,2011,2000.0,306902.0,Automatic,Diesel,Coupe,Faisalabad
A6Bbb398-0A32-4C4F-846A-C449A9Bc7892,2009,1800.0,144473.0,Automatic,Petrol,Coupe,Faisalabad
92A0Fa17-0A81-4C63-8C33-B2A4246Ecc24,2023,1800.0,252952.0,Manual,Diesel,Coupe,Islamabad
Ff6C7Ce9-Cd07-4B2E-95Bd-007A673F44Ec,2007,1800.0,180541.0,Automatic,Hybrid,Suv,Lahore
2246E210-2C23-463E-A06E-39B3410Dd6C0,2021,1000.0,234144.0,Manual,Petrol,Suv,Faisalabad
21155371-A077-4539-Ba21-8Cc8F5Ac19C0,2010,1300.0,288660.0,Manual,Petrol,Coupe,Lahore
478Af59A-5F8C-4E77-8B6E-F866885C446E,2023,800.0,76193.0,Automatic,Hybrid,Coupe,Lahore
Ae96607B-2B85-4B0C-B838-898Fd27Cb85C,2000,1300.0,116271.0,Automatic,Petrol,Sedan,Rawalpindi
8D465Bda-D747-4D5B-A75F-2774A5A2E34B,2026,1800.0,344024.0,Automatic,Hybrid,Sedan,Karachi
207B8E18-1Be9-4Fd6-A92B-D0Eb52Ec843B,2018,1500.0,230147.0,Manual,Petrol,Hatchback,Karachi
100D0D4F-E7B3-42E9-Bf33-71Bb1B4E050C,1999,1800.0,267674.0,Manual,Hybrid,Suv,Lahore
B923999B-5Cca-4E03-Acc6-E33F65513730,2009,1000.0,343418.0,Manual,Petrol,Sedan,Islamabad
0C76630B-6775-4Bee-9453-6D5B1604D40E,2022,1500.0,185140.0,Automatic,Diesel,Suv,Faisalabad
666E9Fb3-0E45-4Eee-9Eee-C5D408D4Ea41,1998,2000.0,35975.0,Manual,Hybrid,Hatchback,Faisalabad
A96Fb149-020E-4D4F-Af73-49B440B36Aaa,2016,1300.0,182177.0,Automatic,Petrol,Suv,Rawalpindi
E24B4599-Af6E-4Dd9-A14E-Baebe724A352,2010,1800.0,2438.0,Automatic,Petrol,Coupe,Faisalabad
7F2D2530-Cee3-4Ae8-8F04-D5F6C677C8Ad,2001,1800.0,37951.0,Automatic,Diesel,Sedan,Faisalabad
85F0E63B-E441-4Bec-94D8-6A5F643Da225,2006,1800.0,301409.0,Automatic,Hybrid,Coupe,Rawalpindi
Fb4A3674-Cb6B-4A6F-A9A1-D3F73C654428,2016,1500.0,127545.0,Automatic,Diesel,Coupe,Faisalabad
B73791F3-8123-418D-Ba3E-6E0D7739379E,1998,1500.0,60958.0,Automatic,Petrol,Coupe,Karachi
Bf91A248-4Cd4-4571-Bdb8-F48Fe391708F,2019,2000.0,120549.0,Automatic,Diesel,Hatchback,Faisalabad
5Da0Aa01-Addf-48Cf-B0Cd-1Eac2117482D,2015,800.0,138071.0,Manual,Diesel,Sedan,Rawalpindi
432Be4Df-F5C6-438A-91D1-1D1C8142498F,2026,2000.0,179302.0,Manual,Hybrid,Suv,Rawalpindi
C5E0F842-22A6-4503-A544-C1A2F6224Ee3,2008,1300.0,114591.0,Automatic,Petrol,Suv,Rawalpindi
9B955915-4B75-4Afa-Bf18-43B21308C47C,2021,1000.0,123134.0,Manual,Diesel,Suv,Karachi
7B8580Ca-Ceaf-4255-935C-B333679792D9,2004,1000.0,324322.0,Automatic,Petrol,Sedan,Lahore
20932122-D2A6-4Cca-85F8-Cdee9634303E,2000,2000.0,347825.0,Automatic,Hybrid,Sedan,Faisalabad
7B0A851F-Aad9-4504-82Ae-6Cc78563C678,1999,1500.0,194613.0,Automatic,Diesel,Hatchback,Rawalpindi
5Bd52Afd-250F-49Be-988F-23C6F03Ccd1B,2003,1800.0,146940.0,Automatic,Petrol,Suv,Lahore
A3D02B6F-0Fa1-43De-95D1-3Df0441Fc402,2014,1500.0,250777.0,Manual,Hybrid,Hatchback,Rawalpindi
2Da67E5D-F948-4827-8Df7-0Cf42Eee2152,2019,1000.0,239702.0,Manual,Hybrid,Coupe,Islamabad
2Acf21E2-0096-41C3-B636-0E14F43Bf834,2020,800.0,6197.0,Manual,Diesel,Sedan,Islamabad
6Fd71482-Ba7D-4D46-B6Bb-B05D138E1A1E,2009,1800.0,136157.0,Manual,Hybrid,Hatchback,Karachi
467E2E3E-7B0F-46A1-Aec7-Edeb812F2960,2006,1500.0,176706.5,Automatic,Diesel,Suv,Rawalpindi
7D65111F-82F1-4A30-9De6-52A50Cd03005,2011,1000.0,219725.0,Automatic,Diesel,Coupe,Islamabad
9C90Dedb-5F62-4Bf9-A84F-5B9615Ed4308,2012,1000.0,299583.0,Manual,Hybrid,Suv,Lahore
Aa0E040F-310B-4Fde-A111-48Bb0D9547C1,2021,1300.0,123629.0,Automatic,Diesel,Suv,Karachi
Cc9Ab44E-063C-404A-8288-57B30934C6E9,2023,2000.0,176706.5,Automatic,Petrol,Suv,Rawalpindi
9E2F67B2-Cc84-41E9-885D-5Cccd74Eaab0,2013,1000.0,330643.0,Automatic,Diesel,Hatchback,Islamabad
F32D9Bdf-Eac7-4155-A950-3C1B70729317,2015,1800.0,25013.0,Automatic,Petrol,Suv,Lahore
3A60C2B3-Ea8A-4964-8765-29Ef9587B471,2004,1300.0,249843.0,Manual,Diesel,Hatchback,Islamabad
5Fc06C84-1Adc-45D5-Aa42-C91Ed4D78Dd5,2009,1300.0,293784.0,Automatic,Diesel,Sedan,Rawalpindi
76D7B988-2165-4B65-8580-F0548C455578,2001,1300.0,317496.0,Manual,Hybrid,Suv,Islamabad
9C3A8D04-0C0D-4422-856F-E2B576E91190,2009,1300.0,267619.0,Automatic,Hybrid,Coupe,Lahore
19Ebce98-Af16-4Ac8-9451-8F9732863Abb,2010,1800.0,150220.0,Automatic,Hybrid,Suv,Karachi
7Cadad23-325A-4582-8C03-928C33851F70,2018,1300.0,221153.0,Automatic,Petrol,Sedan,Karachi
54810656-4Ab4-4825-9Cc8-2628Eba628De,2008,1000.0,164354.0,Automatic,Hybrid,Hatchback,Islamabad
58Fe2486-C454-418F-9Dbd-64Eb0D359683,2017,2000.0,207332.0,Automatic,Diesel,Hatchback,Faisalabad
C429E096-9C07-44E9-9Aea-1Ecc1161F7A8,2014,1500.0,217049.0,Manual,Petrol,Sedan,Karachi
Cefdd381-403D-4Fe4-Bafe-D5099Ee1E191,2021,1000.0,347090.0,Automatic,Hybrid,Sedan,Karachi
7D34132E-Fb32-4F2C-9899-Cceeb89E7489,2003,1500.0,54006.0,Manual,Petrol,Coupe,Faisalabad
48Cadc7D-9F38-44F0-Ba63-13Eadf9Bc01E,1999,800.0,208148.0,Manual,Petrol,Hatchback,Faisalabad
6B8C29B2-49B1-48D6-82B1-Afab5538F294,2002,800.0,343320.0,Automatic,Diesel,Suv,Karachi
878A3379-0013-4B7B-B564-07B28D7E3224,2021,1300.0,176706.5,Manual,Petrol,Suv,Lahore
83Eb4Dc4-7088-48B6-81E3-6Ce2843A479B,1999,2000.0,187087.0,Automatic,Diesel,Coupe,Faisalabad
8D257744-08B0-4Dda-A145-E59Fad9C039C,2006,1800.0,233226.0,Manual,Hybrid,Suv,Faisalabad
Ebb2F211-9293-4237-8327-93Efe4867B66,2017,1500.0,330850.0,Automatic,Hybrid,Hatchback,Islamabad
A20E5676-91D2-4172-Bc36-5Ca565B5770B,2013,1800.0,119080.0,Manual,Diesel,Hatchback,Islamabad
96E43Bdd-A176-4A36-87D7-3Cbaf5Bfb8De,2011,1300.0,81640.0,Automatic,Petrol,Sedan,Faisalabad
0188F2De-9154-4455-8E17-9184Bca0973B,2024,1000.0,176706.5,Automatic,Diesel,Sedan,Rawalpindi
3Ce0974C-122A-4232-852E-32De33C51F65,2022,1500.0,176706.5,Manual,Diesel,Hatchback,Faisalabad
E9Cce47C-E67F-45Ec-A8Ca-E425D99D72B1,2005,800.0,287421.0,Automatic,Petrol,Coupe,Faisalabad
3218Cd45-Acdb-4863-B0B6-53Be97A95565,2011,1500.0,131017.0,Manual,Hybrid,Coupe,Rawalpindi
C29C006E-F79E-4049-9708-Ff1Af0B629F9,2005,1300.0,41528.0,Automatic,Hybrid,Suv,Faisalabad
64E6Ef9C-7E69-4684-9Ea0-3E9594C31B03,2022,1800.0,142535.0,Automatic,Hybrid,Hatchback,Rawalpindi
0Efc05F9-2B53-487A-Bf64-10Dec12A2Fa3,2004,800.0,95633.0,Manual,Diesel,Sedan,Rawalpindi
Be3Ce9A0-546F-4C75-890A-4Ca07E3Ddd65,2017,1500.0,142676.0,Automatic,Petrol,Hatchback,Lahore
Df29294A-3C83-4101-89Ab-9E4A9Ead9221,2002,800.0,280478.0,Manual,Petrol,Sedan,Islamabad
02D2Fee0-F8D2-4529-8A8E-A97788937F73,2006,1000.0,229856.0,Manual,Petrol,Sedan,Karachi
C15A1546-F565-4275-8668-940C19E6Bb62,1998,1500.0,113869.0,Automatic,Diesel,Hatchback,Rawalpindi
38569082-2E3D-42Ee-A136-E8130Eb90983,2009,1500.0,16639.0,Automatic,Petrol,Suv,Lahore
8C7C3Adf-3657-4F40-8A26-F473E21476F7,2006,1500.0,37426.0,Automatic,Petrol,Suv,Islamabad
A0520765-1197-4Ccf-975B-7983Deebc04F,2024,1500.0,6614.0,Manual,Hybrid,Suv,Rawalpindi
5Ce7Eac1-Cd07-4C7F-Bad8-Dfb18Bef4Ebb,2026,1500.0,129584.0,Manual,Petrol,Coupe,Lahore
Ba96Ec71-39F5-4809-A1Fe-6142554969F5,2014,2000.0,176706.5,Automatic,Diesel,Hatchback,Islamabad
Cd116257-01D5-4E8E-9088-Bee0Daa38379,2003,2000.0,22117.0,Manual,Diesel,Coupe,Islamabad
Bc3754B0-88E2-42Ea-A818-F5758B0522C8,2004,1300.0,27308.0,Manual,Petrol,Suv,Rawalpindi
7F7E99B6-D015-4A1C-8903-1190F1E63447,2008,800.0,176706.5,Automatic,Hybrid,Sedan,Rawalpindi
1561A94E-E34E-4C3A-B82F-5D30Ef38D88A,2023,1000.0,4681.0,Manual,Hybrid,Coupe,Faisalabad
05D7D26F-1016-4135-87F6-5E1F32F0Eab7,2002,1300.0,46913.0,Manual,Petrol,Coupe,Lahore
A785E94C-E7B6-4D17-9F61-Ef122Ae41B6C,2019,1800.0,177430.0,Manual,Petrol,Hatchback,Karachi
251Edb3B-Fb67-48Fa-8E3B-C8224Ceeac92,2020,1800.0,56304.0,Manual,Diesel,Suv,Islamabad
C647Fe5C-D1Bd-454D-Be77-01Bf4Ce9452E,2026,2000.0,182094.0,Manual,Hybrid,Suv,Lahore
B743D350-6Ffd-452F-8A15-5336Edd3Ad73,2020,1500.0,187782.0,Manual,Diesel,Sedan,Rawalpindi
C2926F30-Be2A-4Ac7-9712-D3C422718B53,2020,1500.0,293089.0,Automatic,Hybrid,Coupe,Karachi
Ad00C2A4-D4C2-4Ac6-Bf0D-916D12811Be0,2016,1000.0,176706.5,Automatic,Diesel,Coupe,Islamabad
Eaa736F2-Ada1-4D50-96A4-A45B74E8F875,2024,1800.0,290728.0,Manual,Petrol,Suv,Rawalpindi
8875C51C-Ec28-48D1-8Cff-2Dfbc9Df1E17,2007,1300.0,176706.5,Automatic,Diesel,Sedan,Faisalabad
1215418C-0C4B-40E9-A31B-2A999780C442,2010,2000.0,97273.0,Manual,Hybrid,Hatchback,Faisalabad
D90F6648-Adc0-4A0F-815D-6910Add7Bab2,2005,1300.0,33209.0,Automatic,Petrol,Coupe,Faisalabad
669D29D3-B6Fb-4Ec7-97F4-6D62F44Ca001,2002,1800.0,148441.0,Automatic,Diesel,Hatchback,Lahore
75367641-6A68-4D00-983E-16884Bef5Bd6,2001,1800.0,345448.0,Manual,Petrol,Suv,Karachi
776305D9-Fe67-405D-Ba34-0570A7A81Eb8,1999,1000.0,56127.0,Automatic,Petrol,Sedan,Lahore
E7Abf1C6-B3B1-4Fe3-9Ccb-Fbca3275F825,2016,2000.0,203737.0,Automatic,Hybrid,Hatchback,Lahore
06721Aad-5Fe6-494C-A423-F67F07041B00,2009,1000.0,317694.0,Manual,Petrol,Suv,Rawalpindi
91668F90-C7B9-427D-A794-5F95D9D3Beef,2024,800.0,245397.0,Manual,Diesel,Coupe,Islamabad
Af71Ec96-70B4-45F5-B9C0-227F02415071,2023,2000.0,30566.0,Automatic,Hybrid,Sedan,Lahore
B7929215-0B94-4980-Abc6-8971Ed93C22E,2024,1300.0,40860.0,Manual,Hybrid,Sedan,Lahore
0474E601-31D0-41F1-9D6E-51Dd8B52D477,2021,1000.0,278743.0,Automatic,Petrol,Suv,Faisalabad
B45F8372-0B06-4E68-A9D4-C972A43Ca29A,2019,1000.0,298858.0,Manual,Hybrid,Coupe,Lahore
8226Ccc0-826B-4B2F-A0Ce-940267B1932F,2022,2000.0,302285.0,Automatic,Hybrid,Coupe,Rawalpindi
0Eb2A134-83Ad-41E5-9Dc2-1B00Acd9Ced7,2001,1000.0,94579.0,Automatic,Hybrid,Hatchback,Karachi
944223Ff-7987-4A2A-99Ff-Bca64E85Fe41,2015,1800.0,232265.0,Automatic,Diesel,Hatchback,Islamabad
9Ac62Ed9-Bf97-48Df-B1Ac-B53C94C86D21,2011,2000.0,225752.0,Automatic,Hybrid,Suv,Faisalabad
13C1E1Aa-D395-4E51-Af07-5Cd5Fc02A7Ff,2015,1000.0,196641.0,Automatic,Diesel,Coupe,Rawalpindi
56B23643-1578-436F-B7C5-F832D3698563,2010,800.0,18173.0,Automatic,Hybrid,Sedan,Faisalabad
Fbdb660D-2B9D-423C-B535-95F22720E56B,2002,1300.0,3443.0,Automatic,Petrol,Suv,Islamabad
F4411Dea-9Fef-4Ff8-A7F4-5Fba1Ca77910,1998,2000.0,144681.0,Manual,Petrol,Sedan,Rawalpindi
B9815Fcd-0F99-40Cd-8A96-026F0Ac44534,2009,1000.0,72565.0,Automatic,Diesel,Suv,Karachi
9C9Ea62B-8Ab7-417E-89Fc-983E8Cc57Fdf,2006,1300.0,48184.0,Automatic,Hybrid,Suv,Lahore
5Bf26Eec-4D23-4887-Bde0-7A2F77007D9E,2021,1300.0,252986.0,Manual,Diesel,Sedan,Faisalabad
218A044C-02Ca-41A2-Ac42-Ca589B8Cccb1,2018,1300.0,19593.0,Automatic,Petrol,Sedan,Islamabad
Cf74A4E1-C910-4F7F-Ab34-9D564Bcd7920,2009,1500.0,218377.0,Manual,Petrol,Sedan,Rawalpindi
88B88F91-E987-44D4-A3C7-D10Dc31Ad7Ac,1999,1300.0,274927.0,Manual,Diesel,Suv,Islamabad
7B9D6Ddc-Afc9-443A-9C65-B496E71D5Aff,2014,2000.0,115761.0,Manual,Petrol,Coupe,Rawalpindi
2339F2D4-Da84-43D9-873C-A55F666A1Bfb,2022,1800.0,301599.0,Manual,Petrol,Coupe,Islamabad
56714060-982F-4B21-9B56-Ad0F9D0228B6,2023,1500.0,77601.0,Manual,Diesel,Sedan,Rawalpindi
5E74Dbff-8A2D-4D98-Aa3E-0D15E27D0F97,2016,2000.0,25853.0,Automatic,Diesel,Sedan,Rawalpindi
D929883E-147F-423C-A085-25Adeb40B715,2014,1500.0,68354.0,Manual,Diesel,Suv,Rawalpindi
Cb5838B2-C195-4E9C-Aea8-Ad714Cc1Ff56,2010,2000.0,299541.0,Manual,Hybrid,Suv,Karachi
62C538D9-13Bb-4Bdb-A0Df-Fbf5B57D12Ba,2000,1300.0,225478.0,Automatic,Hybrid,Sedan,Lahore
Aa8479Fb-F9A5-4A59-8Cc8-378D4499F85D,2019,1500.0,222057.0,Automatic,Diesel,Suv,Islamabad
F20Ceb8B-2Ca0-4704-86F1-9Ff07Bbd3089,2009,1800.0,343623.0,Manual,Diesel,Suv,Islamabad
3253Fe13-6F39-4770-9E37-B9F201218573,2017,1500.0,326726.0,Manual,Diesel,Sedan,Karachi
7737Aaa4-14D4-4B51-Bee1-5023D6203Eb7,2004,2000.0,195989.0,Manual,Hybrid,Sedan,Lahore
A6C65C4C-01E7-42D7-Bae1-2A9879A92388,2021,800.0,127427.0,Manual,Diesel,Sedan,Islamabad
9Ffc5846-2605-4A3E-A371-Cb735D1Be12C,2020,800.0,159969.0,Automatic,Diesel,Sedan,Islamabad
A09D7691-Ca89-4910-A499-Db3051894Dae,2004,2000.0,282069.0,Manual,Petrol,Hatchback,Faisalabad
Bfa96C4E-22A8-40Ed-9429-0Ff8812167Df,2013,1800.0,74106.0,Manual,Diesel,Sedan,Islamabad
D86E25Bf-4188-44C9-815A-Fd144C7Bfa95,2003,800.0,148904.0,Manual,Hybrid,Hatchback,Lahore
A3Fff042-9Cef-4A41-9479-B8D4F3521818,2012,2000.0,176706.5,Manual,Diesel,Hatchback,Islamabad
D1B33C7C-7079-46Fb-8B5A-57C6D2Cceaaf,2001,800.0,153351.0,Automatic,Petrol,Coupe,Faisalabad
B25B164F-Caeb-4Ad3-8D1A-4469404953C4,2020,800.0,165389.0,Automatic,Hybrid,Sedan,Karachi
15C33Fc0-2A47-4D5D-9D11-C540A3E62227,2004,1800.0,240116.0,Manual,Petrol,Suv,Faisalabad
8733A7A4-Ea56-45B5-8Ec2-483B2Eba9C5D,2007,1300.0,256865.0,Automatic,Hybrid,Suv,Lahore
0156E912-7Fbe-47F1-A28F-Ad805C63A79B,2009,2000.0,184503.0,Automatic,Hybrid,Hatchback,Karachi
571A2F16-565F-4232-Aa6F-5421489Bcdd7,2026,1300.0,32510.0,Automatic,Diesel,Sedan,Faisalabad
Dfdcd6F2-1D0B-46Fc-8D72-35465Abecff3,2006,1000.0,79538.0,Automatic,Diesel,Suv,Lahore
07F440B0-6247-4F1F-8842-49857D556A3C,2021,1500.0,176706.5,Manual,Diesel,Suv,Faisalabad
Cb30Ad7A-Dad0-49E6-Beb6-6Cd3992Cdc2D,2002,1500.0,176706.5,Automatic,Diesel,Suv,Karachi
Ee26A89E-6007-460B-A0Ca-448Ba53F30Fb,2018,1000.0,304627.0,Manual,Petrol,Hatchback,Faisalabad
92A48997-A63A-4B98-Ad08-4636992E6A0F,2002,1500.0,76101.0,Manual,Diesel,Sedan,Faisalabad
97Ca6F06-03A9-4D36-81E7-7A7C4Df49525,2015,2000.0,62069.0,Manual,Diesel,Suv,Lahore
F390Fdad-4E31-467D-8C28-Cdb9B5E3D576,2022,1300.0,217076.0,Automatic,Diesel,Coupe,Islamabad
510334Ef-02E5-498F-Ac60-23164C54482B,2002,1000.0,55978.0,Manual,Petrol,Sedan,Faisalabad
16Ac7E92-272B-45Ef-99A2-D5465C29644A,2017,1300.0,317511.0,Manual,Hybrid,Suv,Karachi
73D66458-B4F3-47Ce-B891-21E6F70E3Efe,2019,800.0,188356.0,Manual,Hybrid,Coupe,Karachi
2B2269Ac-3963-48Cb-8309-02A04Ce0Cb7D,2014,1800.0,245767.0,Automatic,Petrol,Coupe,Rawalpindi
Cbfde0C4-1C3D-4Cc6-88Fc-E8Adf6E151Ab,2013,1000.0,85871.0,Manual,Petrol,Sedan,Rawalpindi
53575B21-9Bdb-42A8-81F2-B047Aefcd534,2022,800.0,141483.0,Automatic,Petrol,Suv,Karachi
Ef3A1564-7B14-47Df-B366-8Ee30Bee308F,2000,1000.0,230311.0,Automatic,Hybrid,Hatchback,Rawalpindi
85571B24-E64C-4279-968E-96Fde538C12E,2005,1500.0,212266.0,Manual,Hybrid,Coupe,Islamabad
103Cc254-19B7-4Fa7-Aaec-6C790B00852B,2010,1800.0,299858.0,Manual,Hybrid,Sedan,Rawalpindi
B469C3C0-3096-44D7-B3B0-61F8B5Bb3B86,2012,800.0,128828.0,Automatic,Hybrid,Sedan,Faisalabad
274Bb7Cc-3828-40D0-Be34-Cc69753E1897,2010,1800.0,330641.0,Manual,Petrol,Hatchback,Rawalpindi
B8A5A47E-0575-4Ae6-955C-1C64A1B64A0E,2010,1300.0,149901.0,Automatic,Petrol,Coupe,Islamabad
327E0E85-68Bd-48Db-A1A2-A8Fcc5985765,2017,800.0,271040.0,Manual,Diesel,Coupe,Lahore
Adcaf75D-1F48-4596-9A56-24Ab1374F505,2021,1800.0,59334.0,Manual,Hybrid,Suv,Rawalpindi
7595D78A-030D-42B8-86F3-34190Fefaf2F,2011,1300.0,176706.5,Manual,Petrol,Coupe,Faisalabad
602481C0-E66A-4Bfe-A134-454Da27D5517,2020,1000.0,238384.0,Manual,Diesel,Hatchback,Karachi
966Ef382-041B-498D-Ad2F-5E76Acb45499,2020,2000.0,64772.0,Manual,Petrol,Coupe,Islamabad
5Ab32D0C-8091-4A49-Bee5-642Ce5620211,2000,1800.0,176706.5,Manual,Diesel,Coupe,Lahore
D5C2D411-6C0D-4E64-877E-7F5F0C8A0F28,2022,1000.0,175737.0,Manual,Petrol,Suv,Karachi
30847224-E90D-4Ddd-808B-97F39398F168,2022,2000.0,26901.0,Automatic,Diesel,Hatchback,Rawalpindi
B78D9F82-67C8-4D3C-Bb00-7A68C01F89B5,2007,2000.0,94736.0,Manual,Petrol,Suv,Lahore
Eb3C9Ef4-F097-44B4-A923-D61Cd696Bd00,2017,1300.0,6400.0,Automatic,Diesel,Coupe,Faisalabad
E18C64F2-2704-4C2F-Bbeb-Cf634B6E2E36,2023,800.0,318758.0,Automatic,Petrol,Suv,Faisalabad
2B4B294D-8Dbc-4086-B56C-7A5B8A208203,2019,1500.0,237889.0,Automatic,Diesel,Sedan,Faisalabad
C0A0D4Dd-8A56-4396-B23A-042B718Cea24,2017,800.0,128300.0,Automatic,Hybrid,Suv,Lahore
D4F287A5-0849-44B4-8164-C2Eeac0Cc7Ad,2003,1000.0,28869.0,Automatic,Petrol,Suv,Lahore
Acca46D8-24Bd-45F7-9Eb8-66B240069198,2019,1800.0,316295.0,Automatic,Diesel,Sedan,Lahore
3F23Eccd-50D3-451C-Ac83-3Fe3Ffdf08C5,2001,1500.0,93453.0,Manual,Hybrid,Hatchback,Faisalabad
15000387-6Db9-46C0-A80F-B4F4Ac713169,2019,2000.0,311935.0,Manual,Diesel,Hatchback,Lahore
4Ad445A5-Fdda-4Cd0-8187-18Cf35E9526F,2000,1300.0,169251.0,Automatic,Diesel,Sedan,Rawalpindi
7Af28D16-2B92-46A8-Acee-Eb99E9Eeb413,2024,1800.0,34039.0,Automatic,Diesel,Suv,Lahore
C0716Cfd-4919-4E0E-83C2-456C83E52Ed6,2020,1300.0,172600.0,Automatic,Hybrid,Suv,Karachi
8B46Feee-Bf2C-42B9-8D31-F451E6907F28,2017,800.0,57305.0,Manual,Diesel,Hatchback,Rawalpindi
Ef2B5715-8416-4Cd2-B85A-3B5950Fe16F8,2017,1300.0,136136.0,Automatic,Petrol,Coupe,Faisalabad
342Eff78-C4Ce-4A36-Aeb2-C6Db307A706F,2021,2000.0,260959.0,Automatic,Petrol,Suv,Islamabad
4Ba90C97-7088-49Ca-827F-5E2E3F1959Ab,2004,800.0,61974.0,Manual,Diesel,Sedan,Karachi
735C7E4C-Ffe2-4E61-B86C-F61A84063Ad1,2023,1800.0,217386.0,Automatic,Petrol,Hatchback,Islamabad
453191Ee-0A09-4D7C-8A37-25Dbe6Aecc5D,2015,2000.0,111326.0,Manual,Hybrid,Suv,Islamabad
6F9032Fa-8F32-4Fb9-9Aab-2F37F594Ed34,2006,800.0,161361.0,Automatic,Hybrid,Hatchback,Lahore
92F469A9-Ec65-4033-A763-664Bec452378,2001,2000.0,174736.0,Automatic,Diesel,Sedan,Karachi
5874500A-79Ec-4Ee9-8C62-17962E1869E9,2004,1300.0,177176.0,Automatic,Diesel,Sedan,Karachi
Ef70Fe67-Cac7-46A9-A097-C8991D469922,2013,1000.0,328833.0,Automatic,Hybrid,Hatchback,Rawalpindi
Bebd3Ab7-7B76-4631-B445-88Cd1006E214,2023,1500.0,29371.0,Automatic,Hybrid,Hatchback,Faisalabad
7F517C93-E391-4C99-8457-027Ebb4576Cb,2015,800.0,109189.0,Automatic,Diesel,Sedan,Karachi
07479A5F-A0F1-46A5-B997-F7Acc9A75824,2006,800.0,177813.0,Automatic,Hybrid,Suv,Faisalabad
5Ad0B805-B8D5-4311-87D8-4675C8F27990,2017,1500.0,98240.0,Manual,Diesel,Hatchback,Lahore
365Fe9Df-B240-49Ff-A8Aa-23F8E3C230Ee,2006,1500.0,45507.0,Automatic,Petrol,Hatchback,Rawalpindi
Ac4Bf07A-B140-4Bb3-8A9F-787A62A41F2B,2024,1300.0,113319.0,Automatic,Petrol,Sedan,Islamabad
De0B3142-D1E8-4D0F-B76E-49B14E974554,2023,800.0,105957.0,Manual,Diesel,Sedan,Rawalpindi
23Ee0850-B924-44A9-9431-52C01F2282D3,2014,1000.0,99725.0,Automatic,Diesel,Hatchback,Islamabad
31255D24-D389-48F5-9E9F-8A544162F768,2002,800.0,270609.0,Manual,Petrol,Sedan,Rawalpindi
F238D891-Ee30-4634-Bf17-9D52837Dd04F,2010,2000.0,273859.0,Manual,Petrol,Hatchback,Lahore
749E0572-4D3B-4D33-B49B-6Eace536F3C6,2019,1800.0,45652.0,Automatic,Diesel,Sedan,Lahore
623A533D-Ad28-41B0-80C5-19A3E0Fd0D96,2014,2000.0,163829.0,Manual,Hybrid,Hatchback,Karachi
7E220B44-B284-4E32-86D0-C6321Dada5A4,2008,1000.0,100949.0,Automatic,Diesel,Hatchback,Rawalpindi
54D42B20-5A3A-4D6D-Afe9-5Fa084E90346,2019,800.0,142949.0,Manual,Petrol,Hatchback,Lahore
93E757D3-6290-4Ebe-89Da-39601Ac46B41,1998,1800.0,293405.0,Manual,Petrol,Hatchback,Faisalabad
08F1A15F-58A0-404F-B2D2-A3E8Cb31491A,2008,1300.0,74216.0,Automatic,Hybrid,Suv,Karachi
46Dbc1B1-B8B0-4711-990A-Ea456F92059B,2000,1300.0,321526.0,Automatic,Hybrid,Coupe,Lahore
556B018E-5190-403E-A665-Ea47Cd692C96,2002,800.0,246801.0,Manual,Petrol,Coupe,Lahore
601Eb692-Ca29-4Ceb-95F7-F8F589C9B104,2000,1500.0,205477.0,Manual,Hybrid,Coupe,Faisalabad
E000475F-5B44-43E8-A002-70708Ac0021D,2009,1300.0,174237.0,Manual,Hybrid,Sedan,Rawalpindi
De80A0F3-654C-4A6E-A1Bd-C5689Bc94932,2016,1000.0,176706.5,Automatic,Petrol,Coupe,Islamabad
9E547Ef8-Bda6-4772-9260-5E5F51B4A29B,2019,2000.0,244001.0,Automatic,Petrol,Suv,Karachi
1D570Fd8-F7Af-46Db-8702-Bb18009428D0,2017,1300.0,190552.0,Automatic,Petrol,Hatchback,Islamabad
Ec62E1C9-C0B3-4F0C-Bd9C-36C9Ece1F2B4,2012,1500.0,15867.0,Manual,Diesel,Sedan,Islamabad
9E10Db47-286E-4Df5-958B-Af0Ba35781C3,2013,1500.0,176706.5,Automatic,Diesel,Suv,Faisalabad
2Af85280-9345-47Be-B4Db-2Ab75Ff5B9B9,2001,1500.0,56089.0,Automatic,Hybrid,Sedan,Islamabad
4A2Eba3E-Bffc-4Db9-Bbb2-2B84Bdd76821,2015,1500.0,210143.0,Automatic,Petrol,Suv,Faisalabad
42311D62-976C-4Bfe-92F6-F4Bc2D1Fe0Ee,2003,1500.0,201230.0,Manual,Diesel,Suv,Faisalabad
F1Ea2D7B-354D-4C04-B7D9-6Edf5Fa13B63,2011,1500.0,297382.0,Automatic,Hybrid,Suv,Karachi
09973675-C932-40E6-983D-357Fd3Fc4A9A,2019,2000.0,40839.0,Automatic,Petrol,Coupe,Islamabad
C79344Dc-Ed50-43B0-A361-5Ea63Ada99Fa,2015,800.0,176706.5,Manual,Diesel,Coupe,Lahore
73F3843A-30Bf-40Ac-94A0-41A47062C4A5,2017,800.0,312688.0,Automatic,Diesel,Coupe,Lahore
B2586Afa-011E-4Ab2-A35C-D4Ff6639A0F0,2000,1000.0,72832.0,Manual,Petrol,Suv,Rawalpindi
173D2A4D-5Fc1-4B10-988E-1A6302A8Dec2,2015,1300.0,204463.0,Manual,Petrol,Suv,Islamabad
7D144409-E9B9-469A-Bac1-348B35Cf263A,2007,1800.0,159671.0,Automatic,Hybrid,Hatchback,Lahore
Ac0D8786-762E-4C9A-8E7B-56F13F7F61A6,2016,800.0,320597.0,Automatic,Petrol,Hatchback,Lahore
D4F2D473-Acf1-4D41-9802-Ddad2F5Dbf0B,2009,1800.0,27854.0,Manual,Hybrid,Hatchback,Lahore
1140288A-092C-4Ba4-93Af-Dc05De920F05,2007,800.0,123334.0,Automatic,Hybrid,Coupe,Islamabad
81D8D05A-6Eeb-43Ef-B504-46Fc1F2Ae7Ff,2020,1500.0,212878.0,Automatic,Diesel,Suv,Karachi
666A7C21-6923-4633-Be3A-970A5Afa32B4,2013,1000.0,98685.0,Automatic,Diesel,Coupe,Karachi
Facadbc8-D479-4Fda-B75C-D6Cc274835F6,2007,2000.0,65823.0,Manual,Petrol,Sedan,Lahore
2E500Ff3-F5C9-4363-Af40-Eb2E67223E67,2002,2000.0,255171.0,Automatic,Petrol,Sedan,Karachi
Fd54524E-10E2-40C1-Bf8C-4C33215Ab0B4,2018,1500.0,239090.0,Automatic,Hybrid,Suv,Rawalpindi
5Eb15B70-C4B3-453F-Adf5-366Af931A1A5,2014,1500.0,289433.0,Automatic,Diesel,Hatchback,Karachi
Ffecb4Bd-27A5-4D7C-8Fee-24F0038E140E,2003,1500.0,316970.0,Manual,Hybrid,Coupe,Karachi
F78E5563-65C6-4B96-Bc71-7C73B2Df0217,2020,1800.0,176706.5,Automatic,Hybrid,Hatchback,Lahore
B6F168Eb-3844-413C-885D-Fc2894B0A2C4,1999,1800.0,253371.0,Automatic,Petrol,Coupe,Lahore
6Fd79457-6877-48F8-8025-A41518552A8E,2002,2000.0,275989.0,Automatic,Diesel,Sedan,Faisalabad
2Dcbaeb2-B95B-4B6C-Bfaa-7A2446A63804,2017,800.0,176706.5,Automatic,Hybrid,Sedan,Faisalabad
1E4755B2-Ebce-4Adc-Bcfc-Cee5D4F5Bb0F,2023,1800.0,163839.0,Manual,Diesel,Sedan,Rawalpindi
46D889D0-08Ae-4295-869C-07698Fad57B1,2012,1800.0,246012.0,Automatic,Diesel,Hatchback,Islamabad
Ff4E3Ae1-C24D-455A-89A0-Df497A4F7C34,2007,1000.0,18521.0,Automatic,Hybrid,Hatchback,Lahore
299E1906-A714-455B-8Eb2-6960Ed70D999,2018,1500.0,303112.0,Manual,Hybrid,Sedan,Islamabad
871439E3-E443-4721-8158-D657365268Eb,2023,2000.0,327321.0,Manual,Diesel,Coupe,Lahore
Bcb92469-A400-4Ab9-A53E-7120E4A9Dafd,2002,1800.0,40297.0,Automatic,Diesel,Suv,Faisalabad
50Da6543-9331-46D7-B0F7-Ca4Eee63E0F0,2006,1300.0,134718.0,Manual,Hybrid,Sedan,Faisalabad
8D6589C6-5E9C-40C4-A3Df-8E4D7B1A074B,2003,1800.0,79238.0,Automatic,Diesel,Suv,Islamabad
626F42F3-6119-4Aa1-9030-5Dbcfb2Acb67,2023,2000.0,123834.0,Automatic,Petrol,Sedan,Islamabad
3Ddaf4B8-0Bc5-401E-9069-9Ca2B37Bb998,2000,1000.0,176706.5,Manual,Diesel,Coupe,Rawalpindi
De37D3Ed-C4E2-4E2B-Ad75-E1Bca2B0Cb9A,2005,2000.0,230783.0,Manual,Petrol,Hatchback,Lahore
3Edf71Fe-Ed1A-4Df5-A872-93Bcdc0E0Bd5,2018,1300.0,60814.0,Manual,Petrol,Coupe,Rawalpindi
0A3342E0-34Ac-4C73-8C55-712D8893975B,2013,1300.0,249700.0,Manual,Diesel,Coupe,Rawalpindi
Fa906F6D-8B48-4B29-883E-59E512Fe3Afd,2006,1000.0,278104.0,Automatic,Petrol,Hatchback,Rawalpindi
0E68F665-Bb14-4Fb2-9B2E-B2Ca8E71A0Ba,2010,2000.0,165511.0,Manual,Petrol,Hatchback,Rawalpindi
82070C98-3127-46D6-Af1F-338B0F6402D6,2017,2000.0,142915.0,Automatic,Diesel,Hatchback,Lahore
66606F5B-Ff03-4598-Ab4F-93A4Fbd4Dd15,2006,2000.0,176706.5,Automatic,Diesel,Suv,Faisalabad
Eea12B37-19D5-43A2-9172-Ce1786D29D6C,2022,1000.0,272604.0,Automatic,Hybrid,Suv,Islamabad
Ee314994-97F9-4272-9F41-6C5E7Ed8Dab4,2015,800.0,4443.0,Manual,Petrol,Coupe,Lahore
C1F9B5B5-606D-404E-8563-66Da3652A763,2014,800.0,233802.0,Automatic,Petrol,Hatchback,Islamabad
C24B1A2A-F01E-4B3D-A1D3-C1A2Eba86Fa9,2004,800.0,12425.0,Manual,Petrol,Suv,Faisalabad
4146C9Db-Fd9A-4600-Bd87-Aa00Ac67F406,2018,800.0,62902.0,Manual,Hybrid,Suv,Rawalpindi
93C33E6F-9Dc6-47Eb-89E9-B9D5E7A953C4,2019,2000.0,296783.0,Manual,Petrol,Suv,Islamabad
8B5Ab497-5729-43D2-A742-576426C5Ce42,2007,1500.0,346280.0,Manual,Hybrid,Coupe,Islamabad
6C8B9Bb7-1686-4Bc4-A5Af-407568B17D20,2022,1500.0,169556.0,Automatic,Petrol,Sedan,Islamabad
57078705-340D-42F7-Bf53-1De3E65321Af,2022,800.0,200696.0,Automatic,Diesel,Sedan,Islamabad
C0221Fe6-D3Cb-4714-8C70-1Cd4E849Caad,2024,1300.0,93286.0,Automatic,Petrol,Coupe,Karachi
F4D0C0A9-4C4E-4F2F-90A2-6452E5A762Da,2017,1500.0,93555.0,Automatic,Petrol,Suv,Faisalabad
Df7Fa69E-86Ef-40C4-9F60-2Fd02Ccef313,2022,1500.0,114497.0,Manual,Diesel,Hatchback,Lahore
063124Aa-6Fac-4Cae-Bb7F-6A0D21Bcf28A,1999,800.0,36916.0,Automatic,Diesel,Sedan,Rawalpindi
C3D82934-2039-4F5C-8F8A-77A3Bfd9E1E0,2002,2000.0,335720.0,Manual,Petrol,Coupe,Islamabad
E67B29C3-5244-4413-91F7-0Ecd00190Fb2,2002,2000.0,172926.0,Automatic,Hybrid,Sedan,Faisalabad
48751Df1-35F0-42Ae-994E-Be5B6D9658B7,2026,1500.0,250682.0,Automatic,Diesel,Sedan,Faisalabad
1Aa1400B-F424-4758-9C46-3365058E17B6,2005,800.0,201548.0,Automatic,Petrol,Hatchback,Islamabad
4F1210Ac-641B-4407-96F6-31Ac7Dd8B4C3,2019,1300.0,210037.0,Manual,Hybrid,Sedan,Islamabad
87B58765-E300-449D-B9E7-88E6D977F033,2015,1300.0,42182.0,Automatic,Diesel,Suv,Karachi
15085Bc8-F061-4230-95A5-2C549Cfc9712,2015,800.0,201412.0,Manual,Diesel,Coupe,Lahore
A5B65A5C-490B-4401-B65B-F26E1Bc0E638,2018,2000.0,188356.0,Automatic,Petrol,Coupe,Karachi
445724Af-A38B-4443-9Ce7-Dc999365Bbd4,2002,800.0,101236.0,Manual,Hybrid,Suv,Rawalpindi
66B5Ed12-70D5-45Bb-9Dd2-F63Fe66073E7,2010,800.0,283404.0,Automatic,Diesel,Coupe,Lahore
D69Fbe4B-C8C8-4C3E-9C16-332Cef5Fc531,1999,1300.0,29388.0,Automatic,Hybrid,Sedan,Rawalpindi
D96E44C7-Def9-4781-9542-6E48Aa2F9De1,2001,1000.0,342805.0,Automatic,Hybrid,Suv,Faisalabad
822Cd4Ac-D818-43Bd-Bd6F-B9Ba7A14B4B8,2005,800.0,19334.0,Manual,Diesel,Sedan,Rawalpindi
6721413A-923B-4Aea-A774-8Aa69746D79E,2017,800.0,127235.0,Manual,Petrol,Suv,Lahore
81A7E3C6-69Bf-4973-9F15-572C4Cc865Bb,2007,800.0,239172.0,Manual,Hybrid,Sedan,Lahore
B35810F7-Ad4C-494D-9270-91185F8A0E23,2001,1500.0,311939.0,Manual,Petrol,Suv,Rawalpindi
2092D01D-F0Bf-4Df4-Aed2-2Cff04Adfce8,2008,2000.0,210768.0,Automatic,Petrol,Suv,Islamabad
54Daf148-595E-426B-861B-5E679E3Fee93,2024,1000.0,23900.0,Manual,Diesel,Sedan,Lahore
5Fc64698-27B6-4012-B6F8-93E429B0D513,2006,1000.0,217660.0,Manual,Hybrid,Hatchback,Faisalabad
667Cb3Ac-77E9-4E5A-Bfb5-B3761Cb1Ad2E,2003,1500.0,127739.0,Manual,Petrol,Sedan,Faisalabad
876A2D20-94B3-41B5-Bf16-Cd428D28F2Dd,2010,1000.0,8194.0,Automatic,Petrol,Sedan,Lahore
245Bca65-8Fb3-462D-906F-B1649B0F9F6A,2003,800.0,341707.0,Automatic,Diesel,Coupe,Karachi
40E1D57F-429D-49C5-A968-064161A5C616,2004,1000.0,335452.0,Automatic,Hybrid,Coupe,Rawalpindi
14404B4E-48F5-4Aa4-B8Bf-F44997F51B39,2005,1000.0,320097.0,Manual,Hybrid,Suv,Rawalpindi
03E49Cf0-Be5A-447A-8E61-13E646F0224A,2017,800.0,328829.0,Automatic,Diesel,Coupe,Lahore
22976752-Db92-454A-A704-46Bdd5655B27,2026,1000.0,100612.0,Manual,Hybrid,Sedan,Faisalabad
9F35E14B-35Cc-4224-A43C-E1127D71619E,2009,1800.0,266097.0,Manual,Diesel,Suv,Islamabad
Ba056A34-Cc90-4004-A57F-51576334Ba77,1999,1000.0,59076.0,Manual,Hybrid,Coupe,Rawalpindi
D54Aea8F-D0F5-4197-96A0-50851Badc74E,2026,1000.0,22604.0,Manual,Hybrid,Hatchback,Islamabad
Acb5F764-9Ea6-42A9-9A5D-9037866E745F,2004,1500.0,131796.0,Automatic,Hybrid,Coupe,Lahore
8F3A170C-F513-4300-Ac49-B182Be676Aff,2001,2000.0,27502.0,Manual,Petrol,Sedan,Rawalpindi
7C493Abf-C0Fe-4C12-Bb0B-51Fd31F80160,2014,800.0,37150.0,Manual,Hybrid,Coupe,Faisalabad
Af409F7A-98C8-4Dda-Ab95-5C801B03E697,2016,1300.0,219711.0,Manual,Hybrid,Hatchback,Karachi
89906Ec4-0Da6-483B-98Cc-A3Bbc85C46B8,2022,800.0,170987.0,Manual,Petrol,Suv,Rawalpindi
8B7A4Dc4-E786-4E72-81Ed-C5Ab56541918,2004,1500.0,115690.0,Manual,Diesel,Coupe,Lahore
50F63923-9Bc3-4819-B19B-97C9D6A583A5,2011,1000.0,113332.0,Automatic,Petrol,Coupe,Islamabad
C086C5D2-2Bf9-4937-8166-3Da925E67Ca3,2002,1500.0,101793.0,Automatic,Diesel,Suv,Islamabad
3Ff3C404-Aaf6-42Db-Bd98-9B2Cf64Eb7F6,2002,800.0,298144.0,Manual,Diesel,Suv,Lahore
03Dea41B-8Eb5-415F-B95F-Bc37B08A36Ed,2012,1500.0,219269.0,Manual,Diesel,Suv,Islamabad
23633621-Ece7-4C63-Aa96-Aff963Db853C,2017,1000.0,334495.0,Manual,Hybrid,Suv,Lahore
5170Ea3B-A177-419C-8E0F-Ca4680279E77,2011,1800.0,256488.0,Manual,Hybrid,Coupe,Rawalpindi
11A88C2A-23B0-42C9-B974-C0B2E8676Fc8,2006,800.0,224453.0,Manual,Petrol,Hatchback,Rawalpindi
F2865116-B24B-489F-B39B-Dfa5Bc17Aba5,2016,1000.0,310258.0,Manual,Hybrid,Sedan,Rawalpindi
51867779-13E1-4284-B2B2-09F0F9B7Acad,1999,800.0,246757.0,Manual,Diesel,Coupe,Rawalpindi
698D7D2C-Afbb-4895-8F44-4F28B30F39Da,2023,2000.0,51379.0,Automatic,Diesel,Suv,Lahore
F84E72E4-D961-4693-B56C-Abd6F4501Bae,2015,800.0,213184.0,Manual,Petrol,Hatchback,Islamabad
6650C49F-F5Df-4Abe-B728-B678B343461A,2005,2000.0,47568.0,Manual,Diesel,Hatchback,Karachi
934F57C2-D153-4Eb6-8521-6D0Fecc4Cc15,2020,1500.0,299043.0,Manual,Diesel,Coupe,Karachi
8F11Aeca-C461-46Ed-989C-52395Fda6490,2020,1500.0,96964.0,Automatic,Hybrid,Coupe,Lahore
Ca964892-8170-4D2B-92B3-B190851Aeb75,2018,800.0,201787.0,Automatic,Hybrid,Sedan,Islamabad
C82B40E0-8E6C-4Dcb-9361-5E7E528E6Fd4,2011,1300.0,176706.5,Manual,Hybrid,Sedan,Faisalabad
B420Cc53-E634-4Ef1-B3B8-A77201702Da8,2008,2000.0,28737.0,Automatic,Petrol,Sedan,Rawalpindi
61A05E98-6C10-48C3-8171-19D347A55Ed6,2009,1500.0,324604.0,Manual,Diesel,Hatchback,Karachi
D9Ea1Ae5-8584-4Cd9-9Cd1-801B83A6E64D,2018,1800.0,35130.0,Manual,Petrol,Hatchback,Karachi
Fda05Ebc-14Cb-4778-85C6-7283B7B1028C,2015,800.0,340283.0,Automatic,Hybrid,Suv,Karachi
55B49D60-A4Fe-46C8-A14B-Be6C424Aa331,2008,1300.0,140172.0,Automatic,Diesel,Sedan,Lahore
2993Be56-6Cd5-43D3-8460-50F1903095Fa,2009,1300.0,237193.0,Automatic,Hybrid,Sedan,Rawalpindi
F9B83055-614E-474C-89De-98A9Ddc6F4Bd,2020,1800.0,279369.0,Automatic,Diesel,Hatchback,Lahore
Cc178Ea9-9928-4501-8Ece-043Bd7F453C4,2004,1500.0,45774.0,Manual,Diesel,Suv,Islamabad
E763F39D-Dc1F-429E-9C9C-D0771Aee2D35,2000,800.0,86384.0,Automatic,Petrol,Suv,Rawalpindi
9E3F0483-67Df-46A9-B8C4-B71Cf109355C,2002,1000.0,272990.0,Manual,Diesel,Coupe,Faisalabad
9F786919-C3C7-4Bbc-A7De-325A7398505F,2002,1500.0,181770.0,Manual,Diesel,Sedan,Islamabad
8921Cdff-Dcf0-4B59-Adeb-1B04Efa731B3,2004,800.0,11553.0,Manual,Hybrid,Hatchback,Rawalpindi
96Fc5308-C700-4B95-A515-228D3B62F2C8,2016,1300.0,343807.0,Automatic,Diesel,Coupe,Rawalpindi
Db922F38-1A2C-4164-9B1B-514D1103B473,2007,1800.0,69182.0,Automatic,Petrol,Hatchback,Karachi
4690A619-D26C-41B6-9Cc2-6Fe01A85672F,2013,1300.0,151071.0,Manual,Petrol,Hatchback,Islamabad
3Ad3F1Bd-0Bd3-4A16-A0Cc-F6F5215E2Ab2,2012,1000.0,324340.0,Manual,Hybrid,Hatchback,Karachi
A36E9Bd4-1Aa2-4971-9E1B-F5Abc1742891,2003,2000.0,349362.0,Manual,Petrol,Suv,Lahore
266Bc37E-901B-4707-8Ad8-7A9B5909Ed03,1999,1300.0,301216.0,Manual,Diesel,Hatchback,Islamabad
9753Cedd-401A-41Ea-99A8-260621802869,2003,1000.0,294905.0,Manual,Hybrid,Hatchback,Islamabad
261Ce600-76E4-4538-8A0C-F3D5F4F70B89,2002,1300.0,235105.0,Manual,Hybrid,Hatchback,Lahore
C2765Cb6-52Ef-4891-A2C5-3D0F4Fee0Ab9,1998,1500.0,261838.0,Manual,Diesel,Hatchback,Karachi
C8Ad4B4F-7Af3-42F8-9457-80Ab6E8Ceb96,1998,2000.0,286337.0,Automatic,Hybrid,Hatchback,Rawalpindi
C2673Dd1-93C6-438E-Ad5B-7Be23426Cd8F,2007,1800.0,349641.0,Manual,Hybrid,Coupe,Islamabad
E52F15Dd-B39E-4Eb5-B0E8-A1Eb06Fc1A76,2020,800.0,251124.0,Manual,Petrol,Sedan,Islamabad
22250961-D981-4A62-9A10-A3D86D22A07F,1998,1500.0,176706.5,Manual,Diesel,Hatchback,Lahore
A913158B-220A-4E6A-95B9-B20E4Db07E4C,2008,800.0,318846.0,Manual,Hybrid,Suv,Islamabad
9555D56C-70Bb-4F4F-89E1-C3Fb2634B6Cf,2004,800.0,43824.0,Automatic,Hybrid,Sedan,Faisalabad
0F3Ff6D4-F307-4578-9A92-Badee7C7B4A4,2010,1000.0,257145.0,Automatic,Hybrid,Sedan,Islamabad
C3762F31-9039-4F66-92Ec-7B16Ce053032,2010,1000.0,224206.0,Automatic,Diesel,Hatchback,Lahore
C0Fe6D0D-D73F-4D0D-8367-1D495863D388,2007,1300.0,184211.0,Automatic,Diesel,Sedan,Karachi
Df3C636A-F9D5-41Be-9139-8F1A91D26979,2021,1500.0,217899.0,Automatic,Diesel,Suv,Rawalpindi
381Aadaf-829A-430F-Bbbe-39B6249B9Bb7,2021,1500.0,73173.0,Manual,Petrol,Suv,Islamabad
3E0Dca13-E36B-4Fb4-A381-5666693135Fc,2013,1800.0,175854.0,Manual,Hybrid,Coupe,Lahore
Ee9520A6-0023-4C2E-8C02-3Cf89Daef8E6,1998,1500.0,334918.0,Automatic,Diesel,Suv,Faisalabad
F6461Ac6-7Be4-41Be-Ab28-9A5De8877Ca4,2012,2000.0,297751.0,Manual,Petrol,Suv,Rawalpindi
1A04B9C9-6E43-4Db1-98Ef-624C3438E4B9,2007,1800.0,257208.0,Manual,Diesel,Hatchback,Rawalpindi
6Afffad1-E915-4E76-A22C-56C5A6335C0E,2015,2000.0,242982.0,Manual,Petrol,Sedan,Karachi
E5D9E373-1Df1-4895-863F-8C79Bb6Bc54D,2006,1300.0,335835.0,Automatic,Petrol,Hatchback,Rawalpindi
F67B14A1-E882-4E26-A1Ea-A007B8E23B12,2003,1500.0,338053.0,Manual,Petrol,Sedan,Islamabad
42C99621-3D4B-405C-89Fd-179289F0C7D9,2013,800.0,313991.0,Automatic,Hybrid,Coupe,Faisalabad
9C7423D5-2184-4505-Ad67-Bd08Fc5086Dc,2011,1300.0,329250.0,Automatic,Hybrid,Sedan,Islamabad
F8Ce8Baa-948C-4325-97Cc-256B22Eef2F4,2014,2000.0,301603.0,Manual,Diesel,Suv,Faisalabad
47929660-F9C0-40D3-A1C7-2A085E78043C,1999,1000.0,167604.0,Automatic,Hybrid,Suv,Islamabad
8096E76B-C154-4Ee3-945A-8D0Baab398Aa,2003,800.0,142957.0,Automatic,Diesel,Hatchback,Lahore
829718B3-3Cae-41F1-B526-Aeaa72866771,2026,1300.0,277669.0,Manual,Hybrid,Suv,Karachi
36Cdd58A-Ed58-4A1F-A154-652B2Af80786,2022,800.0,313923.0,Manual,Hybrid,Hatchback,Islamabad
0F7Bbe21-50B0-4229-9Dc6-0403D6C865Ab,2024,2000.0,157848.0,Automatic,Hybrid,Hatchback,Lahore
14F0Efa3-520C-43F0-Bda2-F7Ea75D3B44C,2015,1800.0,184355.0,Manual,Petrol,Suv,Faisalabad
133Db492-F2F2-473A-Ba46-Cfd28E131266,2007,1300.0,254226.0,Automatic,Diesel,Suv,Lahore
680F6D96-F47A-44E8-Ab44-974Ed5D27E72,2004,1000.0,263917.0,Manual,Petrol,Sedan,Rawalpindi
886604Ca-D761-4F33-9207-1539624A88D1,2012,800.0,61113.0,Manual,Petrol,Coupe,Islamabad
4B9E4280-12A4-4Bd6-93B7-9C1Adbb7Ba6F,2007,2000.0,190090.0,Manual,Diesel,Hatchback,Karachi
80Fdb5Cb-B409-4498-B5F9-5D0633Dee4D6,2020,1300.0,15078.0,Manual,Petrol,Suv,Karachi
B2B22Fbc-331D-4Ebc-B2D9-D89046650Ed0,2020,1000.0,161180.0,Manual,Petrol,Suv,Lahore
292C62Dc-C23A-45Ce-Bf8E-C00A1155D2F0,2011,2000.0,58574.0,Manual,Petrol,Coupe,Rawalpindi
Debe2Cfb-C2Db-42De-801C-D588C0145Ead,1999,1000.0,56527.0,Manual,Hybrid,Sedan,Rawalpindi
4A2D4032-753D-4Fe5-9B91-010127916Dfb,2001,1300.0,22691.0,Manual,Diesel,Sedan,Lahore
Ed0Bd677-7683-4A16-B29F-2126Cb8D76E7,2023,800.0,315512.0,Manual,Hybrid,Suv,Karachi
1797443B-D8E0-4Efc-8B1A-9Eb0643025C0,2019,1300.0,15340.0,Manual,Petrol,Hatchback,Faisalabad
E992Ffff-4Deb-4261-Bd90-1F9D81735Ff4,2009,1300.0,84178.0,Manual,Hybrid,Sedan,Lahore
98F1B25A-041D-43Df-9509-292Fe6Ab58Ca,2024,1800.0,7331.0,Manual,Hybrid,Suv,Islamabad
F8E78953-4103-4F90-B78D-Aacfa5Becf4A,2003,1800.0,2269.0,Manual,Petrol,Coupe,Islamabad
2B11Cfc2-B14E-4Ca4-870A-6E07Bf2Cc927,2020,1800.0,97059.0,Automatic,Hybrid,Sedan,Karachi
4D3Cd8Df-1Fbf-40Bd-A744-4305388Fabad,2024,1300.0,199027.0,Automatic,Petrol,Suv,Rawalpindi
2Aa1F27D-0C1D-43Ad-A253-4Fe5C6F3527E,2001,1300.0,64810.0,Automatic,Petrol,Suv,Rawalpindi
8108D459-A789-4Ad1-8D81-4F9Ee2Ff769C,2022,1300.0,151137.0,Manual,Petrol,Hatchback,Rawalpindi
831173B4-C968-4985-8113-25665E91Fca5,2001,1500.0,148694.0,Automatic,Hybrid,Hatchback,Rawalpindi
B049697C-D8D0-4675-9Ad6-D78848302623,2005,1800.0,213533.0,Automatic,Diesel,Suv,Lahore
6E87B40F-D8Bb-4B0D-A009-B5D5Eba07Cc7,2024,1500.0,192645.0,Manual,Petrol,Coupe,Lahore
475E9Beb-F3C3-4F5F-B49E-F9D442Ce3F68,2010,1500.0,274025.0,Manual,Petrol,Suv,Rawalpindi
F5C9239B-B96B-44De-9F41-4C5695F66B58,2010,2000.0,309622.0,Manual,Hybrid,Suv,Lahore
911C218D-706B-4D31-B424-60Ed4E7B3957,2009,1000.0,177540.0,Manual,Hybrid,Coupe,Lahore
Eba86877-09B8-4298-Beed-75Ebdea74239,2005,1500.0,261677.0,Automatic,Hybrid,Hatchback,Rawalpindi
5912743F-14D8-4953-851E-380De4A3Fb50,2009,1500.0,349530.0,Automatic,Diesel,Hatchback,Karachi
F1A68Cbf-84D5-4A50-A26C-Fe809F53E848,2022,1500.0,56642.0,Manual,Diesel,Coupe,Rawalpindi
12863C02-7C39-4Ee2-9E55-2424F690C259,2005,2000.0,70573.0,Manual,Petrol,Sedan,Lahore
E32Ab5A4-Ed86-4923-A973-577B5A455Cd8,2013,2000.0,14024.0,Manual,Diesel,Hatchback,Karachi
07B86A25-6603-4B06-9284-Bc824A14260F,2007,1800.0,176706.5,Manual,Petrol,Coupe,Rawalpindi
Ac1C5Ee5-5348-468B-A764-765B82A6D266,2004,1300.0,347127.0,Automatic,Diesel,Hatchback,Faisalabad
F990E74B-E2D2-4D20-Bc03-Fe97687D3D10,2008,1800.0,286586.0,Manual,Petrol,Coupe,Lahore
Ae4D1679-Cc0A-4892-B048-017B2Cc7Bc77,2010,1500.0,164919.0,Automatic,Diesel,Coupe,Lahore
D0Ebf788-94E7-48Ca-Acd1-92D29593E201,1999,1000.0,291853.0,Automatic,Hybrid,Suv,Rawalpindi
D0D9E787-5E4B-4882-96Ce-E83443Fe2625,2011,1000.0,163818.0,Automatic,Diesel,Sedan,Faisalabad
8Bcc0756-3072-4Bca-88C8-Ef3E81Ca1D3C,2019,1500.0,346071.0,Automatic,Diesel,Suv,Faisalabad
C6E00Ae7-73D3-481F-A631-Cdd167Ae271A,1999,1500.0,138092.0,Automatic,Hybrid,Coupe,Faisalabad
197581Ad-67D2-4Ff4-A8C3-87A83Ebaa6Aa,2019,1300.0,149127.0,Automatic,Petrol,Sedan,Faisalabad
00Af143E-6Da2-4664-9F3D-Ac13895Baee3,1999,1000.0,192104.0,Automatic,Hybrid,Sedan,Islamabad
65991Cd3-B9F0-4729-89Aa-05C3De8376D3,2010,800.0,224472.0,Automatic,Diesel,Coupe,Islamabad
Ecac0A06-Bde7-4942-Be3A-Bff4F2619A76,1999,2000.0,176706.5,Manual,Petrol,Hatchback,Faisalabad
8D3D7862-8A24-4338-B999-Db459E12F75A,2000,2000.0,34340.0,Automatic,Petrol,Hatchback,Karachi
7281D108-5310-4182-B80A-37F70Fd84C97,1998,1800.0,170979.0,Manual,Diesel,Coupe,Faisalabad
D226E42F-38B9-48Fa-8F01-6Ebcf9E382Fa,2014,1500.0,139785.0,Manual,Hybrid,Coupe,Faisalabad
B2107Efe-B100-420A-8A38-D40Edf647393,1998,1300.0,198043.0,Automatic,Diesel,Sedan,Rawalpindi
A35D9D0F-D307-46De-85A9-7Dcef3Cd2D8A,2001,2000.0,107955.0,Automatic,Diesel,Hatchback,Karachi
64Fb153E-19F0-43Ee-Aaca-A011B125B57E,2017,1300.0,190491.0,Automatic,Petrol,Coupe,Lahore
785Dfcaf-B3B9-450C-852F-Ceb0E3719F5C,2024,1800.0,112239.0,Automatic,Diesel,Sedan,Islamabad
B762D3D7-D4Be-45Ef-85D4-E8B1Bf59Bb2E,2016,1500.0,118429.0,Manual,Hybrid,Sedan,Faisalabad
A078Ec99-7413-43E0-A28A-Deeb5B2Eb34B,2008,1300.0,35268.0,Automatic,Diesel,Suv,Islamabad
B238793C-B22A-41D8-826B-E8565844C4Cd,2023,800.0,341592.0,Automatic,Hybrid,Hatchback,Rawalpindi
890C190E-1B9C-49F0-Ae34-C2B4605Bc4E6,2019,1800.0,164287.0,Manual,Diesel,Coupe,Islamabad
C45596D4-C3A8-415F-A72D-4F66Ba0F7A56,2017,1800.0,237622.0,Manual,Petrol,Suv,Faisalabad
Beb83801-39Fb-4Eea-B0Db-C99Cadb44146,2013,1000.0,346452.0,Automatic,Diesel,Coupe,Faisalabad
0Ae229D9-0332-4F38-9D72-0324B8988669,2021,2000.0,31395.0,Manual,Diesel,Coupe,Karachi
73Fc1C80-7Ae2-4Fee-B458-1B76A564D74B,2005,1000.0,157430.0,Automatic,Diesel,Hatchback,Lahore
428E2Ff9-Dbdd-427E-8C9F-A5D89E770Cba,2018,1000.0,216236.0,Automatic,Diesel,Suv,Islamabad
B368514E-Bdf3-4C64-9F9C-A18B9D7B6D7B,2019,1800.0,123800.0,Automatic,Petrol,Sedan,Karachi
1145Dea6-6Dda-4Edd-Bce6-7A4Eed219A06,2004,800.0,128758.0,Automatic,Diesel,Coupe,Faisalabad
E3704Cfd-453E-4E79-A18B-128E2C73Ec70,2011,1500.0,339173.0,Manual,Petrol,Suv,Islamabad
A61Ca4E9-6938-481F-Bb13-6687A6100B60,2002,800.0,135474.0,Automatic,Hybrid,Suv,Lahore
7C1257Cc-5736-4B17-B133-5F8F27F2816E,2021,1500.0,10437.0,Manual,Petrol,Hatchback,Faisalabad
7C428159-2459-42Eb-B7Cc-F1E4456C9Df7,2007,800.0,213388.0,Automatic,Hybrid,Sedan,Rawalpindi
A1B76C57-91Ba-40Ec-A7B5-C61E80A56249,2024,2000.0,73694.0,Manual,Petrol,Sedan,Faisalabad
19A466D8-Cdfc-4E7A-Ab4B-32679594B815,2019,1800.0,275387.0,Automatic,Diesel,Sedan,Karachi
D969D196-61Bb-467D-B677-2F931F05Efee,2017,800.0,164317.0,Automatic,Hybrid,Coupe,Karachi
D0542613-32Bc-434C-857F-8A80F2B442C7,2011,1000.0,176706.5,Manual,Petrol,Suv,Islamabad
52588527-090C-48Df-Aded-D89A9289466F,2012,1500.0,133329.0,Manual,Diesel,Hatchback,Lahore
1943Fa07-3A17-4919-8B07-Ce7149749C2E,2008,1800.0,222183.0,Automatic,Hybrid,Suv,Islamabad
D59Be5Ce-D746-4Eca-Be85-F0Bed026F593,2023,1000.0,190315.0,Automatic,Hybrid,Hatchback,Islamabad
70E55Eb2-3E50-4B3E-Aa3E-95E77C6A26B7,1998,2000.0,317621.0,Manual,Hybrid,Sedan,Karachi
6E64052F-Efc3-4Fcc-97Dc-3C2Cd1Afbed9,2006,1800.0,201688.0,Automatic,Hybrid,Hatchback,Lahore
Ba5634F6-5Eab-4A03-936A-7C063Fc8A1D0,2015,1000.0,231946.0,Automatic,Petrol,Coupe,Islamabad
59351799-3D17-4827-B3Aa-1F27A630B1D2,2007,800.0,123449.0,Automatic,Petrol,Suv,Rawalpindi
8D939189-52A5-4972-8613-6A68F71B13E3,2018,1300.0,337866.0,Automatic,Petrol,Hatchback,Lahore
374Da91B-4135-49Bb-81A6-D563493E989D,2024,1500.0,246987.0,Automatic,Diesel,Coupe,Lahore
F2Eb0983-E578-4D1A-93F2-855846Fe73Db,2024,1000.0,136823.0,Manual,Diesel,Coupe,Faisalabad
B8B5D6Ca-A631-486A-Ab01-47E5Ea50C717,2021,1800.0,171320.0,Automatic,Hybrid,Sedan,Lahore
6F7B8032-E6C1-42F0-904B-03Aeb2F4C00D,2018,2000.0,96332.0,Automatic,Hybrid,Suv,Lahore
6C823846-C248-4778-8Bab-805573D5Fafc,2010,1000.0,329408.0,Manual,Diesel,Sedan,Lahore
Bc254Ca2-8F67-4B21-A11B-C37D2B6E3Ba8,2003,1000.0,270724.0,Manual,Hybrid,Coupe,Islamabad
C7F86D46-4026-4A2A-B741-D3Cd1Fe6C963,2012,1500.0,69997.0,Automatic,Petrol,Hatchback,Islamabad
49Af4B1C-7Fcf-400D-A4A5-3992D98Eade9,2004,800.0,217315.0,Automatic,Petrol,Coupe,Rawalpindi
8C6932Fa-337E-4Ab7-A3Fe-F235Eb6118C5,2024,1800.0,117695.0,Manual,Petrol,Suv,Lahore
E7173Add-D9F5-45A9-8A90-Bf6D83D34238,2012,1000.0,137249.0,Manual,Petrol,Coupe,Faisalabad
5B268196-0368-4E7B-A327-518D2Cc01Dbe,2011,1800.0,176706.5,Manual,Petrol,Hatchback,Karachi
Cb727F88-1Af3-4219-A8Ab-7D368B5A4Bd9,2016,800.0,7400.0,Automatic,Diesel,Coupe,Lahore
23381151-425A-48Db-Aa89-Cf47C082A619,2005,2000.0,106506.0,Manual,Diesel,Hatchback,Rawalpindi
D0797E17-Bb43-44C3-97Aa-F277450D3B7A,2010,1000.0,226129.0,Manual,Hybrid,Suv,Islamabad
D9A127Cb-8784-48D5-B5D1-2B42F5Dba074,2021,2000.0,99280.0,Automatic,Petrol,Coupe,Karachi
606Fa164-A097-4Adf-B046-Ea6F4Bfc13D1,1998,1300.0,137258.0,Manual,Hybrid,Coupe,Karachi
6F945540-291F-43B0-A36B-F333E59B4Baa,2009,1800.0,339337.0,Automatic,Petrol,Sedan,Rawalpindi
46C908E2-E60E-4B83-B303-E9982A652B25,2002,1300.0,208433.0,Manual,Hybrid,Coupe,Rawalpindi
0Bda6A13-52Be-41D4-9219-Cab282D2Abac,2021,1800.0,134336.0,Manual,Petrol,Sedan,Lahore
21D86860-Aa09-4B34-84E4-66C4592E6D0E,2008,1000.0,246904.0,Automatic,Hybrid,Sedan,Lahore
D5C8F9E9-16Bb-4Ea3-B320-B3D81Ba0Ffd2,2006,1800.0,324879.0,Automatic,Diesel,Coupe,Islamabad
Ae8Abe03-0664-4388-Ac51-C6D7C3B93611,2002,1800.0,21561.0,Manual,Diesel,Suv,Faisalabad
46870C1D-Baf3-4Fcd-A0C6-9Fb31Aca42C6,2013,1300.0,245411.0,Manual,Petrol,Hatchback,Faisalabad
E980B43E-E105-4335-Bb54-248801B0E08F,2011,1000.0,136527.0,Manual,Diesel,Sedan,Karachi
82669285-F4Db-402C-A514-75Eb16E5Afb9,2013,1300.0,189054.0,Automatic,Diesel,Hatchback,Faisalabad
Cb8946A6-81F3-4997-9F21-E07E72237863,2024,1300.0,271042.0,Automatic,Diesel,Suv,Islamabad
03Bf0F9B-96C5-4E3B-9B17-013847Df60C0,2021,1500.0,79306.0,Automatic,Petrol,Suv,Karachi
F3C8Fc37-82D7-4Fe8-9691-F1F40Ba850E5,1999,1000.0,96018.0,Manual,Diesel,Hatchback,Karachi
D6C3Fda7-D0Fb-4E55-99B1-65A3C1F2A237,2020,1500.0,228814.0,Manual,Diesel,Sedan,Rawalpindi
C4360581-Bab5-4105-8977-6F74Ebe03D4B,2026,2000.0,294049.0,Automatic,Diesel,Coupe,Lahore
29A3F4Aa-Af2E-457D-8Ddf-5E6C8E10E5E2,2021,1000.0,64830.0,Automatic,Petrol,Suv,Islamabad
0B031Dd7-2F7B-4417-8C02-92124258861D,2003,1000.0,266725.0,Automatic,Hybrid,Suv,Faisalabad
D45Df779-B0D0-402A-8Eae-8880B5Da8550,1998,1800.0,299257.0,Manual,Diesel,Sedan,Karachi
317F658A-Edd5-4E5A-8Cdc-9A1A30327A32,2022,1500.0,49443.0,Automatic,Petrol,Hatchback,Lahore
5856Ef93-50C5-4Ca9-87C5-7Cff9C310806,2010,1300.0,309507.0,Manual,Diesel,Suv,Lahore
426900A6-3106-4A02-A958-A80A3B47De8A,2000,1500.0,345788.0,Automatic,Diesel,Hatchback,Faisalabad
139C5759-3978-4859-A0C1-5Be11A3E65Ea,2019,800.0,172714.0,Manual,Hybrid,Coupe,Islamabad
5D7C710D-0990-44E5-A47F-Fa77035E0E4C,2021,2000.0,298402.0,Manual,Petrol,Sedan,Islamabad
7C4F6437-81E8-4138-9693-78290654Bfe5,2008,800.0,37079.0,Automatic,Petrol,Coupe,Islamabad
1A655E8A-31F5-4892-Be51-3915Beaed196,2003,1000.0,209147.0,Manual,Petrol,Suv,Karachi
7B17Ec61-E661-4089-9Dea-910Bf3966Add,2010,1500.0,149388.0,Manual,Petrol,Hatchback,Rawalpindi
Db304541-9F03-4E56-92Ba-F5Da68Cc8789,2023,1500.0,162582.0,Manual,Diesel,Sedan,Islamabad
8045Dffc-6949-49D2-A635-899E5327686A,2014,1000.0,176706.5,Automatic,Diesel,Coupe,Islamabad
0Ea4883B-B3C6-4C1B-A041-27Ab37D2Cb83,2016,1800.0,221810.0,Manual,Diesel,Hatchback,Faisalabad
45Afa66A-0790-45Ba-Acd2-Eec64E324915,2003,1500.0,330661.0,Automatic,Petrol,Sedan,Faisalabad
E1Ec654E-5Aae-4Be4-9538-09E7925C8Ab9,2008,1500.0,117561.0,Manual,Diesel,Sedan,Islamabad
088B63Bb-213B-4Ba0-Bcf2-6B0009E4Aa9A,2012,1500.0,41514.0,Automatic,Diesel,Suv,Karachi
0Ab656D3-670C-4973-9D55-F429Ab6A0087,2019,1300.0,130366.0,Automatic,Diesel,Sedan,Faisalabad
D38D1A64-64B4-4310-9B5E-4894D5A7Bc37,2000,800.0,269177.0,Manual,Hybrid,Coupe,Rawalpindi
32Af8900-4D15-412A-85D6-79098Da96994,2001,1500.0,346478.0,Automatic,Diesel,Hatchback,Faisalabad
2F0C201D-Bfc1-4C02-8260-0093A34C1A04,2026,1800.0,176706.5,Manual,Hybrid,Coupe,Karachi
9613237A-1D92-4F00-8A2D-7009Bf7Cb7A2,2023,1000.0,206022.0,Manual,Petrol,Coupe,Islamabad
C529797B-1F6B-4642-B9E0-802D96Ad01Dc,2008,1800.0,238550.0,Automatic,Hybrid,Hatchback,Islamabad
C32F2Cc7-Fded-4Abb-8Cea-772E77A25E70,2023,1000.0,110660.0,Manual,Petrol,Hatchback,Lahore
0F10A445-27D9-4F45-9593-414112781274,2011,1800.0,9392.0,Manual,Diesel,Sedan,Lahore
7C503615-Ae01-4614-B3Ea-0F05E273Dda6,2026,2000.0,250148.0,Automatic,Hybrid,Coupe,Faisalabad
108F464E-B16A-4Ded-B9E0-948E7D928F56,2021,1500.0,158754.0,Automatic,Hybrid,Coupe,Islamabad
42Ebfb13-B3B8-41Ae-B319-D9F61605D9Ab,2000,1000.0,70838.0,Manual,Petrol,Sedan,Lahore
5070Fdba-A49F-4Fa2-9Fe4-Bee4Ce69B304,2020,1000.0,14058.0,Manual,Diesel,Suv,Karachi
C1711479-4466-4D1D-9539-6516995Cc935,2011,2000.0,282372.0,Manual,Petrol,Hatchback,Rawalpindi
593C5E10-9Bef-4B8F-93A8-7A03Ae902Acd,2002,1500.0,221186.0,Manual,Petrol,Suv,Karachi
A2Ebc9B2-8Ed1-44A4-Ac1C-E5A8A1Fe1054,2021,2000.0,233447.0,Automatic,Diesel,Sedan,Rawalpindi
B39985Fa-224D-4944-A643-7E1597A9888C,2016,1000.0,105559.0,Automatic,Hybrid,Coupe,Lahore
F4D707E2-A3C7-441F-9B6F-E7Ccfb2B8Fa5,2008,800.0,53825.0,Automatic,Diesel,Coupe,Faisalabad
5340Ffee-1F4A-4477-8Bb6-051Ef8F18259,2017,2000.0,290615.0,Automatic,Petrol,Coupe,Rawalpindi
46Ce49A9-7D9A-4804-Af35-D252Bf7D5E39,2013,1800.0,309874.0,Automatic,Petrol,Sedan,Faisalabad
47F87004-1511-4774-9Dae-2F1F1Fa5E6A9,1998,1500.0,302201.0,Automatic,Hybrid,Sedan,Islamabad
2029165E-5De9-4632-9F02-Df97A391229A,2018,1500.0,248165.0,Manual,Diesel,Hatchback,Rawalpindi
49964384-4036-4684-A2B6-9200F4C117F1,2020,1500.0,10908.0,Manual,Diesel,Suv,Rawalpindi
4F2Fbce6-2775-4247-A943-5Dced8C90F52,2009,1500.0,121688.0,Manual,Hybrid,Hatchback,Faisalabad
6F1B550A-3Cec-4D25-8416-Edca52F05D4D,2024,2000.0,344435.0,Automatic,Petrol,Hatchback,Rawalpindi
E211F263-5Ff4-41Af-8987-79E4430C7Bf2,2011,2000.0,342098.0,Automatic,Diesel,Suv,Faisalabad
B485Bba2-74Cf-4F5E-A068-A29D780Ef6E7,2004,1300.0,45189.0,Automatic,Petrol,Suv,Karachi
810Ebe01-5579-443C-A52D-40Fc061C0640,2003,1800.0,258047.0,Manual,Diesel,Coupe,Islamabad
9697A667-E2C3-4747-A23E-Cdd984Bc7391,2026,1000.0,291939.0,Manual,Petrol,Hatchback,Islamabad
62110D70-Ccf9-4Fd1-8F3C-C23D6E46Cdfb,2009,2000.0,83154.0,Manual,Hybrid,Sedan,Lahore
Bf6A0D8F-8594-4806-Bd14-4A8960Cad8A6,2008,1500.0,59752.0,Manual,Petrol,Suv,Rawalpindi
03F509E4-8Fd0-4805-8543-61A8Ec4B2F4E,2006,1300.0,186248.0,Manual,Hybrid,Hatchback,Karachi
8801B97B-B9Fa-4Dd6-A9Fe-8F625D2A95Fc,2026,1800.0,316821.0,Manual,Hybrid,Sedan,Rawalpindi
C7080504-C290-41Fd-9718-2Ca0Cbd8C097,2023,1500.0,58159.0,Manual,Hybrid,Sedan,Faisalabad
6D68A05E-E343-42B2-A410-10125407492F,1999,1800.0,55265.0,Manual,Hybrid,Sedan,Karachi
A84Aedf1-C472-4099-Aa2F-6B1C0A927A9B,2009,1000.0,153156.0,Automatic,Hybrid,Coupe,Lahore
F70B7Cac-76Fd-432F-A346-E82Ab25Aeda1,2002,2000.0,190702.0,Automatic,Petrol,Sedan,Karachi
B8D48A14-1C37-42F2-B168-6B838C08Fd9F,2012,1500.0,3453.0,Manual,Diesel,Hatchback,Islamabad
Faac71Ee-0029-4612-8674-3F8A5Ecaf76B,2014,1000.0,44687.0,Automatic,Diesel,Coupe,Islamabad
Cbca6665-82A0-42Aa-A32C-A27121345921,2018,2000.0,128687.0,Manual,Hybrid,Coupe,Karachi
Ce4B72D9-F026-4B61-B544-366C6542A0Da,2002,1500.0,216745.0,Automatic,Diesel,Hatchback,Lahore
F7670610-F377-42E1-8863-Caf78766E403,2012,1000.0,5215.0,Manual,Petrol,Hatchback,Islamabad
54053E26-0Bfb-4D8B-A6B1-Ae6Cfaf5E250,2010,1000.0,227578.0,Manual,Diesel,Sedan,Karachi
899Fee2C-7Bf9-4732-8977-Bd0B5Fafd362,2016,800.0,331144.0,Automatic,Diesel,Coupe,Faisalabad
E76B37Bd-Db29-4656-B083-Ee60Beddf913,2007,2000.0,164466.0,Automatic,Petrol,Hatchback,Faisalabad
71208F84-0Bbe-4107-Add7-E00D9D8B5B8D,2017,1000.0,211779.0,Automatic,Hybrid,Suv,Faisalabad
5A1E301F-1583-4784-870E-257C48D0Ace5,2017,1800.0,341855.0,Automatic,Hybrid,Hatchback,Rawalpindi
Fa6Bc28A-3242-4Aa7-8A02-F939299B6721,2022,1000.0,158089.0,Manual,Petrol,Hatchback,Rawalpindi
Df968280-28D9-421B-Bdd7-22867Fb6126E,2021,2000.0,66063.0,Automatic,Petrol,Sedan,Faisalabad
Bb694D41-7C0A-4993-Abfc-A80Ac763E36C,2015,1300.0,273330.0,Automatic,Hybrid,Suv,Lahore
88A9Dc38-B203-41Dd-A6Af-A576971Eae89,1998,1800.0,310642.0,Automatic,Petrol,Hatchback,Rawalpindi
Ed438B8A-26C8-48Ed-A3D3-Acb68E2Fc7A1,2014,800.0,31428.0,Automatic,Diesel,Hatchback,Lahore
7F415E9A-91C4-454F-Bb6C-590Ac71F87A1,1999,2000.0,65404.0,Automatic,Diesel,Sedan,Rawalpindi
6C2F894F-5B8E-4338-A62C-4C370D547656,2008,1000.0,304922.0,Manual,Diesel,Hatchback,Islamabad
36626157-266A-43Cb-Ba76-6F2Ede9E76E5,2019,2000.0,300294.0,Manual,Hybrid,Coupe,Faisalabad
54Ff47F6-00Fc-44C5-8E14-9Bb46Ee805Ee,2021,1000.0,55169.0,Automatic,Hybrid,Suv,Islamabad
78Bc903C-1277-4F49-B439-817Dbfced928,2012,800.0,76836.0,Automatic,Diesel,Sedan,Lahore
F62350Ba-4372-4E2C-9763-2B9F49D8Ea91,1999,1500.0,68190.0,Automatic,Petrol,Coupe,Lahore
269B87Df-9A2A-4B6D-9F24-2C7Be6D26058,2009,2000.0,275909.0,Automatic,Hybrid,Coupe,Islamabad
75922382-C22B-4942-Ac52-Fda4309D84F5,2016,1500.0,333688.0,Automatic,Diesel,Coupe,Rawalpindi
Dd46644A-2E61-4F16-Bd7C-Db311E501C03,2024,1000.0,75678.0,Manual,Diesel,Coupe,Karachi
013D2F1B-0C54-4966-99A3-5C574C726268,2020,1800.0,277422.0,Manual,Hybrid,Suv,Rawalpindi
8E7De5Bc-F280-4608-97E1-Ee60F8D26033,2013,800.0,82229.0,Automatic,Petrol,Coupe,Lahore
7C33025E-5F91-4D05-B148-4D120A1D238B,2001,1300.0,299769.0,Automatic,Petrol,Suv,Lahore
8818C807-A9E0-4155-A318-2960A1920882,2009,1300.0,196324.0,Automatic,Diesel,Coupe,Lahore
Fd922B7E-8C00-402E-Bfc7-2B7F257F5C19,2023,1000.0,74522.0,Automatic,Petrol,Hatchback,Islamabad
E70D8754-A752-4700-Bdc7-078F0F1A2Ae5,2004,1000.0,256268.0,Manual,Petrol,Hatchback,Lahore
Ffd7A8Bb-01A1-4155-8205-40D35805B0Bf,1999,1500.0,252275.0,Automatic,Hybrid,Coupe,Islamabad
A7Ad2Cab-5Bb2-44D5-Adff-9963F38Deae1,2023,1500.0,249156.0,Manual,Petrol,Coupe,Rawalpindi
187Ea3F7-3C9F-45Fd-9D7A-D13458Fc8A5A,2019,1500.0,78109.0,Automatic,Petrol,Coupe,Rawalpindi
5E8538E2-1C97-46Dd-804B-508C4612B12D,2005,1500.0,177732.0,Manual,Hybrid,Coupe,Islamabad
E1369Fbe-13D5-438A-84E4-F8Fe379Db4D7,2018,800.0,86829.0,Manual,Hybrid,Hatchback,Faisalabad
10F79Ecc-6256-4230-9B34-9Ccf88C75146,2018,800.0,337596.0,Manual,Petrol,Sedan,Faisalabad
421Bc8A7-C90F-46C2-9Ace-37Febc127B6A,2014,1000.0,249474.0,Manual,Petrol,Suv,Lahore
017678F1-1C82-4618-B59F-7F75765A2704,2006,1000.0,128600.0,Automatic,Petrol,Hatchback,Rawalpindi
80079C50-5Fd2-4379-A78B-502Bd5D47Cb9,2016,800.0,257673.0,Manual,Diesel,Coupe,Karachi
38E61E06-B70C-4B85-Ac80-10E1Fd36A11C,2011,800.0,276772.0,Automatic,Diesel,Hatchback,Lahore
C5947Ab3-Ecba-4Cdb-992F-Fb34D0Ae48D8,2001,800.0,284048.0,Manual,Diesel,Suv,Karachi
6Ea1F004-Ad8A-4F35-8385-Ca777Ada428B,2006,800.0,80859.0,Automatic,Diesel,Suv,Lahore
2568A75A-70C0-49E1-B33E-B912E2980109,2017,1300.0,95136.0,Manual,Hybrid,Sedan,Islamabad
A74822C8-B079-4A8E-A5Ef-23184A631D5B,2010,800.0,167793.0,Manual,Diesel,Hatchback,Islamabad
3Cb6C1Bc-B231-4975-A10F-Abb0Edbd1547,2010,800.0,27199.0,Manual,Petrol,Suv,Rawalpindi
67Ad83B6-9Aec-4103-A9E7-D8B7131465D6,2014,1800.0,201876.0,Manual,Diesel,Sedan,Islamabad
3Fd69Bad-6759-47E2-9815-7C3De5Fefb7E,2012,1800.0,213425.0,Manual,Diesel,Sedan,Rawalpindi
0C0721Ac-C760-4Af5-B21C-2897C0Af946A,2018,1000.0,9763.0,Automatic,Hybrid,Sedan,Karachi
69Cf9195-D09C-4Ead-B842-Dc4Be716835F,2022,1800.0,341600.0,Manual,Diesel,Coupe,Rawalpindi
45E2Af66-611B-46D5-Adfc-E69B738Ee9Dd,2000,2000.0,262370.0,Manual,Petrol,Hatchback,Faisalabad
8Cbab544-893D-4C56-Af74-C6C51A2681Ed,2003,1000.0,281823.0,Automatic,Hybrid,Coupe,Lahore
D9F371Fa-D283-4Ac5-A187-De2D915Afc89,1998,1500.0,325441.0,Automatic,Hybrid,Suv,Lahore
25A4E647-5998-400D-B306-6C6A04C92D65,1999,1500.0,143289.0,Automatic,Hybrid,Coupe,Islamabad
F29A66Ab-3317-4F72-Baf9-F5C283F7F177,2024,2000.0,111544.0,Automatic,Petrol,Suv,Faisalabad
C3217D47-F0C4-4977-B5E7-837191C4F4F5,2016,800.0,157621.0,Manual,Diesel,Sedan,Karachi
7C4699Da-008D-4564-8E48-71A96A619A53,2021,1800.0,146516.0,Automatic,Petrol,Hatchback,Islamabad
Af013E25-145E-42Ef-9De5-974F4Eecbd99,2018,1300.0,237354.0,Automatic,Petrol,Hatchback,Islamabad
5Eb7721B-A18D-4963-9A93-8Fcb1D06B12A,2004,1500.0,314317.0,Automatic,Petrol,Suv,Lahore
D510F38A-7B8B-46B7-9284-B5Ee05Dc4E1E,2017,1500.0,2243.0,Manual,Hybrid,Suv,Rawalpindi
08Ae8A95-Cb04-4027-9C28-C3F6D61178C6,2015,2000.0,256364.0,Automatic,Hybrid,Sedan,Lahore
Aeab39C8-6Fab-4E9C-9565-E5782Ad28419,2015,800.0,233400.0,Manual,Diesel,Coupe,Faisalabad
7B5Fec56-1B15-4464-833F-6471105F7Aed,2009,1500.0,92896.0,Manual,Petrol,Coupe,Islamabad
C44C9651-D4F8-465B-B257-B30B9D3Fed0A,2004,1500.0,4909.0,Manual,Hybrid,Sedan,Islamabad
D8Db90B3-3E73-4B35-9A31-B5Ffb0B10667,2019,2000.0,187601.0,Manual,Petrol,Hatchback,Karachi
A1D01C46-1Dfc-42E2-84B9-089D7339C8F9,2005,1500.0,190316.0,Manual,Diesel,Coupe,Faisalabad
4Ef619D6-1D77-44F0-9B90-8231Db839D47,2004,800.0,102805.0,Automatic,Petrol,Hatchback,Faisalabad
F0745Bb0-235C-45C5-Bf1C-87Eaf186978B,2014,1500.0,89379.0,Manual,Hybrid,Suv,Lahore
3Ceb50A6-359F-4C70-A04D-Ff8Db88Ad753,2026,1000.0,34104.0,Manual,Diesel,Suv,Faisalabad
05E4Eb83-3007-4Cbe-8484-E36A2B0E9Bdd,2021,1300.0,100585.0,Manual,Hybrid,Hatchback,Faisalabad
Ae6148A7-B246-434A-950D-E9E6568F3B51,2012,800.0,223930.0,Manual,Diesel,Coupe,Rawalpindi
Ddb61134-7C10-4737-Bad1-72775B938908,2006,800.0,271735.0,Automatic,Diesel,Hatchback,Faisalabad
99A143F6-Ce14-4A06-A31D-927Ed508Caff,2022,800.0,117727.0,Manual,Diesel,Coupe,Faisalabad
59F60883-Aad5-4A2A-A2Ac-F1F2Fb4C5F85,2012,1300.0,2704.0,Automatic,Petrol,Hatchback,Lahore
8D0362Aa-5D30-463D-942A-6D436B590B7D,2016,800.0,118294.0,Automatic,Petrol,Suv,Karachi
1D124613-D5C3-4966-8447-Ea772E742Cfa,2003,1300.0,162951.0,Manual,Hybrid,Sedan,Lahore
D7B77Df6-987C-4256-Affd-10Aede55E85D,2013,1500.0,12595.0,Automatic,Diesel,Suv,Lahore
93Bb14Dd-Ecc9-425F-A9F1-71B1Efdb0F09,2013,1000.0,178678.0,Manual,Diesel,Suv,Lahore
0D8F9801-092E-4D36-8667-5B1Ef5Ee411F,2022,1800.0,324831.0,Automatic,Petrol,Coupe,Faisalabad
Ac6C291D-7401-40F2-Ae6D-E078Afae8Aa3,2001,800.0,31817.0,Manual,Diesel,Hatchback,Lahore
3Af8Daa2-7548-488F-8A54-Fb2E0Fa82Bd8,2023,1000.0,32507.0,Automatic,Petrol,Hatchback,Faisalabad
2Fadfdea-E363-4035-85E4-Ad52D286Dc94,2018,1500.0,34493.0,Manual,Hybrid,Sedan,Faisalabad
75E56F67-A333-49F9-8B09-6F8Aefbdfde4,1999,1300.0,199992.0,Automatic,Petrol,Coupe,Karachi
27107255-Ddf7-443E-Ac1F-21B516A56Dcc,2017,2000.0,327159.0,Manual,Diesel,Coupe,Rawalpindi
1008F271-5B93-44B4-90D6-7D696D1D9614,2023,1500.0,325169.0,Manual,Diesel,Sedan,Rawalpindi
9964A31B-E9C4-47E4-9607-6Cf43Ba27249,2014,1300.0,176706.5,Manual,Petrol,Sedan,Lahore
2Cd63B4A-9A8A-40D4-9B22-012F13B9A0Ef,2017,2000.0,35412.0,Manual,Hybrid,Suv,Faisalabad
9Ef0Cf38-424E-4276-Bc85-9Bae4C92Fc83,2006,1300.0,220728.0,Automatic,Hybrid,Coupe,Karachi
E56Cbc8F-2C30-46Bf-Bab2-8Bb134479463,2005,1000.0,23105.0,Manual,Petrol,Hatchback,Faisalabad
957Eb712-2455-4617-9066-D59270Cb6D0E,2011,1800.0,341681.0,Manual,Diesel,Suv,Karachi
Db90F1E8-E8D8-46A7-83D9-A32C146942Cb,2013,1300.0,316318.0,Automatic,Diesel,Hatchback,Lahore
2F64069F-10Fd-4F66-9Ef1-96038475A439,2014,1800.0,344812.0,Manual,Petrol,Suv,Faisalabad
Acc58418-161D-40Aa-B4Ee-Ab1Ef8F0893E,2024,1800.0,28629.0,Automatic,Diesel,Suv,Karachi
B92Af938-F13C-4Ee7-A6Dd-71169B31Bc69,2018,1000.0,35863.0,Automatic,Petrol,Coupe,Rawalpindi
889C032C-9218-418A-82De-D755Bbe4Cc3D,2017,2000.0,176706.5,Automatic,Hybrid,Hatchback,Rawalpindi
Fbb790E0-549D-49Fe-8F03-96624Afd23Bc,2008,1000.0,54970.0,Automatic,Petrol,Coupe,Karachi
A7Eaf7E1-D049-47Ff-A5C8-Cd7Fc9Da10A9,1998,2000.0,116929.0,Manual,Diesel,Suv,Karachi
F97Ef7Ef-Eca8-4568-9F19-2De515Cda46E,2013,2000.0,173809.0,Automatic,Petrol,Coupe,Karachi
89B25287-E66F-4Cc4-8C35-Fe26E3F801C4,2024,800.0,190220.0,Manual,Petrol,Hatchback,Lahore
9A87595A-18B1-486F-B958-1C1495Aea461,2015,800.0,74659.0,Automatic,Diesel,Suv,Faisalabad
23F9C3B5-6721-455F-9Afd-Cc6765125E91,2022,1300.0,23018.0,Manual,Petrol,Suv,Islamabad
1A2016Fa-198F-4B44-A8D8-2E22Ff34Ab38,2003,1000.0,137362.0,Manual,Diesel,Suv,Karachi
Cc3E0632-Db80-4F06-82A6-5B5E3502C1F0,2004,800.0,92315.0,Automatic,Petrol,Sedan,Karachi
8C30Dc2B-C835-4Bc4-Bfa5-Ba50A676D854,2010,2000.0,58179.0,Automatic,Petrol,Hatchback,Rawalpindi
39E39581-C798-446C-B1C0-4De4E7Aa245F,2005,1300.0,176706.5,Manual,Hybrid,Coupe,Lahore
98E02849-9949-4732-A95D-A17Fe4F65Afd,2001,1000.0,68574.0,Manual,Petrol,Coupe,Islamabad
1Cc6C24D-1852-458C-B235-912D625Cd2Ea,2008,1800.0,225202.0,Manual,Petrol,Suv,Faisalabad
2318398A-E433-4585-B258-B8814B9831D6,2007,1000.0,171799.0,Manual,Petrol,Hatchback,Karachi
8Ec918Ab-C56E-48F2-Aeeb-733F4Aa17893,2014,1800.0,256371.0,Manual,Hybrid,Sedan,Rawalpindi
9123082B-9A12-4372-B613-318D850C0079,2023,2000.0,322377.0,Manual,Petrol,Coupe,Faisalabad
7731773F-4F8D-4Cef-9D9F-0F1C1F6538Cf,2009,1500.0,272049.0,Automatic,Petrol,Hatchback,Islamabad
33627029-C4B7-4B74-984B-Adbfe106A9D8,2014,2000.0,253386.0,Automatic,Diesel,Hatchback,Faisalabad
F416Ea97-4D9D-4Ca1-8D47-F83Fb9B3082E,2010,2000.0,306175.0,Manual,Petrol,Suv,Karachi
Cf788A04-Fc0B-42C1-84E2-579887Ce8C1D,2012,1000.0,207565.0,Manual,Diesel,Coupe,Rawalpindi
Df025D2B-8Df1-42D6-8904-D7Cd9Cd19853,2016,1000.0,176706.5,Automatic,Hybrid,Sedan,Karachi
9696Dab2-C2E0-420D-95E4-E67Fb0907327,2022,800.0,154690.0,Automatic,Hybrid,Hatchback,Karachi
8Ad2953C-192D-4A3E-98D3-2876E443Bc52,2016,800.0,243926.0,Automatic,Diesel,Coupe,Rawalpindi
6Eeb693C-C483-46C9-815B-Ffd8E2B4Ab5A,2026,1500.0,192682.0,Automatic,Diesel,Hatchback,Rawalpindi
F7726490-911C-4889-Ad07-67134485A05C,1998,1000.0,231571.0,Manual,Diesel,Sedan,Islamabad
Bc49Ed33-4Bf4-416D-8A27-9868Cb4C7447,2000,1300.0,263069.0,Manual,Diesel,Suv,Lahore
Cdf5843C-9551-42C5-Bc46-A0C625Bb6309,2001,800.0,188867.0,Manual,Hybrid,Suv,Islamabad
Cd29Daf9-0219-4Ce2-8Bb4-644Fbf5Bf6C2,2004,2000.0,172617.0,Automatic,Diesel,Hatchback,Karachi
D97A0D06-2509-433F-91Ee-4C2B50F11547,2020,1800.0,72281.0,Automatic,Petrol,Hatchback,Islamabad
88D96895-22E5-4F92-9902-591E3Dde3Fbe,2024,1300.0,211713.0,Automatic,Hybrid,Sedan,Rawalpindi
Ec5885Ed-3319-495C-8226-153C5D1E98A8,2018,1800.0,78266.0,Automatic,Petrol,Suv,Karachi
98090A03-63C5-4Dd4-A9Cb-E595Cd8Ede5F,2013,1000.0,270441.0,Automatic,Hybrid,Coupe,Islamabad
4Bca6F18-4D0B-4F44-Bb14-7Ba047Ac2027,2023,800.0,164141.0,Manual,Diesel,Coupe,Karachi
0F0972Df-56E7-4512-87C4-98Adaf0242A9,2012,1500.0,176706.5,Manual,Diesel,Suv,Faisalabad
A9E073E8-Cb11-4D33-Bffa-Aa5F73E1C796,2002,1300.0,176706.5,Automatic,Hybrid,Hatchback,Islamabad
Bf548A5C-F128-4278-8550-5Ada0C3Ccf22,2005,1500.0,223199.0,Automatic,Hybrid,Hatchback,Islamabad
28789B1B-8381-44D4-805E-133Bdd45Dd36,2016,800.0,297574.0,Manual,Petrol,Suv,Islamabad
3A66D04D-868C-439C-B5Bc-261902369Bfe,2016,2000.0,316147.0,Automatic,Diesel,Suv,Rawalpindi
62F3F5C8-3B35-429D-9753-635285E5B6Aa,2000,1800.0,202602.0,Manual,Diesel,Sedan,Islamabad
Af6D25Fb-Ee0E-42Da-B892-1Fbe8B2Be336,2016,1500.0,335021.0,Automatic,Petrol,Suv,Lahore
0A739F87-305A-404A-B20F-035F9F9B66Dc,2019,1800.0,93132.0,Manual,Hybrid,Coupe,Lahore
19C2C6Cf-0B1D-496F-82Eb-731Fe5917Fc3,2003,1000.0,36433.0,Automatic,Diesel,Suv,Karachi
1E3Bece7-98Ea-4B72-8Ae5-76441Dff7423,2007,2000.0,274934.0,Manual,Diesel,Sedan,Islamabad
D060B815-C24D-4Fd9-A040-3Fd5A2Ce8F15,2014,800.0,90086.0,Automatic,Diesel,Coupe,Karachi
640E72D0-9780-44De-Abb5-Cbba4Ce68578,2001,1000.0,281255.0,Automatic,Diesel,Sedan,Rawalpindi
C17Ddf61-4Ced-4898-8000-C30E3001Aa7F,2004,1000.0,107833.0,Automatic,Diesel,Coupe,Karachi
911D3269-61Af-4Ec8-A588-Bd773Bcaf4D7,2017,1800.0,162693.0,Manual,Hybrid,Coupe,Islamabad
D59679Ca-8F6E-4758-Abb6-E0693C5334Ca,2004,800.0,74811.0,Automatic,Petrol,Coupe,Faisalabad
73669D24-94C0-4C29-83B4-D7E80Ebedc8F,2023,1000.0,275700.0,Automatic,Hybrid,Coupe,Rawalpindi
3708B623-4D19-47D9-Aec8-2Bc13Ba6556C,2012,1800.0,20491.0,Manual,Diesel,Coupe,Islamabad
3B2B8860-Cbd5-4D5D-9A72-4679B50D4Ba5,2020,2000.0,155948.0,Automatic,Hybrid,Suv,Rawalpindi
4Fe2Dac5-8127-4Ca5-Bbc8-Cba37884Cdc2,2005,1000.0,323871.0,Automatic,Diesel,Coupe,Karachi
1F5011F0-1F93-411F-A5D3-434143340B60,2020,1800.0,50087.0,Automatic,Hybrid,Sedan,Karachi
B8D532Da-A3F1-4C43-8A06-Eea269E2D2Da,2003,1300.0,329296.0,Automatic,Hybrid,Sedan,Karachi
1D4124B8-9B80-4Bb1-8133-8071Dfa2052D,2013,1500.0,176706.5,Manual,Diesel,Sedan,Lahore
D43Ee0A1-E119-41Be-A30E-7Eb48Deb16Dd,2014,1300.0,215008.0,Automatic,Petrol,Hatchback,Karachi
F125F80B-6Aae-4964-Ac59-Ab57260C127F,2014,800.0,242308.0,Manual,Petrol,Coupe,Rawalpindi
1843181E-16Ed-4839-B8D0-7Dfa1385253E,2008,2000.0,209370.0,Manual,Diesel,Sedan,Lahore
8352093C-3113-4390-9Dda-8De4B41B8Ed2,2006,800.0,176706.5,Automatic,Hybrid,Coupe,Rawalpindi
Aee5Dbae-Acad-4F5A-80Ca-02A18D07A82B,2012,800.0,43279.0,Manual,Hybrid,Coupe,Karachi
E252A5C4-B0B9-4651-B66B-5Da575D6Ba95,2013,1300.0,84602.0,Manual,Petrol,Sedan,Karachi
43E7C77D-Acf4-4444-B2A3-1F111050019C,2007,800.0,280312.0,Automatic,Petrol,Sedan,Lahore
Ecaca4F5-C06C-4A6C-8E87-2B16Bc193E9E,2019,1300.0,80476.0,Automatic,Diesel,Suv,Karachi
5E937788-B3Eb-4Cc9-B4Aa-022942C8564F,2020,800.0,279077.0,Manual,Diesel,Sedan,Faisalabad
Fe594Fab-01A0-4420-9F79-6Ce5C16Ad125,2018,2000.0,346051.0,Manual,Diesel,Hatchback,Rawalpindi
A8Aa8126-Eb44-478A-A9Db-E05B511A75Fc,1999,1800.0,2446.0,Manual,Diesel,Suv,Karachi
Cb201533-7F91-4432-A55D-4C050A880Fff,2009,1000.0,104850.0,Manual,Petrol,Coupe,Lahore
C81C4D5A-Dd30-4C90-B233-4C688Fdc169C,1998,1300.0,100742.0,Manual,Petrol,Sedan,Karachi
826047Ae-37Db-4749-A27A-5777655F0B36,2021,1000.0,23075.0,Automatic,Hybrid,Sedan,Islamabad
B4A9Bd78-466D-4286-8E56-56Ed130Db6Ef,2008,1800.0,328616.0,Manual,Hybrid,Suv,Faisalabad
D30A86Fe-6A3F-484F-86Fc-553Bc990E7A6,2010,1500.0,63336.0,Manual,Petrol,Sedan,Islamabad
Db96664B-5Cef-449C-B8Bb-5435C52Fd4Aa,2008,1000.0,7861.0,Automatic,Hybrid,Hatchback,Lahore
C04Ba090-F540-4A86-874C-60358662D3Cf,2010,1000.0,240530.0,Manual,Petrol,Hatchback,Faisalabad
A3F8E360-7A80-4C67-Add3-50341F2952A1,2009,800.0,35300.0,Manual,Diesel,Hatchback,Faisalabad
9A30Ad6F-7947-499B-Be03-6C4753C0089C,2013,800.0,281113.0,Manual,Diesel,Sedan,Faisalabad
E2Ebccb0-7Bd5-46Bf-85B2-8111682E60C6,2008,2000.0,203720.0,Manual,Diesel,Suv,Islamabad
B06827C6-E2E3-40F8-B3F2-D25D4D44D191,2019,1500.0,35396.0,Automatic,Petrol,Coupe,Rawalpindi
A7D7F962-D82B-4302-Ab73-06Acbfb45062,2014,2000.0,121857.0,Manual,Petrol,Sedan,Faisalabad
67D84B14-0A32-406B-B6Af-17E31Ae3Cf53,2022,800.0,161925.0,Manual,Hybrid,Coupe,Karachi
D83Fbd02-23F3-4Ab4-995F-A06007C930C6,2017,800.0,31416.0,Manual,Diesel,Coupe,Islamabad
A39A1Ebc-2397-41Ec-9Bde-15B702Bde002,2004,1000.0,176706.5,Manual,Hybrid,Sedan,Karachi
F7Ecf0E6-4613-4E39-A1Ce-E80Ee4Bb0Dc9,2021,1800.0,232640.0,Automatic,Petrol,Hatchback,Islamabad
7896Ac37-Aa40-4688-8972-0F609D2557Bc,2018,800.0,273087.0,Automatic,Hybrid,Hatchback,Lahore
Ce5F7882-81Ac-4C8A-Bbeb-3Ef19E3218D1,2005,2000.0,176706.5,Automatic,Petrol,Suv,Faisalabad
927E132E-18E7-4970-932D-71D2C7D4A469,1999,2000.0,130200.0,Manual,Hybrid,Coupe,Faisalabad
E1540C52-16A4-4Df0-A780-3A3E3Eacb1F1,2008,1000.0,231924.0,Manual,Petrol,Coupe,Lahore
Fbbe4117-08B0-45C6-8Dd8-87Fa7Ea63031,2004,800.0,332590.0,Manual,Petrol,Suv,Lahore
B7F11462-174B-4E4B-8B79-9559Ae7Da8F8,2003,1800.0,287753.0,Manual,Petrol,Sedan,Rawalpindi
Cea6Cbad-F3F9-4314-8Ed8-Eb825F621Be2,2021,1500.0,163296.0,Manual,Hybrid,Suv,Karachi
8F01077F-2883-46Be-82Cf-E2B7A1Ec143D,2011,1000.0,317640.0,Manual,Diesel,Hatchback,Faisalabad
436D4328-Ccd6-4Cc8-B78C-Efa2C0658Aae,2012,2000.0,105592.0,Automatic,Diesel,Sedan,Islamabad
E685Bc6F-3653-47A6-B4A2-41606Cb2A9E5,2010,1500.0,87957.0,Automatic,Diesel,Coupe,Faisalabad
6058C3D9-1D2C-4819-977D-E6C1C81Aee7D,2017,2000.0,227242.0,Manual,Diesel,Sedan,Rawalpindi
777Ef736-Ee95-4A89-A8Ab-6D81B3Afc43E,2011,800.0,157407.0,Manual,Hybrid,Suv,Islamabad
Bcc5E8Ed-9621-45Ca-9B60-D52C6A6A54Ad,2010,1500.0,160352.0,Automatic,Diesel,Coupe,Faisalabad
4895Ba9E-78B6-4F95-9005-07896Fd4De3C,2017,1500.0,37717.0,Automatic,Petrol,Coupe,Karachi
D5E43Eda-22E0-40Dc-B461-814C7F80F803,2002,1000.0,2191.0,Manual,Hybrid,Hatchback,Rawalpindi
8545De0C-C0D6-4Be0-Bb04-67884125828C,2010,1500.0,206910.0,Automatic,Diesel,Coupe,Islamabad
7406A43C-37Ca-412D-8076-7Ea5Ec70Abf4,2018,1800.0,176706.5,Automatic,Petrol,Sedan,Rawalpindi
3E72Eaa1-Ea54-4D68-986A-524969B70347,2016,1000.0,101831.0,Automatic,Diesel,Hatchback,Faisalabad
0Fa334F2-2E8E-4369-906F-D36Aa8D5D9C3,2020,1500.0,332912.0,Automatic,Hybrid,Sedan,Rawalpindi
D1C65596-Ee57-472B-8496-3B4Cf2C3Afea,2011,2000.0,129389.0,Manual,Diesel,Sedan,Islamabad
9A5Dd2C4-E278-48Ec-B53A-8A053A5F7Bf0,2018,2000.0,14814.0,Manual,Diesel,Coupe,Karachi
05504181-E7C0-4Cf3-95D3-2A175Dea5F5A,2006,1000.0,315699.0,Manual,Petrol,Sedan,Lahore
055F4053-903D-4E1D-A653-424E31Bf1Dfa,2018,2000.0,201508.0,Automatic,Hybrid,Sedan,Faisalabad
06A39F72-80F6-42Ec-B0Ce-C58Ef2370895,2004,1500.0,86939.0,Automatic,Diesel,Hatchback,Faisalabad
Dc0587Ce-Da3E-4Be7-A07F-00E362741B90,2015,2000.0,200691.0,Automatic,Hybrid,Coupe,Lahore
Adb81016-D0C3-4B15-A7Ea-D16F8Cde19E0,2001,2000.0,300213.0,Automatic,Petrol,Hatchback,Karachi
39B117Cd-Fbd7-4Eff-Af49-Ca00D2673D31,2021,1500.0,161533.0,Manual,Petrol,Coupe,Lahore
011840E8-4863-4009-A4E7-1829F71A9189,2001,800.0,219068.0,Automatic,Hybrid,Hatchback,Rawalpindi
9A5D20B4-457B-4008-8717-E640Ea800198,2003,1000.0,196425.0,Manual,Hybrid,Suv,Karachi
8A45Af55-3C86-4536-Bd9E-188D4881C437,2013,1000.0,263514.0,Manual,Diesel,Suv,Karachi
7E85B7A4-Aa58-4A3D-8Fe5-C8740652628C,2004,800.0,95802.0,Manual,Diesel,Coupe,Rawalpindi
86B28695-C1B8-4D5C-A241-51Bf8692Cab6,2018,1800.0,57249.0,Manual,Petrol,Hatchback,Lahore
58F7Abb5-C2Fa-4B7C-A31B-C0E59C6345Fe,2010,800.0,145103.0,Manual,Diesel,Sedan,Faisalabad
6614D2F1-9F44-46B1-8Cbe-7B53Fc47349B,2005,1500.0,254381.0,Manual,Petrol,Sedan,Islamabad
F7F0A541-34Ff-4687-8D11-B3A7Be75760D,2022,800.0,348820.0,Manual,Petrol,Suv,Faisalabad
4A48Fe1F-67E6-44F0-Bd35-Ebe4C91Ddbfb,2023,800.0,196957.0,Automatic,Diesel,Coupe,Islamabad
0F63E77C-2199-4992-Ab87-Baea282A1Ccf,2017,1500.0,176449.0,Automatic,Hybrid,Hatchback,Islamabad
1E0206Dc-F0Df-4Eff-B8E0-A2D8F2C460D3,2024,1000.0,189378.0,Automatic,Diesel,Sedan,Islamabad
50Acf791-Aaeb-438C-9Fde-656F91E51B85,2008,800.0,1617.0,Automatic,Hybrid,Coupe,Karachi
238Ac116-Ea35-4E4C-A665-0359Ebf8A188,1998,1800.0,64432.0,Automatic,Hybrid,Suv,Islamabad
F75B45F6-F975-4C88-Bd97-F6033C74394C,2012,1800.0,345440.0,Automatic,Hybrid,Coupe,Karachi
005471Fa-90A9-4601-9757-7E5444F4F32C,1998,2000.0,168916.0,Manual,Hybrid,Hatchback,Lahore
2F5Fb478-B193-4607-9F5B-63A0F0384887,2023,2000.0,170668.0,Automatic,Petrol,Coupe,Rawalpindi
2C89952A-7996-42Cf-8Fc3-69Ff44D8B297,2021,1800.0,42660.0,Automatic,Diesel,Coupe,Lahore
A101533E-9E81-4254-8794-E48331D54F37,2021,1500.0,154068.0,Manual,Hybrid,Suv,Faisalabad
B54800Fa-5041-4D88-82Ae-702A79E5E5Bf,2016,2000.0,264574.0,Manual,Petrol,Coupe,Lahore
5B1E7708-C031-48Da-A3A8-Daa1F7883997,2007,2000.0,287701.0,Automatic,Petrol,Coupe,Lahore
4616A81B-93B1-4831-B784-Ab9507Bec9A3,2013,2000.0,283465.0,Manual,Petrol,Suv,Karachi
B0B312B4-95B5-43Bd-B488-1D9Fa28A1345,2022,2000.0,46888.0,Manual,Diesel,Sedan,Karachi
A685B633-D97E-405E-8Ccb-72609246590D,2008,1500.0,146988.0,Manual,Hybrid,Hatchback,Rawalpindi
D1968F22-7Cf4-4Cd7-9Ad9-663B0Db9Bf72,2019,800.0,348901.0,Manual,Hybrid,Coupe,Lahore
A9322F9E-C6F0-4C12-A595-004023Be12A9,2023,2000.0,174483.0,Manual,Hybrid,Sedan,Islamabad
3E4E45Dc-6Daa-4135-89E0-764928A93771,2010,2000.0,200094.0,Automatic,Petrol,Suv,Islamabad
6Bbd8320-035E-449C-A0Fa-Fbddff2065A6,2001,1300.0,176706.5,Manual,Petrol,Hatchback,Faisalabad
7Cb8413C-E82F-4A72-89Af-6D9624736D32,2004,2000.0,60873.0,Automatic,Petrol,Hatchback,Rawalpindi
Bff586C0-Bde5-46Ad-A158-Cacc908F079B,2016,2000.0,880.0,Automatic,Petrol,Suv,Rawalpindi
A0Bcd497-7Cc3-4Ad9-A083-7C91B16C64E9,2011,1300.0,191377.0,Manual,Hybrid,Suv,Lahore
F49Cb2Fc-5513-4169-A726-1Bb817143C37,2010,800.0,282220.0,Automatic,Diesel,Suv,Islamabad
2Fd79324-2F68-470D-926C-E6Bae1C1Eae7,2024,1000.0,262056.0,Automatic,Petrol,Hatchback,Karachi
4A64C5A7-4Adb-4C0E-8Eac-9Ab0C4B0Ea3C,2021,2000.0,18006.0,Automatic,Diesel,Sedan,Islamabad
Ebadd602-87Ad-40C8-B066-5Be9F80473A1,2020,1800.0,250757.0,Manual,Diesel,Hatchback,Rawalpindi
E3Fca15E-Fb46-45Fc-8E1B-9F3E7B300Aff,1999,1300.0,80059.0,Manual,Hybrid,Suv,Lahore
8D7A78A9-D18D-4Cec-Ba84-8707Fb793Bc5,2022,1000.0,255592.0,Automatic,Diesel,Suv,Lahore
7Ca89E45-Da08-45D4-Ae3C-1Ed96D79E47C,2015,1500.0,176900.0,Automatic,Hybrid,Coupe,Islamabad
1Df12D1F-19F4-4061-Ab2F-B86E7C98Bd87,2022,1500.0,205029.0,Manual,Hybrid,Hatchback,Islamabad
Abed94Ac-1C7D-4Bba-9Fcb-2Dbf4Ef525E3,2026,1000.0,287315.0,Automatic,Petrol,Suv,Islamabad
9687B3Ba-7B09-4Aa8-9117-1C55E492C99E,2022,1800.0,28376.0,Automatic,Diesel,Suv,Faisalabad
0B19664C-23Fb-4Edf-96D0-B8B5A78Ffc5A,2002,1500.0,252938.0,Automatic,Petrol,Suv,Karachi
Fb90F374-385F-4E4A-84D8-E339F8Bba346,2023,2000.0,102579.0,Manual,Diesel,Sedan,Karachi
Ab386194-Bf0C-4F88-8A3A-1Ebf8E8Ae049,2010,1500.0,88197.0,Manual,Petrol,Hatchback,Rawalpindi
21701Edd-0F37-42A4-93E1-Eb7B7777C310,2003,800.0,61523.0,Manual,Hybrid,Coupe,Karachi
F57Ae40C-833C-4014-Aa0C-78529317B876,2018,2000.0,211809.0,Manual,Petrol,Sedan,Karachi
483E7544-C1F1-4624-A42E-1746B27A6475,2010,1500.0,158696.0,Manual,Hybrid,Coupe,Lahore
Bb29Bb9F-0595-458C-A8F3-887Bf94E8Cba,2022,1500.0,340950.0,Automatic,Diesel,Coupe,Islamabad
D78A9995-Cce2-46E2-8F0E-Fe18662337C6,1998,800.0,61146.0,Manual,Petrol,Coupe,Faisalabad
48069D9F-1313-42E5-Af49-71C6F3Fda821,2005,800.0,307678.0,Automatic,Diesel,Sedan,Faisalabad
Ba916965-4C66-4Ae6-960E-1B19Ac17F0D5,2003,1500.0,253855.0,Automatic,Diesel,Suv,Lahore
Dc3A486C-4A94-41B1-B96C-74E3F24B57E2,2008,800.0,281810.0,Manual,Diesel,Sedan,Rawalpindi
9Df25E8F-B555-46E8-Bf58-D7E4Cad1Acbc,2015,1800.0,277918.0,Automatic,Petrol,Sedan,Karachi
B1Bacacf-6545-42Dd-9Ca7-48E99D6Ba1D8,2019,800.0,94720.0,Manual,Petrol,Coupe,Islamabad
1Bd029Ab-5329-4381-9Ce7-Da51773E752A,2001,800.0,67536.0,Manual,Hybrid,Suv,Lahore
5A56F623-9F33-4178-Bdb3-9Eb3Bd8Ebca8,2015,1300.0,18352.0,Manual,Petrol,Hatchback,Islamabad
De2Dfc8B-83Aa-4285-93B8-A6Cf258A27Ac,2015,1000.0,221800.0,Manual,Petrol,Hatchback,Lahore
De87Ee65-099C-4151-9Cd5-C653205E8679,2014,1300.0,345588.0,Automatic,Petrol,Coupe,Islamabad
77726441-C0Da-4F7F-Ab1E-8D582639F72C,2014,1300.0,317808.0,Manual,Hybrid,Sedan,Lahore
68Eaf26D-5F54-4B92-8Bc1-A4442Ddcc30E,2005,800.0,98604.0,Manual,Diesel,Suv,Karachi
Ad4F254F-4212-4A0E-9Ee9-E53Aeb652768,2026,1800.0,113267.0,Automatic,Diesel,Suv,Faisalabad
06F78649-A5Cc-430D-A1Eb-Ee30E3E5E699,2011,800.0,288279.0,Automatic,Diesel,Coupe,Karachi
72Cfc184-3C4E-46Dd-824C-F2F3C38Cfedd,2010,1500.0,43649.0,Automatic,Hybrid,Coupe,Karachi
A58Cecb0-603A-4D24-9268-C51Db66F2309,2015,1000.0,36992.0,Automatic,Hybrid,Suv,Islamabad
46097Aa1-7828-4Ea4-9433-3D6D94Eabd96,2016,2000.0,339618.0,Manual,Diesel,Suv,Islamabad
6424De90-9863-42B1-8D72-639F6937Dec9,2023,1500.0,198674.0,Manual,Hybrid,Suv,Lahore
74A1Cad1-8838-4A2B-86D1-664F96B5D44D,2006,800.0,278643.0,Manual,Hybrid,Coupe,Lahore
3B5C6269-Aec9-4524-Bc15-B768Edc54Eef,2008,2000.0,46648.0,Automatic,Diesel,Hatchback,Karachi
E822Acbd-A7E1-41F7-89Ca-20106E9D50Dc,2023,1000.0,143469.0,Manual,Petrol,Coupe,Karachi
Fd68E61B-0B2C-45F7-B817-92A5Ecd00Fc4,2010,800.0,64751.0,Manual,Hybrid,Hatchback,Faisalabad
Db05Bc62-E182-4C94-80D7-4Bf117E44898,2024,1500.0,50090.0,Automatic,Hybrid,Hatchback,Faisalabad
8Aaa85E7-5752-4E60-B61E-094421Aaf3Da,2006,1800.0,51939.0,Manual,Petrol,Hatchback,Rawalpindi
E4De9B7E-C7A8-4051-91Ad-5C98915E6776,2003,1300.0,278754.0,Automatic,Diesel,Suv,Islamabad
68B66Ef8-A188-4C29-8C60-0Eaad5B5106C,1998,2000.0,269256.0,Manual,Hybrid,Suv,Karachi
186D0B62-Ac07-4Df0-98Bf-6334A85F9C3F,2010,1800.0,140178.0,Manual,Hybrid,Hatchback,Karachi
30C49906-5012-4C3B-B60D-738F207Ba030,2019,1800.0,219280.0,Automatic,Petrol,Coupe,Islamabad
Ec075A03-Da38-4489-A794-6386Ebe2555D,2023,1500.0,263312.0,Automatic,Diesel,Coupe,Faisalabad
9C4F114B-8B3D-4B0B-9273-23Ba9E8A38E5,2020,1000.0,160006.0,Manual,Diesel,Coupe,Islamabad
F136Eb41-2Bba-478D-888C-D9Fbdfeb2686,2000,2000.0,41667.0,Manual,Hybrid,Suv,Lahore
B99Cfd97-68A0-4E69-Af3F-0371C4Df644B,2003,1800.0,30100.0,Manual,Hybrid,Hatchback,Faisalabad
71Ccad77-7Af7-4D24-Bb86-B3Df36D0F6Ea,2013,800.0,222289.0,Manual,Diesel,Coupe,Faisalabad
F55D6B50-A1E6-403D-Ac08-A671794Dd201,2019,2000.0,279135.0,Manual,Diesel,Sedan,Faisalabad
661F3F4A-Ecb7-4A79-8F97-3C5Df8Fca20B,2004,2000.0,3822.0,Automatic,Hybrid,Hatchback,Karachi
45061181-628D-4E73-842F-282Efd958Af9,2026,2000.0,176706.5,Manual,Hybrid,Coupe,Karachi
18B876D2-2Ef2-4C4E-Ba5C-D762942D5579,2019,1800.0,118000.0,Manual,Petrol,Hatchback,Karachi
19C69688-28B5-41De-Abbd-0823F39036C7,2014,1300.0,26689.0,Automatic,Diesel,Coupe,Karachi
D5F842Cd-B260-448B-9764-Dcbd5Db94860,2009,800.0,177187.0,Manual,Hybrid,Sedan,Islamabad
Cea31B93-350E-47B9-9996-16626C95Bdcc,2007,1500.0,153902.0,Automatic,Petrol,Sedan,Faisalabad
976445Fc-9Faf-499A-8064-Bf16463B6979,2010,1000.0,159813.0,Manual,Diesel,Coupe,Lahore
9Aed438A-F6Cf-43F7-Bc66-1F1804Eca718,2009,800.0,322715.0,Automatic,Diesel,Hatchback,Islamabad
614Ab236-1Abb-4299-B835-57Ad050D2905,2001,800.0,183354.0,Manual,Diesel,Hatchback,Lahore
C26Ef63D-29D8-4027-9194-61F41Cd2396F,2001,1500.0,257973.0,Manual,Petrol,Suv,Rawalpindi
5578404D-5873-4C52-Bce3-E242F46743Ab,2001,1500.0,3623.0,Manual,Hybrid,Hatchback,Karachi
57Cdcfa7-729D-476F-9326-2D4A30B794F4,2013,1500.0,196245.0,Automatic,Diesel,Coupe,Karachi
171D848F-E79C-4B41-A529-8C6288930Fd7,2015,1300.0,56987.0,Automatic,Hybrid,Coupe,Karachi
D1335Ac1-Fcd8-42C0-9Bfb-757378F2C77C,2002,1300.0,227520.0,Manual,Diesel,Suv,Lahore
5A095A43-7Ce3-4850-8F8C-F94C192436E0,2004,1300.0,21105.0,Manual,Diesel,Coupe,Islamabad
955D9935-21Da-453E-930A-E8C3Fd2D0376,1999,1000.0,349283.0,Manual,Diesel,Hatchback,Lahore
Af93Dc00-8Ee5-4230-B7Ce-2E1132D723D6,2011,1500.0,288423.0,Automatic,Hybrid,Suv,Islamabad
4016D4Fe-58C9-4D28-Ac6B-B5432Ce897Ab,2022,1500.0,263118.0,Automatic,Petrol,Sedan,Lahore
29F28495-0C05-4D37-B346-E2D51F050F10,2023,800.0,66125.0,Manual,Diesel,Sedan,Karachi
9Ea6Ce99-Cfb7-42B0-A183-Ccd6733Fb329,1999,2000.0,179380.0,Automatic,Hybrid,Sedan,Rawalpindi
3272C2Bc-D231-4Bb3-8C58-156F98371Fea,2013,1300.0,147966.0,Automatic,Petrol,Coupe,Karachi
A27Ae50A-26E3-4C89-890A-3F37Dd05Fe58,2017,1000.0,268036.0,Manual,Petrol,Hatchback,Lahore
F1539306-9A9C-4082-97B2-870Fe19Fadd3,2006,2000.0,129684.0,Automatic,Petrol,Coupe,Lahore
9B76B820-3502-4004-B4Fa-Cda1A23F56Cb,2020,2000.0,263367.0,Manual,Petrol,Suv,Karachi
B98D9B7F-A308-4F86-9A47-5Ab8Dcc6A6A9,2001,1000.0,176706.5,Manual,Diesel,Suv,Karachi
140494A2-9889-49A2-B729-Cd6Fe27768Bb,2011,800.0,323206.0,Manual,Petrol,Sedan,Rawalpindi
0Ca3C926-Fafa-4B0B-9A2B-E0A7Cdf846Ca,2011,1800.0,160665.0,Manual,Petrol,Hatchback,Rawalpindi
Fd9Cca2A-657F-42Ad-8908-652Bcf3D3792,2013,800.0,267315.0,Automatic,Hybrid,Sedan,Islamabad
241F10Be-Bcc5-4125-9C06-60A2F5Bfa5Aa,2001,1300.0,190618.0,Automatic,Diesel,Coupe,Karachi
B7631667-9109-46Ac-9C57-281Cc1A95963,2008,800.0,95290.0,Manual,Petrol,Sedan,Islamabad
7D6Fac61-47Cb-4Dd2-8Dba-9Bf2488Fc078,2004,1300.0,176706.5,Automatic,Hybrid,Sedan,Rawalpindi
62Da1829-0E20-4097-B86C-2Cfe48Dbee93,2003,1300.0,257575.0,Automatic,Diesel,Hatchback,Lahore
Db9E9430-0F80-4D34-9Cdc-67120F6B620A,2001,2000.0,7162.0,Manual,Diesel,Hatchback,Islamabad
4C08Be94-Cbbd-4F3B-Abad-5A4E8B8530E7,2021,1800.0,277276.0,Automatic,Petrol,Hatchback,Karachi
32B57964-C7F5-4D7D-9E55-3Fa39Ed68692,2026,1500.0,45734.0,Manual,Petrol,Sedan,Lahore
78B7D6D9-14D2-490E-8Ab4-E3De07D767F4,2016,2000.0,99842.0,Manual,Hybrid,Coupe,Lahore
9B7Fb5E2-6Fca-43C3-B29F-Fe2Fa2Bd1C81,2000,1800.0,324539.0,Automatic,Diesel,Coupe,Karachi
Aac27E36-E898-4680-8Aa7-029258Ff2286,2015,2000.0,80568.0,Manual,Petrol,Suv,Rawalpindi
0A3Bd4Dc-82B1-418D-9931-0D4C418382Bb,2015,2000.0,132396.0,Automatic,Diesel,Coupe,Lahore
78Eed4C7-8108-4E79-B2E7-522D253F6E0E,2011,800.0,253137.0,Automatic,Hybrid,Sedan,Karachi
11Ed0159-E089-40F5-8287-3Ddd5De4B7D0,2017,1300.0,67598.0,Automatic,Petrol,Sedan,Karachi
Bfbceb9A-6D1C-424E-984B-01Fe5F16A435,2021,1500.0,259536.0,Manual,Petrol,Coupe,Faisalabad
8B71Ae3D-C573-4Fae-B7B4-13C23129Da3B,2010,1800.0,204601.0,Automatic,Hybrid,Hatchback,Karachi
3Ff16Aef-B476-49Af-B555-99Cc60307B6F,2003,800.0,83887.0,Manual,Hybrid,Sedan,Faisalabad
0Da5Eab8-3Cb2-4609-802E-D4B3Fb78Fcc5,2012,1800.0,275289.0,Automatic,Diesel,Suv,Islamabad
129Faf1B-Aa3C-4Fea-81E5-Bef616072294,2020,1300.0,176706.5,Manual,Petrol,Suv,Lahore
40Fb41D2-98Fc-4Ce8-B7Eb-336C3De6A94D,2015,1000.0,153009.0,Manual,Hybrid,Suv,Islamabad
40B05530-12Ac-4125-90E8-8E8E6Cf91Bfd,2002,1300.0,176706.5,Manual,Petrol,Sedan,Lahore
3533675F-7E50-47D7-8E45-1B910B8F8224,2018,1300.0,331708.0,Automatic,Diesel,Sedan,Faisalabad
Ea983C2D-8866-4A0F-B3C3-C30D7682502E,2006,2000.0,70050.0,Automatic,Hybrid,Hatchback,Islamabad
6C57Ac0C-8C6A-4A2B-B099-F4428E5C728A,1999,2000.0,176706.5,Automatic,Petrol,Hatchback,Karachi
233C51A3-9F2D-4A18-Bd34-B6F5257980D2,2006,800.0,281746.0,Manual,Hybrid,Coupe,Islamabad
3E1A1Ab9-082C-4498-B365-B754048A3B69,2018,2000.0,316849.0,Manual,Diesel,Suv,Islamabad
7Dba7A96-0A0E-48B7-842E-6Dbbed0527Bd,2006,1000.0,304959.0,Automatic,Petrol,Coupe,Karachi
Fc9Dfa4C-1947-4D7B-8Ea7-7E88B845F5F9,2021,2000.0,227490.0,Automatic,Petrol,Coupe,Lahore
Ad334C48-092E-4A86-B69D-Eaea0A2E6E63,2013,1000.0,240852.0,Manual,Petrol,Suv,Faisalabad
Ce41D94A-96C7-4F8B-9F80-B473060Afed2,2013,2000.0,94585.0,Automatic,Petrol,Hatchback,Karachi
7D5916Bd-64B7-46Eb-9833-8Dedb296814E,2003,1500.0,318673.0,Manual,Petrol,Suv,Lahore
A0856456-425F-4E0C-8033-D5Ea76B3D59D,2011,1000.0,238563.0,Automatic,Petrol,Suv,Lahore
6505Ebd9-Fed8-4F6A-B60A-A923E212227E,2017,800.0,198115.0,Automatic,Petrol,Sedan,Lahore
E0539A27-97Ab-48B4-B9E9-8C2A444Be6A3,2022,2000.0,22932.0,Manual,Petrol,Sedan,Islamabad
B345F725-4E2A-4B9E-A6Ec-8704283Df812,2002,2000.0,314382.0,Manual,Petrol,Sedan,Faisalabad
B82B72F4-3D66-47F1-B95A-Fb00E928A970,2021,1300.0,44546.0,Manual,Petrol,Coupe,Faisalabad
Cf7C4B74-Ad52-46A4-82F8-63066Da07E21,2012,1000.0,161158.0,Automatic,Diesel,Suv,Karachi
Da47F37D-5A92-436C-8967-34A73Ae5065D,1999,1800.0,140224.0,Manual,Petrol,Sedan,Lahore
94866Dea-Cd44-489F-8F77-392Bee42C446,2015,1300.0,53774.0,Automatic,Petrol,Sedan,Karachi
A4C32F98-96C4-4936-8D2C-063B8F1088B4,1998,1000.0,223941.0,Automatic,Petrol,Hatchback,Islamabad
466F0A2D-A4Ec-4D02-8Ae1-172B914Fa976,2005,2000.0,201716.0,Manual,Diesel,Suv,Lahore
Bbfb3A40-0937-4F5A-A398-E04C2Fc7C389,2005,800.0,147751.0,Automatic,Petrol,Hatchback,Lahore
7Fc94Ffb-Bb0C-4322-89B9-728D587A201D,2009,800.0,22726.0,Manual,Petrol,Coupe,Faisalabad
5D5617Be-Fafe-4A71-8C80-908E0Be599E3,2008,1800.0,95087.0,Automatic,Petrol,Hatchback,Faisalabad
4F02Ae11-180D-49Bb-A184-2D66335032Ea,2024,1300.0,182654.0,Manual,Diesel,Coupe,Islamabad
Ebfd7833-246B-462F-8081-7E00F3F631Ca,2006,2000.0,40039.0,Manual,Petrol,Suv,Islamabad
438C7373-3339-4A19-B329-850Ec426D62A,2002,1500.0,234197.0,Automatic,Petrol,Sedan,Faisalabad
76C8A175-Cd0E-475A-85Db-6Fc67083C226,2011,2000.0,146001.0,Manual,Petrol,Hatchback,Karachi
Ccc0A60D-F20F-4B12-9Bb0-5C19148Cfc90,2003,1500.0,184868.0,Automatic,Diesel,Coupe,Rawalpindi
D5Eba7F5-6101-4C65-8134-Fd54F80Af069,2020,1500.0,176706.5,Automatic,Petrol,Suv,Rawalpindi
B19D7449-8D42-411C-Ad65-E3276673Eb23,2011,1800.0,260624.0,Automatic,Hybrid,Suv,Rawalpindi
9988313E-264A-43Da-9802-782Ee87Ed6Bf,2000,1800.0,221166.0,Manual,Hybrid,Sedan,Karachi
C6409Bda-F12B-4663-9097-3C197B10Edd5,2009,800.0,106577.0,Manual,Diesel,Coupe,Karachi
C1Cc2628-4Bd6-4437-81Ac-59C8808C53Bc,2001,800.0,183158.0,Automatic,Petrol,Hatchback,Rawalpindi
7Ef81Aba-2745-47Db-8831-F9593535Ff9E,2002,1800.0,220765.0,Manual,Petrol,Suv,Lahore
6E8Bd5Cb-C77F-43Ed-Bd9B-D8Ec1A024A2A,2021,1000.0,61465.0,Manual,Diesel,Sedan,Rawalpindi
1B00A2F0-73E5-4F58-A3Ac-133A4F329909,2009,800.0,55579.0,Manual,Diesel,Suv,Lahore
6B4783Dd-E190-47B1-Aa36-Dbf3C0798341,2002,1300.0,74070.0,Manual,Petrol,Sedan,Lahore
25Da81B7-6D69-4Cb7-Ac04-689B1Ace6Fc2,2016,1500.0,176706.5,Manual,Diesel,Suv,Faisalabad
Bf35A598-A20F-42Ae-92C4-25Ed47Fd84Af,2020,1300.0,246512.0,Automatic,Hybrid,Hatchback,Rawalpindi
8Bf110Dd-A9A7-4Dcf-8E9E-C23De3166F75,2023,2000.0,6925.0,Automatic,Petrol,Suv,Lahore
4Df39887-54Ca-4Eb5-B511-E74F1A9Cc291,2018,800.0,316760.0,Manual,Hybrid,Suv,Lahore
82C31072-0E81-44Cb-A653-73C3F61Fb9F6,2010,1500.0,238182.0,Automatic,Hybrid,Hatchback,Karachi
2Fca3341-01B3-4Ed6-B5Eb-27Eca5B7Bfcc,2011,1000.0,142515.0,Manual,Hybrid,Coupe,Karachi
03Bced78-1285-40B4-A31E-98E0E774224A,2021,1000.0,209926.0,Manual,Petrol,Coupe,Karachi
6B8440A9-046A-4420-8711-Bbd51F3D0C2B,2024,2000.0,293231.0,Manual,Hybrid,Coupe,Rawalpindi
4Df50A37-2Df9-4647-86B3-C1Bb202Ffdd5,2008,2000.0,336535.0,Automatic,Diesel,Suv,Lahore
Fb7816C1-79Dc-4Bfb-93Bc-3F3846292284,2023,1300.0,339029.0,Automatic,Petrol,Hatchback,Lahore
B72D8318-2Bf9-45D9-8C40-5957Cdd0C50D,2001,800.0,190160.0,Automatic,Petrol,Suv,Islamabad
3858Cb37-622B-4Bb2-8D97-Dfe619E07Abf,2003,1800.0,55818.0,Manual,Petrol,Sedan,Islamabad
1912Cad5-Dea1-4560-Ad6B-6E095A9B74E5,2004,1800.0,105762.0,Manual,Petrol,Hatchback,Lahore
33C94761-6633-4945-A146-65488Faaaa57,2016,1800.0,23527.0,Automatic,Petrol,Sedan,Islamabad
09E5E6D4-22D9-4548-B38C-699257Dea1Cc,2000,1300.0,4445.0,Automatic,Diesel,Coupe,Faisalabad
788D2Bce-273D-440A-A688-F79376Efccea,2004,1300.0,204808.0,Automatic,Petrol,Sedan,Islamabad
7F0A0938-7Acb-43A6-Be71-4903C346Ea77,2011,2000.0,264020.0,Manual,Hybrid,Suv,Lahore
A9A73C13-D5Db-4131-A05A-0Fc04C8770D8,2016,1500.0,250060.0,Manual,Diesel,Suv,Karachi
4Ba11D0A-3011-41D5-A880-19F33617226C,2019,1500.0,176706.5,Manual,Hybrid,Suv,Karachi
0C670925-6Bca-4035-B617-Aef3Bc6Aa978,2023,2000.0,342999.0,Manual,Hybrid,Suv,Faisalabad
8E26C875-37Ec-44E9-8C8E-876B03Ae89Ad,2014,2000.0,319154.0,Automatic,Diesel,Suv,Islamabad
0Dd13Aac-175A-43Dc-B889-054214Ca051F,2007,1300.0,326878.0,Automatic,Petrol,Coupe,Karachi
Bb3C8986-90De-454A-903B-99504589E828,2004,1800.0,318178.0,Manual,Petrol,Coupe,Lahore
957B8451-1E78-4A35-B20B-D9Ac511072A2,2023,800.0,74775.0,Automatic,Hybrid,Sedan,Rawalpindi
3A533D0D-3501-457D-A789-433289Cdbc74,2001,1500.0,164478.0,Manual,Diesel,Suv,Lahore
Ef82Edcc-0Faa-477F-9042-864Fad9F97Dd,2006,1800.0,190488.0,Automatic,Petrol,Sedan,Karachi
Fc7Add6A-D55E-4478-A566-F7A4B7Fd44A5,2020,1500.0,135236.0,Automatic,Diesel,Coupe,Karachi
F0A39B78-C16F-42A7-B7E3-67Baa5A95255,2001,1800.0,255988.0,Manual,Diesel,Hatchback,Rawalpindi
D3Dc33Cc-3797-4553-Bcb8-41121Db43C2D,2011,1800.0,67624.0,Manual,Diesel,Hatchback,Islamabad
69E6Cccb-C5E5-4618-B9C4-Bd3Cee4Aa661,2000,2000.0,216632.0,Manual,Diesel,Sedan,Faisalabad
89Bcfdb1-4F0F-4463-B3Cb-4C679Eaf9974,2018,800.0,128354.0,Manual,Petrol,Sedan,Islamabad
12Cb4C42-A288-42Ec-8420-E834F83E9A8D,2010,1000.0,298914.0,Automatic,Petrol,Suv,Rawalpindi
7Bba67F8-A1Ba-4Ab3-B714-B529Ebf6D568,2012,2000.0,49022.0,Automatic,Diesel,Coupe,Faisalabad
28A8Fca9-Ed9C-4707-B74F-50747C06D259,2024,1500.0,57209.0,Manual,Petrol,Sedan,Rawalpindi
2C563D0C-Ff7D-40Ac-8Bf8-2B0F27C0176D,2022,1500.0,104580.0,Automatic,Diesel,Sedan,Islamabad
Ba0D8F6C-Ad0A-4E54-9Dbf-8Acf14884Cb3,2008,1800.0,254958.0,Manual,Hybrid,Coupe,Lahore
07A59222-C8D8-4636-Af77-B0416D2F03C3,2006,1500.0,20070.0,Manual,Diesel,Suv,Karachi
Dab693B2-F2E9-44D9-Bcbe-B81634Ebe221,2008,1800.0,16422.0,Automatic,Petrol,Hatchback,Rawalpindi
Ed9Fba0C-C204-41D6-B538-07994A0Ad8F7,2013,1000.0,28352.0,Manual,Petrol,Coupe,Islamabad
99B290Fc-4E47-4Aad-8Ede-C4958Ec0847E,2006,2000.0,92330.0,Manual,Petrol,Sedan,Islamabad
364B8A1A-F0F7-4264-A3Af-37Aa25148551,2010,800.0,156414.0,Automatic,Diesel,Suv,Islamabad
Cf99Ab3C-Bf41-42Ec-Bc1B-07B440Bc836F,2003,800.0,48465.0,Automatic,Diesel,Hatchback,Karachi
63F0B899-3855-4C76-Bd63-296F516Dad05,2004,1300.0,219729.0,Automatic,Diesel,Suv,Rawalpindi
6Cb1Aae6-E8Df-4013-9Baa-E67717F2Dc18,2009,2000.0,299010.0,Automatic,Petrol,Suv,Lahore
970D585A-593D-4166-9861-F30765880218,2021,2000.0,303295.0,Manual,Diesel,Hatchback,Lahore
94393261-15B4-4D63-Be84-E1D4A932B799,2002,1500.0,77325.0,Automatic,Diesel,Sedan,Rawalpindi
843A2D93-2191-43B7-A34B-E6594A18C75B,2006,1800.0,1927.0,Automatic,Petrol,Coupe,Faisalabad
Aa7Daa69-9C01-4Deb-8154-A62615070948,2001,800.0,114621.0,Manual,Diesel,Suv,Faisalabad
8Eca6Af7-793C-4109-A981-Be6F5Db1D649,2010,1000.0,182497.0,Manual,Petrol,Sedan,Islamabad
Db8Eaa8C-2Ab9-4Fdd-Be92-4Dd739Ccfbe0,2024,1300.0,8488.0,Automatic,Diesel,Sedan,Rawalpindi
2Bb7A320-5Fb7-46A9-90Ad-57841C2Fa13F,2018,1500.0,217083.0,Automatic,Diesel,Hatchback,Faisalabad
3F607650-439C-4De1-8Edc-B8C1B492D5C3,2011,1800.0,176069.0,Manual,Petrol,Coupe,Rawalpindi
D18B811F-6Dc4-4472-B78A-Aba9Aaed4804,2009,1000.0,289802.0,Manual,Hybrid,Coupe,Rawalpindi
Ad8Ff89C-47B8-4Fb7-Bf1A-19Ab474F0Bd7,2007,2000.0,229372.0,Automatic,Hybrid,Sedan,Lahore
5F82F97E-584E-4868-8Cd8-Ffc2F4C0E9E0,2023,800.0,46996.0,Manual,Hybrid,Coupe,Lahore
072Fd919-C933-4A9A-Aa19-022E2B881106,2013,2000.0,176706.5,Manual,Hybrid,Coupe,Faisalabad
D34Bf981-C74F-4Ba5-A59C-4Fa9D7B989D7,2016,800.0,151993.0,Automatic,Petrol,Suv,Rawalpindi
D427Ff2E-7F36-416D-A9Fe-Bb4C92D2E464,2015,1500.0,60031.0,Manual,Diesel,Sedan,Islamabad
85E8423C-75D5-47D7-Bfc3-333869801Fad,2023,1500.0,176706.5,Automatic,Petrol,Hatchback,Karachi
61E65Aac-1F5B-4525-B2D9-7D4C85Fe403B,2014,1300.0,140304.0,Automatic,Diesel,Coupe,Karachi
80D573B2-1563-4B81-B079-69003E8A04Cf,1998,1500.0,17130.0,Manual,Petrol,Suv,Islamabad
52B9B562-5A65-4483-Af92-Ffe6682Ccf22,2024,1800.0,314544.0,Automatic,Diesel,Suv,Faisalabad
2D6C8Af9-Bcdd-4Baa-80C3-0Dda744791B5,2026,1000.0,291367.0,Automatic,Petrol,Coupe,Lahore
1Aef8A65-2D01-4403-82C4-5254B585C24B,2023,1800.0,224973.0,Manual,Hybrid,Coupe,Karachi
C53Eb584-447F-4788-B906-0141Bb490Fef,2010,1300.0,271202.0,Manual,Diesel,Suv,Lahore
3D97A037-0Da4-45E4-81D5-F958719609Bb,2020,1000.0,264375.0,Manual,Hybrid,Coupe,Islamabad
8Eef79B8-F4F0-47Af-Bb8D-F0782E7411Ea,2024,1800.0,83389.0,Automatic,Petrol,Sedan,Lahore
4Cb04E90-6Eb1-4Afc-8Fff-F7B5Da080A1A,1998,1500.0,6049.0,Manual,Petrol,Sedan,Faisalabad
74818876-9A06-47Bc-8041-F6D6E0D1A849,2010,800.0,68444.0,Automatic,Hybrid,Hatchback,Karachi
64F857C5-63F5-4574-B7C3-2406788Bdfe5,2005,2000.0,116263.0,Automatic,Petrol,Suv,Rawalpindi
64Cdb767-C60E-48D9-9647-A58Ca087910E,2022,1300.0,345640.0,Manual,Diesel,Sedan,Karachi
2B31Ecf7-74B5-4F98-9Ef6-D39F84003A73,2018,800.0,334698.0,Manual,Petrol,Coupe,Faisalabad
00D62C46-2Eda-4F01-A708-77F0Af81Bf42,2001,800.0,74362.0,Automatic,Diesel,Suv,Lahore
F333B27A-B894-4134-Ac89-8449Dd0Efd37,2000,1500.0,189476.0,Manual,Diesel,Sedan,Rawalpindi
F7112Da5-2D31-4E3F-A324-C5B261C5Bf20,2023,800.0,216921.0,Manual,Diesel,Sedan,Karachi
7F70Df28-79D0-47D2-9E05-4C0193Caa1E2,2019,1500.0,196741.0,Automatic,Hybrid,Coupe,Karachi
38C49D9E-5011-4A28-Bb25-Ff24C155F162,2003,1300.0,5316.0,Manual,Hybrid,Sedan,Lahore
D9176Bf5-7Bff-4E09-Af6F-A986B2Dc50B2,2008,1300.0,253708.0,Manual,Petrol,Hatchback,Lahore
58Ba589D-9308-4E88-B344-F32B4D04Ebdb,2004,1800.0,15495.0,Manual,Hybrid,Suv,Karachi
37Cae60D-E4Fa-4C6C-B4Af-2A78Df3F89Ab,2009,800.0,176706.5,Manual,Diesel,Suv,Karachi
6F91C525-Eaa8-48Eb-B67C-D07Fed65E784,2000,2000.0,66364.0,Automatic,Diesel,Coupe,Karachi
B12F7477-0721-42F0-B25D-F0C47794F056,2000,1300.0,289143.0,Automatic,Diesel,Coupe,Rawalpindi
Cc3B0582-9Fda-4F19-Bd36-B35B15Cee035,2014,1500.0,101216.0,Automatic,Petrol,Suv,Islamabad
5E1Fa3E9-4Ace-4E9D-A602-295689010F0C,2010,800.0,305999.0,Automatic,Petrol,Suv,Rawalpindi
481463Fc-2269-4Adb-B22F-5E8537C584D6,2011,1500.0,222160.0,Automatic,Diesel,Sedan,Faisalabad
B55C97Ac-Ea1F-4578-975B-75F259A8F622,2010,1500.0,104711.0,Manual,Diesel,Sedan,Rawalpindi
1E1321A0-C092-4A3E-Bb85-0B3Cc73856E5,2003,800.0,268098.0,Automatic,Hybrid,Coupe,Islamabad
B4Df8259-510B-4Eb2-Ab37-2Ee3843D9838,2017,2000.0,278133.0,Automatic,Diesel,Sedan,Lahore
2Bcdbf23-7991-4Ac0-9F3B-3A17Ae886D76,2003,1300.0,225122.0,Manual,Diesel,Suv,Lahore
72398F5C-9C2F-4Eda-Ac52-40B555De72A9,2004,2000.0,194857.0,Automatic,Petrol,Hatchback,Lahore
Cdddff06-89B6-49B4-A1F1-5Af77E2F520D,1998,1300.0,5715.0,Automatic,Petrol,Coupe,Faisalabad
D57A58D0-D6C2-4F71-B34F-A20Ddac64899,2023,1300.0,121974.0,Manual,Diesel,Hatchback,Faisalabad
064A2452-8E89-4C4C-84Ae-57457Cdbd4C5,2004,1800.0,114013.0,Manual,Hybrid,Hatchback,Faisalabad
4947B7Ae-832B-419B-9F03-B8460843630E,2023,2000.0,39229.0,Automatic,Hybrid,Coupe,Islamabad
36Ab8678-9F3C-4Da8-B81F-8Ff6E43Cc6Fc,2024,1300.0,103887.0,Manual,Petrol,Coupe,Rawalpindi
Dcf1878B-6333-42F5-9A3D-59407770D5Bd,1999,1300.0,220849.0,Manual,Petrol,Coupe,Karachi
73Cdaf7B-2Aa9-4162-97E9-C1B0032C191F,2017,1300.0,309943.0,Automatic,Petrol,Sedan,Islamabad
12D86B56-3E9A-40Cd-B16D-2A59455B7F25,1998,2000.0,301863.0,Manual,Diesel,Hatchback,Karachi
B1589B26-5291-4Df9-A227-E5D30C18B81F,2024,1500.0,19402.0,Manual,Diesel,Sedan,Lahore
2B0D4Afb-8402-48Be-8619-C36A73Ce7520,2013,800.0,217620.0,Automatic,Diesel,Hatchback,Islamabad
Af998160-7261-4E19-Af35-A5668761D69A,2010,800.0,291740.0,Automatic,Diesel,Sedan,Rawalpindi
0A26Ae37-E0A2-4087-A43A-8B434292672D,2007,2000.0,238331.0,Automatic,Hybrid,Sedan,Islamabad
Bc29381E-D847-44D8-Aab7-0C2C3B1F68Dd,2017,800.0,15355.0,Manual,Petrol,Sedan,Karachi
1Ae189Bf-A513-4979-A5E2-60Dd6791Be20,2001,1300.0,228423.0,Manual,Petrol,Sedan,Karachi
Ec2Ed167-8522-4426-867B-88C76C3Ef53B,2021,1300.0,281835.0,Manual,Hybrid,Sedan,Islamabad
C48Ac831-Dc5E-42C1-861E-65C17B1299F5,2023,800.0,58092.0,Manual,Diesel,Sedan,Islamabad
8Bda11E5-0856-4Edc-8428-11C02627D4D6,2008,2000.0,321257.0,Automatic,Diesel,Suv,Karachi
2Ca36651-232C-4Cad-A5Eb-53Ce82A41Dfd,2016,1500.0,62862.0,Manual,Diesel,Suv,Faisalabad
624655Ed-Fe3A-4973-B5B5-35A9Ce0E5D78,2011,2000.0,176706.5,Manual,Hybrid,Suv,Faisalabad
03D76A41-Ce63-4E51-B427-A3E59B3762D2,2013,2000.0,256955.0,Automatic,Diesel,Coupe,Karachi
569B8A7A-0Bd4-4087-978C-977Ae9E905D1,2000,1300.0,155312.0,Manual,Diesel,Suv,Karachi
3E1C2471-D0Fe-48C3-Aa5C-4Eae6A11Da26,2020,800.0,39397.0,Automatic,Petrol,Suv,Lahore
49Cffa09-86E2-428D-900C-8D1E41A78B68,2019,1000.0,245445.0,Automatic,Petrol,Coupe,Lahore
58D8068A-3F91-4068-B915-E70Dc1660099,2008,1000.0,309604.0,Automatic,Diesel,Coupe,Karachi
B48644C0-Df81-4Ce6-Aff1-Cf04360F16De,2014,800.0,68189.0,Manual,Diesel,Coupe,Rawalpindi
86049B97-E28C-4F47-A651-F08910Bb8736,2017,1800.0,106441.0,Automatic,Petrol,Sedan,Islamabad
E18Cc904-71A9-4454-829C-1Ccba952B405,2011,1000.0,161033.0,Manual,Petrol,Coupe,Lahore
E8Fa17Ef-900E-4Aa6-81Ea-36E46Ed63427,2021,800.0,126124.0,Manual,Diesel,Suv,Islamabad
68Ab2F0D-7Daa-44A7-A2A6-D668405067A9,1998,1500.0,347018.0,Automatic,Diesel,Hatchback,Lahore
2288D1A2-1E4F-4D07-8Df8-C43B7D04838E,2015,800.0,185821.0,Automatic,Petrol,Suv,Rawalpindi
2Ac3Bc75-75B4-4915-B115-B5505391Fb99,2014,1500.0,266299.0,Automatic,Petrol,Coupe,Islamabad
4039Bfbd-88D1-4585-8646-7E270C88Df34,2009,800.0,25760.0,Automatic,Hybrid,Coupe,Karachi
6F799E97-Facc-47C1-B7Ab-4F327758Fea2,2007,1000.0,211126.0,Manual,Hybrid,Hatchback,Faisalabad
873B2302-9C15-4F36-Ad82-Af88A52Faa79,2017,1500.0,271905.0,Automatic,Petrol,Sedan,Karachi
4Aea5D03-7A63-4393-8A54-D4102Ed64680,2001,1000.0,60391.0,Manual,Petrol,Hatchback,Karachi
8D11D4Be-C240-47E9-8B33-745Bab49B46D,2000,1800.0,52969.0,Automatic,Petrol,Coupe,Rawalpindi
9B9Aea39-D295-4195-87A9-2001B16Fa022,2010,800.0,115284.0,Automatic,Diesel,Suv,Karachi
89Ae5B57-7De9-4945-Aef8-D79Dc262D412,2023,1000.0,182259.0,Automatic,Hybrid,Hatchback,Lahore
861Eb07B-5Da4-43Aa-Ac72-Cc0076B5B589,2001,1000.0,263842.0,Automatic,Hybrid,Hatchback,Karachi
Ba7F5Aa9-Deba-4Deb-8F35-993261A4Aec3,2003,1300.0,36414.0,Manual,Petrol,Hatchback,Rawalpindi
Bd2Eee66-C15E-4Bbc-Ad5B-Bd50092Ed8E8,2002,800.0,349192.0,Automatic,Diesel,Hatchback,Lahore
2Aae8141-Af71-4F53-B279-F47C0D76226D,2003,1300.0,40358.0,Manual,Hybrid,Sedan,Faisalabad
232F8791-285B-4317-Ae57-B46C2E01A691,2009,1500.0,305743.0,Manual,Diesel,Suv,Rawalpindi
9C76Deed-5054-4Fe2-8B9A-365086Fc9831,2001,800.0,176706.5,Automatic,Petrol,Suv,Karachi
75F31039-0667-4208-A3E3-96C240461847,2022,800.0,52424.0,Automatic,Hybrid,Hatchback,Rawalpindi
Ece54Ffc-8D66-451A-A951-95C8A56A0974,2013,2000.0,183910.0,Automatic,Hybrid,Coupe,Islamabad
Ca074A00-9C2A-4525-9Fe9-C03Cf4E5Cb86,2009,1500.0,7109.0,Automatic,Diesel,Hatchback,Faisalabad
C1Fba630-C581-4B4E-96A0-F573D74894E8,2022,2000.0,312341.0,Automatic,Petrol,Hatchback,Faisalabad
F2Da348B-5B23-4E56-8E0E-599De61Ffa1E,2021,2000.0,10867.0,Manual,Diesel,Suv,Karachi
1E2C7F7B-Bbd7-4634-Aa2A-12B555618A12,2009,1500.0,16202.0,Manual,Hybrid,Coupe,Islamabad
A8Bbf5A7-1933-44Df-B020-D7F78Eed3C4A,2004,2000.0,46805.0,Manual,Diesel,Sedan,Islamabad
C5A32216-9Bbc-40C9-Ad1A-8A8A33B95E6D,2018,2000.0,285693.0,Automatic,Hybrid,Suv,Islamabad
Bbbdd48E-507E-4C33-8B20-87A8F0B67C0B,2019,1300.0,173641.0,Automatic,Hybrid,Coupe,Islamabad
8E0Bbfa5-74F9-4Bc4-A35B-Fe473E1B0700,2007,1000.0,21548.0,Manual,Hybrid,Sedan,Rawalpindi
835829E2-2422-4764-B384-5Aa5Bd1670C3,2023,1500.0,297094.0,Automatic,Diesel,Sedan,Lahore
070328F2-Ea50-42Ac-9Bf3-0F3B1C61E445,2013,2000.0,77139.0,Automatic,Hybrid,Suv,Faisalabad
64A04A47-6C62-4171-Ba92-37E5Ba063040,2007,1800.0,292626.0,Manual,Diesel,Coupe,Islamabad
3D093D58-9632-43A9-Bd29-380F0A80868D,2000,1300.0,8174.0,Automatic,Petrol,Suv,Islamabad
1Fca7Fb6-9558-486C-8499-51Ea0042Af1A,2024,1800.0,64715.0,Manual,Diesel,Hatchback,Lahore
33598290-C8Fd-4Abb-B4E8-Afb087E185D5,2011,1300.0,346162.0,Manual,Petrol,Hatchback,Karachi
9142B521-3492-435B-B92A-3E30Dfdc240E,2009,1300.0,263189.0,Manual,Petrol,Hatchback,Karachi
7D367F5E-32F3-444A-A20E-8B611F12A44E,2021,1000.0,226519.0,Manual,Diesel,Suv,Lahore
7Bbfc4C4-Aa40-4B4B-8E12-Db7Bc8313904,2013,1300.0,130405.0,Automatic,Diesel,Coupe,Lahore
6890D3Bd-1A1C-42Cf-9A14-2428F69Eca68,2006,1300.0,313020.0,Automatic,Petrol,Coupe,Islamabad
462Bf0B0-Ed3A-45B8-9C8A-1Ee4D9C7C901,2023,1800.0,72968.0,Manual,Diesel,Suv,Rawalpindi
Ca0F46C2-Ab6E-4De1-8Fce-8E4Eb20Ba1D4,2015,1000.0,157843.0,Automatic,Petrol,Hatchback,Faisalabad
9A4Bc467-E0D2-4F2C-80Ae-Ac7699D99C7D,2018,1500.0,286172.0,Manual,Diesel,Coupe,Lahore
234D36D3-9Ab6-4D27-8Bd5-Be4Fb1210629,2002,1800.0,231683.0,Automatic,Hybrid,Hatchback,Rawalpindi
4Dcb2692-Dc12-4Faa-Ad4D-Bb464D742E00,2009,1500.0,244607.0,Automatic,Diesel,Coupe,Lahore
35F15Eec-8Ea9-4Cb1-B565-152179955D3C,2015,800.0,220682.0,Manual,Petrol,Hatchback,Karachi
3D5D4888-877E-4911-Bd91-78B8F8C40B6D,2016,1800.0,195617.0,Manual,Hybrid,Hatchback,Lahore
16Fbd2A0-F686-4Ac4-Ad57-F588298715Fd,2022,1500.0,66026.0,Automatic,Hybrid,Sedan,Rawalpindi
3Cda680C-46C2-4C9D-9543-F0C447Bf440E,2023,1800.0,241288.0,Manual,Petrol,Sedan,Islamabad
332C7Bbd-C2Bf-4E10-888E-Befa209778F2,2024,2000.0,56124.0,Automatic,Hybrid,Sedan,Islamabad
Cafb21Cd-1B9A-4B85-A911-D95494771698,2026,1500.0,173700.0,Manual,Petrol,Sedan,Karachi
D3975851-D4Dc-410C-B809-E5Ffe5568940,2014,1000.0,294675.0,Automatic,Petrol,Suv,Karachi
B6567888-A281-4926-9Ff8-7Ea99718Ca86,2007,2000.0,162996.0,Manual,Diesel,Suv,Lahore
Ce1F071D-Dbcf-471D-817C-D336A5Dfc7B4,2000,800.0,80227.0,Manual,Hybrid,Sedan,Karachi
86756344-B999-4C9A-9F79-2E6Ca16641C0,2004,800.0,248377.0,Manual,Hybrid,Coupe,Rawalpindi
70C42Efb-427F-4C41-A0Cf-8531B7Ef6307,1999,800.0,157246.0,Automatic,Diesel,Suv,Karachi
Fac690B3-Fd5A-4D4D-8076-1E1Ceb1464Af,2024,1800.0,136457.0,Automatic,Hybrid,Sedan,Rawalpindi
27A0B545-9Ba7-40E9-A97A-5F009454A321,2002,2000.0,11354.0,Manual,Petrol,Suv,Karachi
8D2Ddbde-1C79-4701-9B23-3F9C66365B5C,2014,2000.0,286618.0,Manual,Diesel,Coupe,Islamabad
9F1F3Ff3-Dcc3-4B66-935F-23289117Ab2D,2007,2000.0,52439.0,Automatic,Diesel,Hatchback,Rawalpindi
D359426C-818A-4B93-9Bfc-6Ae944Fcc74E,2010,2000.0,56274.0,Automatic,Diesel,Coupe,Karachi
E00651Ee-E916-495B-Afe7-1C2Df11Ff116,1998,1300.0,239642.0,Manual,Hybrid,Coupe,Lahore
3B433Cae-A7Ac-4813-Bfac-C2622Bc9443C,2016,1300.0,17869.0,Automatic,Petrol,Hatchback,Karachi
C4Dd98Ce-0Ade-4Caf-B733-B7Db2432F933,2012,2000.0,240307.0,Automatic,Petrol,Suv,Islamabad
6Adcedba-0129-46C8-8F6B-6801Cc0257D6,2014,1800.0,110509.0,Automatic,Hybrid,Coupe,Faisalabad
Eaa741Eb-E930-421B-Ba5B-45765D9E0790,2000,1000.0,343890.0,Manual,Diesel,Hatchback,Rawalpindi
Fd440378-02Dd-405B-8F24-Dda0758416Ba,2020,1000.0,145930.0,Automatic,Diesel,Sedan,Rawalpindi
Afd9Bed2-Be05-4464-B88B-6Ea69Cbdbe6A,2010,1500.0,317635.0,Manual,Hybrid,Hatchback,Karachi
Db9F0D76-30Dd-49E8-8E38-842B1109C098,2020,1300.0,308728.0,Automatic,Hybrid,Coupe,Lahore
E7D7Ced1-24A1-4185-Bd97-66Aa0D631B18,1999,800.0,83455.0,Manual,Petrol,Sedan,Rawalpindi
B99823Bd-40C2-4Ca4-9Efb-6D19Ba0F7301,2019,1500.0,169690.0,Manual,Hybrid,Suv,Lahore
D2525590-1F3B-4605-Abab-7Eb4Ee493C3F,2003,2000.0,176706.5,Automatic,Petrol,Sedan,Faisalabad
2D48E9A0-8Bde-41Ef-8307-484742F44A48,2006,800.0,19617.0,Manual,Diesel,Hatchback,Faisalabad
60F6Bf71-6Aa5-47E1-B9D5-A6B991Fa8C1A,2018,800.0,91261.0,Automatic,Petrol,Coupe,Rawalpindi
43979016-3426-4D39-Bfb9-C8B148058693,2002,2000.0,300825.0,Manual,Petrol,Hatchback,Rawalpindi
054E65B4-E440-4067-Aa24-1C583Ab7966F,2012,2000.0,149993.0,Manual,Petrol,Suv,Rawalpindi
Aee37A20-B7B0-45A3-B9Fe-Cb063A5Aa836,2026,1800.0,100818.0,Manual,Hybrid,Sedan,Lahore
6Ad8B679-Aca4-4A27-B620-9A1A07E5E4D9,2004,800.0,73695.0,Manual,Diesel,Coupe,Faisalabad
61Ec7654-6Cb1-4886-87D1-1F9589214Bda,2015,800.0,176706.5,Manual,Hybrid,Coupe,Karachi
Fd90115D-D770-4D1F-83Ac-9C269Dd39330,2024,1000.0,299038.0,Automatic,Hybrid,Hatchback,Islamabad
A9C484F4-1D6E-42D8-Bfca-4A2Fb1Dadc8B,2017,1800.0,72285.0,Manual,Diesel,Coupe,Rawalpindi
4Cc4D2B0-Cb73-4A03-B20C-976517A1Cff8,2000,1800.0,40969.0,Manual,Hybrid,Hatchback,Lahore
444Eb980-1F1B-4B4B-8F62-40411B3C698A,2001,1500.0,120886.0,Manual,Hybrid,Hatchback,Lahore
4941215D-5F29-48Fa-A7Bb-98641A2B138E,2005,1300.0,131796.0,Automatic,Hybrid,Hatchback,Lahore
C0391399-6027-4316-9Fa2-699A4A29C78F,2003,1300.0,39204.0,Manual,Hybrid,Hatchback,Rawalpindi
150D0F6D-Eb50-4021-Bb85-659672E34116,2017,800.0,286230.0,Manual,Hybrid,Coupe,Islamabad
5Ec277F2-288F-437C-Adff-6Dff485A3F89,2018,800.0,16921.0,Automatic,Diesel,Hatchback,Karachi
5044478A-E4Cd-449E-B048-7E412088Ec8D,2008,800.0,73027.0,Manual,Hybrid,Hatchback,Lahore
47250313-Aab3-43F2-87F7-E6B740Db02D2,2005,1500.0,38226.0,Manual,Diesel,Sedan,Rawalpindi
2273Abeb-1175-412D-99Ca-C4B672A97B68,2017,2000.0,321091.0,Manual,Hybrid,Coupe,Karachi
C80170C0-28E0-4C2C-9D3C-57Ec21F068C9,2006,2000.0,21884.0,Manual,Petrol,Coupe,Faisalabad
373C075A-Deed-48D8-9923-95Bc4F04Bd1F,2005,2000.0,183635.0,Automatic,Diesel,Hatchback,Karachi
11D38Ce7-4Ba1-451C-A598-3C0D9F0Cf8F0,1998,800.0,13816.0,Manual,Hybrid,Coupe,Lahore
Ee5C4683-7625-4Fe8-8950-4E87B73E747C,2015,1500.0,27336.0,Automatic,Diesel,Suv,Rawalpindi
42C3F299-2E18-4F0A-946D-Cb9F26C0920A,2020,1500.0,288119.0,Manual,Petrol,Coupe,Lahore
F0Abb4F5-88D5-407B-B9D4-1696875010B8,2017,1300.0,184438.0,Manual,Diesel,Coupe,Lahore
9D7507Ba-009E-4727-Beef-C276D5786Ceb,2005,1000.0,48229.0,Manual,Petrol,Coupe,Faisalabad
801Dea08-Ded9-43B5-A496-066864657E27,2016,800.0,7811.0,Manual,Petrol,Sedan,Lahore
92Ac190B-2691-4F43-9701-82B3Bb108865,2002,1500.0,94682.0,Automatic,Petrol,Hatchback,Islamabad
5C001990-507B-4F27-800C-9C2957D1182A,2017,2000.0,128054.0,Automatic,Petrol,Coupe,Rawalpindi
094672A2-5E51-41Ab-8Ce3-4148Eca2E06D,2019,800.0,344242.0,Manual,Petrol,Hatchback,Faisalabad
08658701-F3E2-4Dc2-8F48-1889583D84Ec,2004,1500.0,187148.0,Manual,Diesel,Hatchback,Islamabad
Af1F4681-6E96-4E52-8E9A-B23D78D5C04F,2022,1800.0,176706.5,Manual,Hybrid,Hatchback,Islamabad
39480259-3B25-4F94-Acd4-4A5346D8Ad27,2020,1800.0,263950.0,Manual,Petrol,Hatchback,Rawalpindi
F60A7505-406F-4Dac-Ab7E-96015C6B76B1,2020,1800.0,254912.0,Automatic,Petrol,Suv,Karachi
B9Baa09E-7579-40C2-A4Ad-5620D55Dff1A,2024,1800.0,120867.0,Automatic,Hybrid,Suv,Lahore
D7650C1B-F09C-418B-B655-Bfb87294C5Cf,2009,2000.0,74428.0,Manual,Petrol,Coupe,Rawalpindi
Baf6Ab31-361E-44Ee-Afb9-5Dc5E4A0F331,2001,800.0,261571.0,Manual,Diesel,Hatchback,Faisalabad
A8778092-Bc3B-44Fa-8600-Ae387E0Bdd70,2010,1300.0,44298.0,Manual,Diesel,Coupe,Rawalpindi
D0B04Bc9-4D87-460E-B0A9-D331437E8930,1998,1500.0,201674.0,Automatic,Petrol,Suv,Karachi
7F9Eab5F-63C4-4A52-8C47-23292Bc07405,2010,1000.0,345991.0,Automatic,Hybrid,Sedan,Islamabad
08F88F04-7F90-4E96-Bdc7-3E6Db033Cefb,1999,1800.0,182349.0,Manual,Hybrid,Hatchback,Islamabad
60Abd4A8-1Eeb-4F54-8F2A-0Adf9B66E347,2023,1800.0,113531.0,Manual,Diesel,Coupe,Rawalpindi
Ad20E182-B1Fa-4B93-B433-833Fc2D90823,2023,2000.0,29946.0,Manual,Hybrid,Coupe,Islamabad
87436514-698E-4449-8C96-5828766A4Aff,2015,1500.0,222211.0,Automatic,Petrol,Coupe,Rawalpindi
B82D1270-Cffd-4315-Ad81-Befde0Baa801,2021,1000.0,69139.0,Manual,Diesel,Hatchback,Lahore
3A1436Ec-F7Fd-4Da3-Ba54-Fd21A06E9Dc7,2005,1800.0,155097.0,Automatic,Hybrid,Coupe,Lahore
29E0C054-E7A2-41B2-8161-520A547B7B58,2017,1300.0,189632.0,Automatic,Hybrid,Hatchback,Faisalabad
Af73978F-9D89-4E5D-A5F9-1B1Aab9C3F58,1998,800.0,160901.0,Automatic,Diesel,Suv,Rawalpindi
0C683B08-23Ab-4E63-93B6-361Cab7D98B9,2012,800.0,230639.0,Manual,Diesel,Sedan,Islamabad
7E319031-196B-4958-9D14-8A4161F5Bd6B,2013,2000.0,291823.0,Manual,Diesel,Sedan,Faisalabad
E337Cbb4-8444-4E91-A336-Eb0290Be476C,2000,1300.0,319987.0,Automatic,Petrol,Coupe,Karachi
746Aeabc-Ad89-4B67-83Cd-77023Acdf7Bb,2006,1300.0,136074.0,Automatic,Petrol,Suv,Karachi
E2E20Ef3-8Ed7-4D65-9375-1A1Cd35380C3,2002,1800.0,343921.0,Manual,Petrol,Sedan,Lahore
Fe3Fcbb6-F73C-4F43-9296-Cec7D0E4064C,2003,2000.0,265666.0,Automatic,Hybrid,Hatchback,Lahore
55E4016D-6B6D-4D44-868E-8A52944Ac1A1,2015,2000.0,119512.0,Manual,Hybrid,Hatchback,Islamabad
754C641F-068D-48D5-94E0-1Ee4E5A42Fd5,1998,2000.0,185249.0,Manual,Hybrid,Suv,Islamabad
Dbd8F5C3-065D-4779-8D62-351A4E35E112,2001,800.0,265781.0,Automatic,Petrol,Sedan,Karachi
E48F911E-5Ce7-477C-Be79-4751Fa279714,2004,1300.0,299035.0,Automatic,Hybrid,Coupe,Lahore
9Dcdc477-8Bc0-4C39-9C91-Df1120F86389,2018,1500.0,148417.0,Manual,Petrol,Hatchback,Faisalabad
1Dc15Dc3-57Ab-4E94-A085-1D50898F474A,2023,1300.0,175629.0,Automatic,Hybrid,Hatchback,Rawalpindi
632Ffec1-7D40-49F7-B4Bc-Befb7E328Af2,2007,1800.0,16335.0,Manual,Diesel,Sedan,Islamabad
129F597D-B173-41Fc-B4Cb-372940297A9F,2002,1800.0,176706.5,Manual,Hybrid,Suv,Islamabad
6601F967-95E4-46Fc-Af07-636Ac5B23931,2014,2000.0,266433.0,Automatic,Petrol,Coupe,Faisalabad
Ca72B6E5-27Dd-4640-A08E-11A85Ef47234,1999,2000.0,78682.0,Automatic,Hybrid,Sedan,Lahore
35536220-62D3-47Ef-8Bba-72397Aee1B80,2005,1800.0,263976.0,Automatic,Hybrid,Sedan,Faisalabad
5Aa980B7-97Ad-4612-81Aa-44F43370782A,2026,800.0,318296.0,Automatic,Hybrid,Coupe,Islamabad
C4350429-Dd1B-494B-B877-E1860430C7F6,2006,1000.0,301593.0,Automatic,Petrol,Hatchback,Karachi
1E15Ea86-Fcd0-4Da3-A1Cc-1A1A43484864,2023,1300.0,121053.0,Automatic,Diesel,Sedan,Karachi
F8396Cd5-280A-49Da-Bbaf-Aadab5Aa1C9B,2012,2000.0,214919.0,Automatic,Petrol,Hatchback,Faisalabad
A4Cbc62D-90B4-4D5E-95Df-67A4170F097E,2014,800.0,176706.5,Automatic,Hybrid,Suv,Rawalpindi
086Dcf81-5B11-46Aa-Af40-957E0Bda87E9,2023,1500.0,120462.0,Manual,Hybrid,Suv,Rawalpindi
F1252E72-5Fad-4684-Ba55-3B94C1D05533,2019,1800.0,349124.0,Manual,Hybrid,Hatchback,Islamabad
04Bdf723-4974-45Ae-8Be9-56925E6Bd0E2,2008,1300.0,61847.0,Manual,Diesel,Coupe,Faisalabad
950Ac882-6D20-4259-9D2D-15F7637C10Aa,2002,1800.0,259103.0,Manual,Petrol,Coupe,Lahore
18F41B42-299C-4C71-Ad49-16F6Ba0D3967,2003,800.0,219480.0,Automatic,Hybrid,Coupe,Lahore
289C861E-Cb81-46C5-8956-7Aad857203Db,2002,800.0,226188.0,Manual,Hybrid,Suv,Lahore
8D35Aec4-5880-4A20-8F9A-76607Dc75231,2002,1800.0,277510.0,Automatic,Diesel,Hatchback,Karachi
281A488D-1979-48Ff-Bc98-Ce9420525B40,2010,2000.0,291997.0,Manual,Hybrid,Hatchback,Lahore
835Ed910-C080-4790-99E1-5D977A6876Ff,2008,1300.0,310104.0,Manual,Hybrid,Sedan,Lahore
Fe475081-C780-4A75-9Ee6-3B18Ec001589,2021,1300.0,235350.0,Automatic,Hybrid,Coupe,Rawalpindi
6F065952-B177-4Fbb-803F-Cf25Db076367,2007,1500.0,176706.5,Manual,Hybrid,Sedan,Karachi
61422A95-034F-46D4-909B-Cd491Cfd147D,1998,1800.0,310928.0,Automatic,Hybrid,Coupe,Rawalpindi
Ca0F3E39-5Bf0-4E13-Aac5-7518F2F2F0Bd,2008,1500.0,92653.0,Automatic,Petrol,Suv,Islamabad
4E5C0297-5868-4684-Ac93-D683Eb267Eb6,2013,1300.0,25316.0,Automatic,Diesel,Hatchback,Rawalpindi
30656Fe5-F207-4800-Bfad-25E3E5A33D7C,2008,1000.0,75076.0,Manual,Hybrid,Suv,Rawalpindi
1Ce01E5F-9E7C-46D3-B48C-15193317D24A,2014,1300.0,301537.0,Automatic,Petrol,Hatchback,Islamabad
4D9D6Dbf-8C02-4186-Aa4D-0546D4907A36,2003,800.0,150912.0,Automatic,Diesel,Coupe,Karachi
D0E7Dfc6-Ad02-4Fe6-830F-753Bf4Bc71C6,2003,1300.0,136015.0,Manual,Petrol,Hatchback,Karachi
97A75875-Cd37-4A60-B151-91544Beab7B6,2001,1000.0,289492.0,Manual,Petrol,Sedan,Faisalabad
F79B0031-3Ad0-46Fb-Bee1-4E8857E27E52,2015,1000.0,3494.0,Automatic,Petrol,Hatchback,Karachi
9196975E-5C0D-44D0-86F0-Fbd669B85761,2007,1800.0,223610.0,Automatic,Hybrid,Suv,Rawalpindi
8996077A-75Fc-4F6C-83F9-C9Cd7D1Da1F5,2007,800.0,62883.0,Automatic,Diesel,Coupe,Islamabad
14Bc2370-97A7-4919-9B02-Bb1F6A2Cc7C2,2000,1000.0,145989.0,Manual,Diesel,Sedan,Karachi
1E8E387C-6593-49A9-Ab51-7689Dd679E92,2021,800.0,171502.0,Manual,Hybrid,Hatchback,Islamabad
91Eb4B80-18C4-450F-90E6-F4Cf791A0A4C,2012,2000.0,268878.0,Manual,Hybrid,Hatchback,Lahore
D00Ac75B-D54D-41A1-Accc-A0C5Efe314Bf,2011,800.0,273309.0,Automatic,Petrol,Sedan,Lahore
A3Daae90-8A69-4E5A-Bc9A-83010C4C6E85,2005,1000.0,307412.0,Automatic,Petrol,Suv,Islamabad
7D9306F2-1E8D-4042-9E2B-C997A999670A,2013,1000.0,254021.0,Manual,Hybrid,Coupe,Islamabad
0601Befe-75A3-40Ef-Bcb0-33E39A616Bae,2002,1000.0,332803.0,Manual,Hybrid,Suv,Lahore
A1842265-D74C-4E48-A316-5Ac22Fd8D653,2011,800.0,257263.0,Manual,Hybrid,Suv,Lahore
6B8093E1-09C3-49Bd-81De-De428E2E36Ac,2011,2000.0,137926.0,Automatic,Hybrid,Suv,Islamabad
097Eafcf-2C12-4D1F-A014-B14Bb3Fadadf,2013,1800.0,344426.0,Manual,Diesel,Suv,Islamabad
3Dbc2593-Be80-4888-8607-33B54Eb6Be67,2019,1500.0,257017.0,Automatic,Hybrid,Hatchback,Faisalabad
15Ad0Fc3-C647-44D0-907B-957A9896E2F1,2013,1300.0,50611.0,Manual,Petrol,Hatchback,Rawalpindi
Aefb99B3-55E8-47B5-87F9-Db5002F0Edc3,2012,1300.0,129706.0,Automatic,Petrol,Suv,Rawalpindi
271B4E3F-88C7-438F-B262-F10Ec1E28C94,2008,2000.0,59525.0,Automatic,Hybrid,Coupe,Karachi
13E93725-A5E4-4B78-8F91-Ad9309974Ff1,2022,1500.0,256468.0,Automatic,Hybrid,Suv,Lahore
3C0D3D6C-60A5-4D17-B9F2-C58D94Bebd83,2007,1300.0,176706.5,Manual,Diesel,Sedan,Faisalabad
A57D489E-032C-40D9-B1C4-36E33A81E244,2022,1300.0,137156.0,Automatic,Diesel,Coupe,Rawalpindi
Cc7E12D0-B91F-4C5D-Be7A-72244A8C0222,2011,1500.0,136681.0,Manual,Diesel,Coupe,Karachi
6Cb9Fea1-0D3A-4Eb7-A5F6-D3750452F37A,2008,2000.0,23922.0,Automatic,Diesel,Coupe,Karachi
D1A75787-F7Bd-4C5A-8014-9Db5Fe334E05,2016,1000.0,281025.0,Manual,Hybrid,Sedan,Faisalabad
224C480D-9C31-4F0F-Bafa-B4Cda3Eff02E,2017,1300.0,67746.0,Manual,Hybrid,Sedan,Rawalpindi
445Ff699-C5F4-427A-89B1-137C43702B4B,2000,2000.0,174738.0,Automatic,Hybrid,Sedan,Lahore
F2C95A90-53F5-4C76-B2F8-867B0B4Cb5A6,2014,1000.0,189843.0,Manual,Petrol,Coupe,Karachi
A3941704-93E0-4Aec-9911-8Dcee45D12Ce,2007,1000.0,196020.0,Automatic,Diesel,Suv,Faisalabad
C596D4Fe-1664-4046-9486-C4D850E3D5E0,2021,1000.0,7151.0,Manual,Petrol,Sedan,Faisalabad
725F2082-1897-4D04-B959-0A0C11578501,2010,1500.0,22169.0,Manual,Diesel,Hatchback,Lahore
B20D18F1-7F93-47Ab-875C-Ba362664Aa56,2005,2000.0,129661.0,Manual,Diesel,Sedan,Rawalpindi
826F7061-805F-40A0-A998-Bb05Fb8871D5,2018,1500.0,68783.0,Automatic,Petrol,Sedan,Lahore
462E94A0-E2F9-4959-A3C2-470D45Dedcce,2014,2000.0,217778.0,Manual,Petrol,Suv,Lahore
A33F8Fad-35B5-4407-Ab02-78A0A164Ae3D,2021,1800.0,205061.0,Manual,Hybrid,Hatchback,Islamabad
8F19Bfa6-46F0-4968-B9Ca-B2Fe9Fd75F62,2011,1800.0,176706.5,Automatic,Diesel,Coupe,Karachi
06939624-9Dd7-4C5F-8Ede-D2624A0B07Cd,2001,1300.0,343959.0,Automatic,Diesel,Hatchback,Rawalpindi
51724E6C-Ff76-4687-8Fd4-E997624162D7,2000,1000.0,213034.0,Automatic,Diesel,Hatchback,Faisalabad
D3Bc888A-B6F5-4200-A430-9947Ee3030F5,2014,1000.0,200492.0,Manual,Diesel,Coupe,Islamabad
96533114-64E7-4D7D-9B4E-4F01Bcfe244C,2022,1800.0,56782.0,Automatic,Petrol,Sedan,Rawalpindi
72B77810-79B6-4Cec-Baaa-A0Aa60A6D907,2022,1000.0,234401.0,Automatic,Diesel,Sedan,Islamabad
5Fb48702-2281-4Faa-9D74-0E29B606497D,2008,1000.0,330256.0,Manual,Petrol,Suv,Karachi
90254Deb-022E-43Ff-Acd8-7E6Ba7E426D3,2013,1800.0,131055.0,Manual,Petrol,Coupe,Faisalabad
6Efde407-D379-4Eb4-84Ff-Be61Af6E436C,2024,1500.0,274415.0,Manual,Petrol,Coupe,Islamabad
9051Aca3-370B-4Caf-Bed1-C8Be656B8C36,2011,1300.0,177140.0,Manual,Petrol,Hatchback,Faisalabad
40E8B9A9-E60F-496B-9370-C7240D369D2A,2017,1500.0,2921.0,Automatic,Hybrid,Suv,Faisalabad
F66B3Edd-0564-4227-A6A9-A5A925786D66,2023,1500.0,286045.0,Automatic,Diesel,Suv,Islamabad
A7Ed7Fea-16E5-4B1F-B7Ea-4Ff8Dd955E5A,2012,2000.0,253229.0,Manual,Petrol,Coupe,Lahore
76811E7B-A197-4Ec5-Bdbc-25763D35A046,2010,1000.0,7143.0,Manual,Hybrid,Sedan,Karachi
0298D4E6-79C2-44A8-A384-67D835Abc089,2004,1500.0,59592.0,Manual,Diesel,Coupe,Karachi
54Ef0259-6635-4Af6-A138-E048Ba89A76B,2018,1800.0,255429.0,Manual,Hybrid,Coupe,Rawalpindi
Ed67Eec0-B222-47Bc-Ac28-304D5F2E3825,1998,1300.0,61647.0,Automatic,Diesel,Hatchback,Faisalabad
0285Bcb5-1D06-4D16-9B22-41Ba700Db6F8,2008,1800.0,194842.0,Manual,Petrol,Hatchback,Faisalabad
E2860E63-E523-4C27-9C68-527Dd21Ccc34,2019,1000.0,176706.5,Automatic,Hybrid,Hatchback,Rawalpindi
79Da9964-73Fe-4B52-9Eef-393F64Deb86C,2012,1000.0,173107.0,Manual,Petrol,Coupe,Lahore
D13Fa208-9F57-400C-87Fb-A6D5D57368Bd,2008,1500.0,93965.0,Manual,Diesel,Sedan,Lahore
Ba8Fdc9D-A191-46F4-A6Cb-612451Dc20A8,2007,2000.0,98395.0,Manual,Hybrid,Sedan,Faisalabad
7384C0B1-17Bb-4565-9636-7B6Df77Daabf,2012,1300.0,49657.0,Manual,Hybrid,Coupe,Faisalabad
B223Bb83-B960-4A17-A38F-8B16A5Db1673,2003,800.0,176706.5,Manual,Diesel,Sedan,Karachi
24B71520-2F89-4E75-8Ce8-De79Fa29F9Ad,2006,1300.0,223433.0,Automatic,Diesel,Coupe,Islamabad
381A5782-D891-47C4-A054-A8F8D23398C9,2015,1800.0,176706.5,Manual,Petrol,Suv,Lahore
04Cb004B-30Dc-440E-86A0-25Bdf96269Ac,2021,1000.0,146793.0,Manual,Diesel,Sedan,Karachi
8Da58Cf8-1944-4F19-8D8B-Af8E2418F0C3,2023,1800.0,307923.0,Automatic,Diesel,Hatchback,Faisalabad
91D9F4Df-E7D7-41Ea-9918-8C27D102A229,2019,1500.0,109736.0,Manual,Petrol,Suv,Karachi
82F5Fdaa-3D4E-4562-80A1-044570B63C05,2000,1800.0,76803.0,Manual,Petrol,Coupe,Lahore
2B081297-0B98-46De-8A89-Fdb36B4F1913,2008,800.0,27362.0,Manual,Hybrid,Coupe,Rawalpindi
A7E025E9-2C95-4Efe-B92C-E595B277E2C5,2019,1500.0,171489.0,Automatic,Hybrid,Sedan,Karachi
Ea80D409-B913-4Fce-9E29-A5967Bd4E036,2015,1500.0,197818.0,Automatic,Hybrid,Coupe,Islamabad
14B8D24C-Caba-4Dac-99Fc-Ca1Be19789Bd,2007,1800.0,176706.5,Manual,Hybrid,Suv,Karachi
C7Da64D1-54A2-4895-8B76-9Aa6E60Dbfe4,2018,1300.0,74912.0,Automatic,Hybrid,Coupe,Rawalpindi
4F3660Dd-C101-467F-885D-C363D46A3D8D,2020,1300.0,176706.5,Automatic,Hybrid,Hatchback,Karachi
Bbe53449-923A-4885-Ba6F-3F0E1Bba2Ea5,1998,1300.0,244357.0,Automatic,Hybrid,Coupe,Karachi
50Fc247C-305F-4218-B718-564D0B8Ddfb4,2017,1800.0,100130.0,Automatic,Diesel,Suv,Lahore
978259D0-3F02-4141-A693-0657D27Bc295,2004,1500.0,189263.0,Manual,Petrol,Hatchback,Islamabad
0E3Bb2A7-381A-4A77-Ae4F-27395Ba40Fd7,2001,1300.0,133043.0,Manual,Hybrid,Hatchback,Lahore
121C83A8-Ad1F-4625-A180-25D2Fe4Ec433,2018,1300.0,336422.0,Automatic,Diesel,Sedan,Islamabad
32C5Fea6-67E7-4Dcf-A9Cb-01B103838775,2006,2000.0,30003.0,Manual,Hybrid,Coupe,Faisalabad
24870Edf-B4A3-4Fc0-A5B3-2E797Bfc7687,2018,1500.0,257058.0,Manual,Diesel,Sedan,Lahore
6C0D6D2A-650E-4F07-806A-7Aa50059Fd22,2009,800.0,321346.0,Manual,Hybrid,Suv,Karachi
C274Bd69-B6F9-405C-Bc6B-066Ac5E850Bc,2000,1500.0,62614.0,Manual,Diesel,Sedan,Islamabad
13F1A476-47Ea-4B79-8506-726Ba810A60E,2001,1800.0,145478.0,Manual,Hybrid,Sedan,Islamabad
Adfc673D-862F-4660-95B3-4322124082A5,2024,2000.0,176706.5,Manual,Hybrid,Hatchback,Faisalabad
375942Af-7179-48B3-9800-C19918A744Ca,1998,2000.0,211378.0,Automatic,Hybrid,Sedan,Lahore
582F9E38-A5A3-439B-Bc0B-Ed3Ddd023B00,2004,1800.0,77339.0,Automatic,Petrol,Suv,Rawalpindi
591Efe2C-Ee82-47C0-94E6-E673F7433505,1999,1300.0,319044.0,Manual,Hybrid,Coupe,Karachi
10494F95-0978-46B1-B81B-B6A37B9291Fc,2018,2000.0,1690.0,Automatic,Diesel,Hatchback,Lahore
3Ce32304-4E3E-4B27-A5C8-9780534C4606,2008,1500.0,297886.0,Manual,Hybrid,Coupe,Lahore
F61C5Bbb-5Add-4Bb9-Bfc6-B65B459Dfec7,2001,800.0,95683.0,Manual,Petrol,Hatchback,Faisalabad
4D907D70-21Af-4281-93E3-F4Df7B5Ea16B,2018,800.0,88780.0,Manual,Petrol,Hatchback,Rawalpindi
5Ca68Ee0-4641-498C-905D-412881D432Dd,2000,2000.0,129358.0,Automatic,Hybrid,Suv,Karachi
E0951A11-Cc7C-41E5-B81F-8A55D4F467C7,2007,800.0,198867.0,Automatic,Petrol,Hatchback,Karachi
D2764F33-D96E-4F4E-913A-099578501Dca,2016,1300.0,217046.0,Manual,Petrol,Hatchback,Karachi
E67E6E21-01F6-4B2E-9E0B-Cb477B0D8Ded,2026,1300.0,176706.5,Automatic,Diesel,Sedan,Rawalpindi
Fccecb61-377F-4A00-B44E-65A9B209Ae0B,2009,1800.0,190638.0,Automatic,Hybrid,Coupe,Karachi
8Fdc70D8-277A-43D4-8C01-F4047Df81Cba,1999,1800.0,202207.0,Manual,Hybrid,Suv,Rawalpindi
737Ef16D-950E-420C-9E8B-13A8B57Cdf8C,2009,2000.0,151356.0,Manual,Diesel,Hatchback,Lahore
E979E80F-00D0-4828-966B-73F67Ccdb6Da,2014,1000.0,176706.5,Manual,Diesel,Hatchback,Lahore
Aee98Ade-D5D5-482A-9228-116Dbb90E6Ed,2001,1800.0,345155.0,Manual,Diesel,Suv,Rawalpindi
8Bd276D8-B381-4B01-9F92-3F7123E0Bbb6,2016,1300.0,195183.0,Automatic,Hybrid,Sedan,Islamabad
4B4F0B9D-27D4-4F68-A865-4983Aeb682C5,2020,800.0,330024.0,Automatic,Petrol,Suv,Rawalpindi
296Cef60-2D94-449C-Bf12-8D4Ce8Cf5A03,2013,1300.0,176513.0,Manual,Petrol,Hatchback,Islamabad
B976748B-5173-4166-883B-14A8Dfae13D0,2003,1500.0,286669.0,Manual,Petrol,Coupe,Faisalabad
Ade0912C-A928-4Cce-B17F-541B4Dc9E765,2012,1800.0,301971.0,Automatic,Hybrid,Coupe,Rawalpindi
A8E0Cf6E-1245-46C8-9Ddd-Ebb05Db5Eaf6,2024,1000.0,132421.0,Automatic,Hybrid,Hatchback,Rawalpindi
04E62E3A-Db37-4127-B890-8E32176Daca6,2019,1500.0,157377.0,Manual,Petrol,Sedan,Rawalpindi
