listing_id,year,engine_cc,mileage_km,transmission,fuel_type,body_type,city
3319957d-88e7-45b4-aa3c-626d8873ecff,2018,800,13112,Automatic,Petrol,SUV,Karachi
94c54bc6-6e9e-45f8-aa20-9c0a882ba6c3,2021,800,285929,Manual,Hybrid,Coupe,Lahore
02cacc7e-6514-4ce0-8e0b-77e9ac1469e6,1998,800,114629,Manual,Hybrid,Sedan,Faisalabad
40962b2e-327c-4990-a0e3-f314991b1c9d,2004,2000,340726,Automatic,Petrol,Coupe,Faisalabad
ccc2a2b9-3c32-4e22-a776-677820739e8a,2006,800,83707,Automatic,Diesel,Hatchback,Karachi
09263624-3982-40b6-b34c-0ff1ea7ebf1b,2004,1300,53587,Manual,Diesel,Sedan,Islamabad
b3ee1ca2-55ad-4825-9672-7dfd49273dc9,2009,1800,138685,Manual,Hybrid,Coupe,Faisalabad
9c5989a0-1858-4930-8a86-af9e52377d1b,2001,1500,41313,Automatic,Hybrid,Hatchback,Faisalabad
3c595b88-cd8e-494a-83f1-8e6b2ed5c235,2004,2000,36466,Manual,Hybrid,SUV,Islamabad
af4100f2-38b4-4420-b135-23368540b457,2000,1000,52953,Automatic,Diesel,Coupe,Islamabad
d1f390de-4c54-4154-9f85-14d766c3b9ad,2003,1300,186264,Manual,Hybrid,Hatchback,Lahore
7fda817c-068f-4cd8-a65b-a27783a9afba,2017,2000,89725,Manual,Petrol,Coupe,Rawalpindi
2f5b8ef6-7e82-4817-84bb-0b4210274a56,2006,2000,292002,Manual,Hybrid,Hatchback,Lahore
73778c9b-835c-4b3e-8040-009c2664a026,2005,800,165388,Automatic,Diesel,Sedan,Karachi
e3632222-50fb-4968-ba8c-bd569171c41f,2016,2000,164981,Manual,Hybrid,Coupe,Rawalpindi
8b615df9-0928-45f1-af08-dc05f2a0c1ed,2018,1500,74905,Automatic,Petrol,SUV,Faisalabad
0fa74bbf-29c0-470d-8032-205c49d3873a,2015,1300,306491,Automatic,Hybrid,Coupe,Islamabad
fa7ef102-4c79-42fc-b1a3-7d024b876041,2005,1000,267138,Automatic,Petrol,Sedan,Lahore
16b2c286-0091-45b6-9305-92154afbf22b,2002,2000,83876,Automatic,Hybrid,Sedan,Rawalpindi
db77a1e1-1745-47b9-bff8-ef4054b58546,2010,1800,245392,Automatic,Hybrid,Sedan,Lahore
0678b225-8f58-4bf9-a08d-48fa8bc333f5,2019,1800,139893,Automatic,Petrol,Hatchback,Rawalpindi
8f1208dd-580c-41e8-bea8-0cbb4d223757,2003,1500,1701,Automatic,Hybrid,SUV,Faisalabad
9dbe1ae2-3703-456d-b57b-436354ae87fb,2001,2000,156471,Manual,Petrol,Hatchback,Karachi
633a4af0-4fae-4d4e-90bd-bb15306b186b,2015,1800,299,Automatic,Diesel,Sedan,Lahore
b0505068-cce0-4647-8c81-2cb97d6bf78e,2009,1300,125541,Manual,Petrol,Sedan,Lahore
5fc5438a-6580-460b-8cfb-2955358660dc,2021,1500,36287,Manual,Petrol,Coupe,Faisalabad
cadc36fd-dc2d-439a-b444-e8799ca23f68,2003,1300,276653,Automatic,Petrol,SUV,Islamabad
86c20a40-6fef-4dbb-965b-e488ffd4f01f,2010,2000,340723,Automatic,Diesel,Coupe,Lahore
1d4c07cb-65e6-4eaa-b8a4-b21eb6e29feb,2005,1000,33568,Automatic,Petrol,SUV,Faisalabad
51ba4612-5011-45e3-b3fa-9663cf6b1baa,2005,800,37220,Manual,Petrol,Sedan,Lahore
fbf2deba-1358-498e-b0c0-a6629052a94f,2008,800,269565,Manual,Diesel,Coupe,Karachi
33c52322-26df-4440-b892-7a9df6233c1f,2015,1000,299391,Automatic,Petrol,Coupe,Rawalpindi
18911777-5a42-4693-8cc3-ebf588320e64,2004,800,50819,Automatic,Diesel,Coupe,Rawalpindi
bc049a81-6945-429e-a18c-fb1bc428fd92,2012,2000,28401,Manual,Petrol,Coupe,Islamabad
532c0636-bcc2-4978-a63e-d20d2d9b66ac,2023,800,130367,Manual,Petrol,Coupe,Karachi
4e7f30f0-ded1-4df4-bac4-1d4dc3f745ca,2011,1000,146037,Automatic,Petrol,Sedan,Rawalpindi
a5af302e-8276-4766-94dd-5e7f7fd38dfb,2023,1800,51332,Manual,Hybrid,Sedan,Lahore
71df9c46-3451-48ba-93a5-0893c078034b,2022,1000,87194,Automatic,Diesel,Coupe,Karachi
da4d3192-5b2b-40e9-8a44-6be474cf5683,2010,800,86317,Automatic,Petrol,Coupe,Islamabad
f4c808a9-22a5-4dab-abfb-f24e37e30e7f,2023,1500,149552,Automatic,Hybrid,Coupe,Karachi
f5186145-413e-4fed-a9b0-5bab0cea5836,2004,1300,114137,Manual,Hybrid,Sedan,Islamabad
993c25a2-aec1-4968-89f5-c625ef445b8e,1999,800,306277,Automatic,Hybrid,SUV,Lahore
e4b5c1d6-e094-4f65-bf4c-dcbf3a7a2abb,2014,800,97425,Manual,Hybrid,Sedan,Karachi
0c5f1eaf-a6fc-4a71-8301-abfcb4a33455,2010,800,298673,Manual,Hybrid,Sedan,Faisalabad
f741790a-584d-4a50-8a64-966f9af7930c,2000,1500,344652,Automatic,Diesel,SUV,Islamabad
09eb2df6-0a7e-47b0-ae09-df833e5c4062,2005,1300,207505,Manual,Hybrid,Hatchback,Rawalpindi
88ae5523-ebff-45cb-945c-3e361e9eec98,2008,800,4883,Automatic,Hybrid,Sedan,Lahore
ccda3e1c-811a-44ea-af50-c3dba8cbb5a9,2015,1000,265229,Automatic,Petrol,Hatchback,Lahore
9450963a-3ef2-4b7c-af7a-dbe9ce6fda4a,2005,1300,149415,Manual,Diesel,Hatchback,Faisalabad
00011cef-3cb3-4a83-888a-1ab8f76a1774,2023,2000,277317,Manual,Hybrid,Hatchback,Lahore
266eed06-5af3-49c6-8036-2065db9f3650,2002,1300,60517,Manual,Hybrid,SUV,Islamabad
162e12b2-ba50-42f5-aaf0-4a5d639264e7,2007,1800,110430,Automatic,Petrol,Hatchback,Faisalabad
8ee5e42a-705c-4b90-8fd4-d231ea2c38e2,2013,1300,26633,Manual,Hybrid,Coupe,Islamabad
8fa79fad-f824-4b95-aacf-6f47cc62b5fb,1999,800,174879,Manual,Hybrid,Hatchback,Karachi
fea59c16-3848-42a7-96f4-bb5481a88582,2021,1500,289239,Automatic,Hybrid,Sedan,Lahore
6eb176ee-f364-4563-bbec-a8160f516d06,2000,2000,78147,Manual,Diesel,SUV,Rawalpindi
ec1bec87-334f-436e-9c97-29a1bcaf5eaf,2002,800,161616,Automatic,Petrol,Hatchback,Karachi
d43f905c-4bd6-421c-8f6a-cd7033aefe99,2019,1000,349665,Manual,Diesel,Coupe,Faisalabad
f051a927-6501-46db-8859-2a3c350ceb6d,2021,1000,124118,Manual,Petrol,Coupe,Lahore
fb889d0f-9e08-4790-8810-53961e154e99,2003,2000,174160,Automatic,Hybrid,SUV,Islamabad
3f3a7610-059e-46bf-989e-fa69ee1fa1c0,2003,2000,56673,Automatic,Petrol,Coupe,Karachi
357d4626-8571-464f-ba7b-d1d25fd9e85b,2004,1500,183321,Automatic,Petrol,SUV,Lahore
675eeae1-8f4b-4bea-a31f-c42fe0e0a415,2019,1000,208910,Automatic,Diesel,Sedan,Islamabad
d3d6e087-92f0-45ce-ae5e-9d8db5d615a0,2009,2000,267075,Automatic,Hybrid,Hatchback,Lahore
e0f76af8-abc3-439e-b7f6-efbe9e041733,2001,1300,93620,Automatic,Petrol,Sedan,Faisalabad
c626725d-0bf6-4a07-8b85-66b5778bf19d,2011,1300,164457,Automatic,Hybrid,Sedan,Rawalpindi
a6216849-db70-42f0-a732-055680e67a33,2016,1000,133547,Manual,Hybrid,Coupe,Lahore
81810837-6572-4689-9381-c29dabb1385d,2014,1800,103303,Automatic,Diesel,Sedan,Islamabad
2848e71a-4d5e-4cf7-9f58-d152acce35de,2017,1300,347806,Manual,Hybrid,Hatchback,Faisalabad
e12a22b3-c2a5-4d6d-830c-b62d513ee086,2007,2000,214115,Automatic,Diesel,Hatchback,Faisalabad
a639c171-7942-4815-bbb1-c3ba62ff72c3,2002,1000,220434,Automatic,Hybrid,SUV,Faisalabad
ea1fc4ee-78e9-4ce6-a0cf-7796d36d2db7,2016,1300,212900,Manual,Diesel,Hatchback,Karachi
d111e7d6-fb36-4d00-9b1b-d5e920518b33,2011,1800,318065,Automatic,Diesel,Coupe,Rawalpindi
8d25a812-90e8-49af-af80-163ca4848b6f,2019,1000,268002,Automatic,Hybrid,SUV,Lahore
f597e303-acf4-465e-a330-54a18919c7a1,2007,1800,348050,Automatic,Petrol,SUV,Islamabad
a7ee09dd-7df4-456e-a08c-06605a4740d1,2005,1000,77255,Manual,Petrol,SUV,Rawalpindi
f26c2fde-97ee-426c-8bd6-d524a35de7ed,2017,800,238769,Automatic,Hybrid,SUV,Rawalpindi
61e8d41b-025f-4119-9852-add29256786a,2013,1500,127918,Manual,Hybrid,Sedan,Lahore
97bdc04e-4106-4bcd-ba44-e33ae136cc8d,2022,1500,114735,Manual,Hybrid,Coupe,Lahore
74cef6d8-0b10-4e44-8973-b7bf46644aba,2015,1000,63626,Automatic,Petrol,Coupe,Faisalabad
11a86a3a-183e-444d-af7a-44db0a6f4c08,2015,1800,166355,Automatic,Hybrid,Coupe,Faisalabad
8b9d07ef-a09b-4d20-a6c9-140b644e6f7f,2012,1000,248866,Automatic,Diesel,SUV,Islamabad
dbf87820-44d9-4649-861d-0fda46742b79,2022,1800,254068,Manual,Diesel,Coupe,Lahore
0db719a1-5308-4cae-8408-ed33e1d10ac3,2020,1300,122942,Automatic,Diesel,Hatchback,Faisalabad
191231db-95e3-4cf2-80ff-93bae6581bf8,2000,1000,79078,Manual,Diesel,SUV,Karachi
0d5a7023-9d0a-45b5-8e4f-f056abdad130,2000,1500,213699,Automatic,Hybrid,Coupe,Rawalpindi
5dee3f1e-7f1c-46d2-9d8b-816820082632,1999,1000,220276,Automatic,Hybrid,Sedan,Faisalabad
fe8d6713-ee38-4026-81c4-ac2da1f391ae,2010,1500,3091,Automatic,Diesel,Coupe,Rawalpindi
df85e09e-b42d-488d-bf68-dd39a64a024c,2015,2000,286330,Manual,Diesel,SUV,Islamabad
d19e5133-f6a2-4187-8a6e-aa26c3ff3eb5,2011,1500,15217,Automatic,Diesel,Coupe,Karachi
78bf978d-3c0b-4b9f-958c-315b0e7f0e49,2024,1500,66913,Manual,Diesel,Sedan,Lahore
f5614ed7-d7c4-4031-9e9c-c67b90933bd6,2018,1500,71145,Automatic,Petrol,Sedan,Islamabad
a96682e3-bf08-4427-b715-68ed9357fa9c,2010,1300,110970,Automatic,Diesel,Hatchback,Rawalpindi
e8dd9546-9a7b-40a1-9f89-e7b1ee66ae70,2006,1500,132262,Manual,Diesel,Sedan,Faisalabad
4004d94b-e915-4f25-a1e4-796929b5a139,1999,1300,117556,Manual,Hybrid,Sedan,Lahore
e883d96b-4f0d-4b64-99a6-c8334266d082,2005,1000,10684,Manual,Petrol,SUV,Rawalpindi
aab722d3-9ea2-4701-81ae-88bc36f70f76,2019,800,295682,Manual,Diesel,Hatchback,Islamabad
2898e843-6889-4050-b287-98062becdd82,2003,1800,318372,Manual,Petrol,Hatchback,Lahore
263c6f63-f5ca-4711-af91-4b7c852ccbc5,2016,800,163555,Automatic,Diesel,SUV,Lahore
a7617232-e543-4bd2-9062-e0db0defe1b2,2016,2000,328855,Manual,Petrol,Hatchback,Faisalabad
adf011d2-a2dd-4af5-91a5-1443c2c382b3,2023,800,296711,Manual,Diesel,Coupe,Islamabad
785c3be4-7471-44db-9614-ce9ce0dbcba8,2000,1800,339499,Automatic,Petrol,Coupe,Rawalpindi
dfd40492-d3b1-4d91-9b3f-e19b86353ad2,2001,1500,189890,Automatic,Hybrid,SUV,Rawalpindi
32d5ecc8-1e57-4596-8e71-0ef57c64500b,2003,2000,273545,Automatic,Hybrid,Coupe,Rawalpindi
61d6ac8b-12a1-4526-9cd5-cc342224c523,2011,2000,310627,Automatic,Diesel,SUV,Lahore
0a684db3-565d-44dc-9d40-50c3ed681427,2006,1500,127854,Automatic,Hybrid,Coupe,Islamabad
770eedab-af16-427f-a913-6ad60d0203fc,1998,1500,170401,Manual,Diesel,SUV,Islamabad
0163a881-72da-457b-ab49-dc048047c06b,2023,1300,178435,Automatic,Hybrid,Hatchback,Faisalabad
91f474ac-0f1c-445a-8f85-7fa1e6431302,1998,1800,100168,Manual,Petrol,Coupe,Rawalpindi
41da7f6a-6f86-419b-9977-158ef1937ad6,2015,1000,249609,Automatic,Diesel,Sedan,Lahore
0371ba4c-db26-48b7-a434-4dfeabe08cd9,2007,1000,212022,Manual,Diesel,Hatchback,Rawalpindi
6885694b-4933-4d27-867d-20f7057631b2,2015,1800,180227,Automatic,Hybrid,Hatchback,Islamabad
eaa5f082-3741-4c7a-80aa-e7f76c00583f,2020,1500,142038,Automatic,Diesel,SUV,Lahore
61612964-638b-4cd9-8eb0-ce3ea5287ae5,2021,1000,165438,Manual,Hybrid,SUV,Karachi
ce2bdbc7-f996-448c-97bc-63653f9eb76b,2004,2000,253859,Automatic,Hybrid,Hatchback,Lahore
b3981d3e-46e7-4007-befa-932cd71f5e2b,2024,1000,155318,Manual,Diesel,SUV,Islamabad
25f9d39d-f364-4946-97bc-11e5321951b9,1998,2000,280040,Manual,Diesel,Sedan,Lahore
c5b1b2be-21bc-4b65-91d8-5945f1621b9c,2015,1300,66206,Automatic,Petrol,Sedan,Faisalabad
95d36797-3af3-460f-9e43-741f08215a7a,2007,1500,250984,Automatic,Diesel,SUV,Lahore
6557989f-0125-4dc7-b3dc-11d912a2cf90,2006,1500,59814,Manual,Diesel,Coupe,Lahore
90099c0f-f523-4db1-a0b4-57a79627d036,2016,2000,28106,Manual,Petrol,Hatchback,Lahore
6cc777b0-a1c3-4de5-9cd7-ab3313db7385,2005,800,292590,Automatic,Hybrid,SUV,Faisalabad
b88197be-7414-480d-a7f8-dc8c71117202,2010,1500,232113,Automatic,Hybrid,Coupe,Islamabad
e2ad6b3e-3a58-4352-a012-3207b01ec8d2,2016,1800,31578,Manual,Petrol,SUV,Islamabad
efa13057-5ff1-44cd-acd1-c9c5b882219a,2019,800,82343,Manual,Petrol,Sedan,Karachi
4345afc1-9bd3-4a38-a871-d941fcf74171,1998,1500,236193,Automatic,Diesel,Sedan,Karachi
853561ca-cc8f-43c6-b9d4-b1b1660f7ac7,2007,2000,148225,Automatic,Petrol,SUV,Islamabad
147e8496-3c3c-4dfb-8ffa-fbb2ecd2b5a8,2023,2000,309219,Manual,Diesel,Sedan,Faisalabad
271bbde5-1c10-40f1-a20a-03d1ba98aa38,2005,2000,78113,Automatic,Petrol,Sedan,Lahore
14c4d0d4-65eb-4e43-8427-f61d71474c40,2003,1300,311974,Automatic,Diesel,Sedan,Rawalpindi
c27dcf9b-0172-4c01-b773-784c20e7c218,2020,1300,211030,Automatic,Hybrid,Coupe,Rawalpindi
ffcd3492-c759-4626-9f1d-0e088acc84fe,2000,1800,20898,Automatic,Hybrid,Hatchback,Faisalabad
d63c86e6-3b9c-42ea-91fe-9b3e00b38e5a,2006,800,47881,Manual,Hybrid,Sedan,Islamabad
3c45e9c1-568d-40fe-b981-8e63c5603164,2016,800,91850,Automatic,Hybrid,Coupe,Islamabad
1b0416df-3c2f-49bf-8e8b-1ba1b03c78fb,2003,1800,228529,Automatic,Petrol,Coupe,Islamabad
2d85b2ec-0cc9-4564-a9e6-4eee31f6788b,2011,1300,168326,Manual,Petrol,Hatchback,Rawalpindi
a581bcb1-10b6-4121-8a57-2a651e506d33,2020,1500,151109,Automatic,Hybrid,Sedan,Rawalpindi
1dcd7225-c065-48eb-a020-d6cb5fde9dff,2000,1300,132329,Automatic,Petrol,Coupe,Faisalabad
ce72c21f-54a1-44c3-8bf2-6918cd521357,2024,800,344803,Automatic,Diesel,Sedan,Karachi
e2862e4f-65b9-4af7-ba5d-099caacb4822,2014,1300,326439,Automatic,Hybrid,Coupe,Lahore
8c3fb5db-7583-45c7-9c18-6adf4b770f66,2004,1300,287949,Manual,Diesel,Coupe,Rawalpindi
56e5a2df-6787-4d6f-83a4-c4998734328e,2001,800,330313,Manual,Hybrid,SUV,Islamabad
cedee352-0188-4e2c-bc4c-cea09b3511ae,2015,800,289538,Automatic,Petrol,SUV,Lahore
7293292c-0aa2-458f-a59f-55160cb233aa,2012,800,339586,Manual,Diesel,Hatchback,Faisalabad
397937ec-913e-48f8-8304-b5024f402403,2020,1300,217836,Automatic,Diesel,SUV,Rawalpindi
6601aa50-b13b-4059-8fda-5460dd7e1df4,2015,1000,201109,Manual,Hybrid,SUV,Lahore
ebef2837-4941-4fee-86d3-08dd76e86f1a,2006,1500,178192,Automatic,Petrol,Hatchback,Islamabad
142e8807-fa0d-48dc-bd1d-f5be9f086ab8,2024,1800,304046,Automatic,Petrol,Coupe,Faisalabad
9aa2e842-e587-4d70-b677-7ad974f5ef78,2013,1300,174294,Automatic,Diesel,Hatchback,Karachi
214fa74f-a97f-481b-be4a-5408f7309270,2020,1000,299786,Automatic,Petrol,Coupe,Lahore
efc8b774-7f47-48c8-83fc-9ace8179c36a,2008,2000,247975,Automatic,Diesel,SUV,Rawalpindi
379c0690-5b25-44cc-a782-936bc14adcc4,1999,1000,263345,Automatic,Petrol,Coupe,Lahore
22fafa73-d1a3-41d0-a852-206e52a7a025,2014,1500,8046,Manual,Diesel,SUV,Lahore
3e4bab9d-5b36-453b-874c-e4ff55e5df0e,2013,1300,177503,Automatic,Hybrid,Sedan,Islamabad
a8e4f5c8-37aa-4122-b480-2b11cc4f3564,2019,1800,199234,Automatic,Hybrid,Coupe,Faisalabad
8163a2d2-2a9a-47cf-a544-21713af95325,1999,1800,35872,Manual,Hybrid,Hatchback,Karachi
07f0b438-bba7-4b2a-a3c0-07fd82916f9a,2021,800,227526,Manual,Hybrid,Sedan,Rawalpindi
a216fb1a-0940-440b-be2c-fee298393880,2003,2000,157006,Manual,Petrol,Hatchback,Lahore
e627407b-3925-49d0-a3aa-2c3e1c439529,2007,1300,196524,Automatic,Petrol,SUV,Faisalabad
8191e0da-1e6f-40b2-a3fc-779201331516,2011,1800,94401,Manual,Petrol,Sedan,Faisalabad
a3794db5-6fac-4e79-86ce-422f31bcac14,2010,1800,126264,Automatic,Hybrid,SUV,Karachi
c94c93e3-61cb-4552-90fc-967593c2a49c,2012,2000,133157,Automatic,Diesel,Sedan,Rawalpindi
74047561-ea16-418a-bc68-bb93d103396c,2007,2000,286574,Manual,Petrol,Coupe,Islamabad
bd939453-e7d6-4c0c-beb1-e9259edda26b,2016,1300,334987,Automatic,Hybrid,Hatchback,Rawalpindi
13b6c53c-f2ce-4cf6-b19c-d483594ce071,2007,1000,201690,Automatic,Petrol,SUV,Rawalpindi
f9016a39-9a53-4c24-8e52-b4e5632c5bc1,2016,1300,301366,Automatic,Hybrid,Hatchback,Lahore
bd8c3aec-e9df-4f4a-9a48-cd42142533a0,2024,2000,207516,Automatic,Petrol,Sedan,Faisalabad
ae8536e9-1aa2-49a9-afbc-87ea73c1d0a3,2021,1500,150048,Manual,Hybrid,Hatchback,Karachi
c9f33d2b-a724-4d8a-b10e-ee6c498de481,2018,1000,325525,Automatic,Hybrid,SUV,Lahore
729016eb-327d-4e5c-8ab1-7d8320f40e10,2018,2000,20668,Automatic,Diesel,Sedan,Faisalabad
256fab56-4901-4707-9f44-668bd4dc0b62,2009,2000,68897,Manual,Diesel,Hatchback,Rawalpindi
0536dac2-32ca-4bb0-ab60-d312f1f8948e,2003,1000,69289,Automatic,Hybrid,Hatchback,Karachi
46c1c639-f403-4d1d-afc7-22d18addc450,2006,1500,154739,Automatic,Petrol,Coupe,Lahore
86026708-8f3e-4e04-8275-de379962beb0,2002,1000,208358,Automatic,Petrol,Coupe,Lahore
a67377e2-a760-44d2-88b2-79df8b112d83,2006,1800,64796,Automatic,Diesel,Hatchback,Faisalabad
8b812156-fd5b-4acb-bcbc-ee5fd630b5a5,2010,2000,194759,Manual,Hybrid,SUV,Rawalpindi
e1494b1a-8dd9-4689-8e40-aef9a226f93c,1998,1800,294339,Automatic,Hybrid,SUV,Lahore
84cae65a-b046-4dc2-9107-958b1b549b2d,2018,1500,158434,Automatic,Petrol,SUV,Lahore
5af917d3-44f0-496a-b72a-ec78675e20e8,1999,1300,258277,Manual,Petrol,SUV,Faisalabad
f616b323-394e-4621-bf7c-5b85df1e7163,2002,1500,237839,Automatic,Hybrid,Coupe,Faisalabad
9b9745c3-5acb-46f5-8df9-27bc7b703f3e,2021,2000,81014,Automatic,Hybrid,Sedan,Rawalpindi
e2fd7d68-cd30-4539-97bc-405db6260088,2017,1500,146664,Manual,Hybrid,Hatchback,Karachi
993b01d9-2b9e-4405-a615-65f115155818,2012,1500,123791,Automatic,Petrol,Hatchback,Faisalabad
96258efa-ad68-441a-8f10-66891fc35105,2018,1300,31745,Automatic,Diesel,SUV,Lahore
fa236e69-0653-4709-a026-e9f6cf594fe1,2024,1500,48063,Manual,Hybrid,Sedan,Lahore
a16effa9-6ef7-4228-a152-44ac00ee7a71,2023,1300,127700,Manual,Hybrid,SUV,Lahore
4d781e5a-5215-419a-bf26-efabffda365e,2024,1800,108610,Manual,Petrol,Hatchback,Karachi
4461de30-228b-4c64-89df-8e69d2215342,2023,1800,1486,Automatic,Petrol,SUV,Faisalabad
63e253f8-6b2d-4b4f-b9f7-5e3e8dbbc3f7,2006,1000,57633,Manual,Petrol,Sedan,Islamabad
fa168806-b4a3-4bcd-81a1-7fe9990240f3,2023,1000,308728,Automatic,Petrol,SUV,Islamabad
f14704cf-ffbf-4aa6-b299-8c55249eb4f9,1999,1000,220704,Manual,Hybrid,Sedan,Rawalpindi
7d1f5bc4-4796-4949-9d1f-900216dd7da3,2012,1300,269084,Manual,Diesel,SUV,Faisalabad
62a5c0a6-9071-466c-9422-c0b76e9586a4,1999,2000,345454,Automatic,Diesel,Sedan,Lahore
9d7792cb-a18c-42fb-be03-a1d82109d633,2013,1500,223490,Manual,Diesel,Coupe,Lahore
d66bdecc-f7ce-4138-9fc4-f61c57c7eca3,2000,1300,318923,Manual,Petrol,SUV,Islamabad
7426545e-a07d-434f-b62c-6751a01d22a6,2017,2000,306899,Automatic,Diesel,Hatchback,Rawalpindi
989ca0e9-3aa5-4003-869c-fd35e4460911,2014,1800,225548,Manual,Hybrid,Sedan,Faisalabad
8042ff39-3689-4e39-a3e9-06b4117d3122,2021,1000,225480,Automatic,Petrol,Coupe,Islamabad
bb8e98a0-1221-449f-94b1-f508a47bd1e7,2024,1500,209049,Automatic,Hybrid,Sedan,Islamabad
7fe8810c-763b-4ab1-b489-660d54b35dad,2011,1300,348708,Automatic,Diesel,SUV,Rawalpindi
72647e2e-d7c6-49a8-8c52-2532d144478a,2000,800,44755,Manual,Diesel,Sedan,Islamabad
4b06242e-8447-43fb-9493-b6efd078cce4,2023,1000,291698,Manual,Hybrid,Hatchback,Lahore
3a2639c8-e959-4d25-b0d3-9a6ad26c470b,2011,1300,348830,Automatic,Hybrid,Sedan,Islamabad
b45af1b8-4ef6-4e3c-a2b3-32799c72c143,2017,1300,184363,Manual,Hybrid,SUV,Karachi
b3cc3d5e-b498-4a72-9c65-cc0b346876a8,2019,1500,117568,Manual,Diesel,Hatchback,Lahore
942161b9-8375-4947-a2e9-2c273b086a37,2022,1300,300993,Manual,Diesel,Sedan,Faisalabad
36770994-73f5-4843-8c4c-0f9d1d9bcc42,2019,2000,140219,Manual,Petrol,Hatchback,Islamabad
afe9d82a-6760-4144-a27c-95f44ed0787f,2008,1300,3201,Manual,Petrol,Coupe,Lahore
5ca1f66d-e3b6-448e-814d-30cbf2143be8,2002,2000,331964,Manual,Petrol,SUV,Rawalpindi
6d415069-8dad-46f7-a00b-c7bc1c2a73ee,2011,1500,178727,Manual,Diesel,Hatchback,Islamabad
76e8a5c3-9e1e-486a-9238-61c19308ddf1,2022,1800,312592,Manual,Petrol,SUV,Karachi
a597bd5c-9f7d-49e9-bed4-74e8e4738b55,2022,1800,26089,Manual,Diesel,Coupe,Rawalpindi
d81fcfbf-fbfc-48ba-a79e-346a19ed0597,2013,1800,231758,Automatic,Diesel,SUV,Faisalabad
e79f93b9-24f9-4253-9213-f8ade903dbbc,2001,1300,225398,Manual,Diesel,Coupe,Faisalabad
ab252966-65ff-443b-be76-24396fb0b087,2019,1300,23811,Manual,Diesel,Sedan,Lahore
3c65e61b-e263-4978-a529-ea8bfd448d12,2004,1300,110747,Manual,Diesel,Hatchback,Islamabad
2a26412e-cd02-4f9a-87d0-03b23f96a2e6,2001,800,260773,Automatic,Petrol,SUV,Rawalpindi
8a6b56f4-0f87-4765-8b20-d505ec9dd5d9,2015,2000,120644,Automatic,Petrol,Coupe,Lahore
feaab006-6b12-474a-a193-e7d234b8283d,2011,800,241043,Manual,Diesel,Coupe,Faisalabad
ecdc513b-6348-485c-a173-c7068484b0c8,2010,2000,335618,Automatic,Diesel,Sedan,Rawalpindi
7dc2de25-e717-44c1-a929-c87fa83a729b,1998,1300,90111,Automatic,Hybrid,Hatchback,Lahore
789cdeae-11d9-4b21-8f26-fd3f25b77aca,2011,800,127567,Automatic,Hybrid,Coupe,Faisalabad
d9bc3fb0-c410-4ba9-85cb-594da7457312,2000,1500,162673,Automatic,Petrol,Hatchback,Karachi
fb25aae7-2287-48a8-8766-724202a7758e,2000,1800,331992,Manual,Hybrid,SUV,Islamabad
3321556e-4464-4a97-b790-b249a71e0edf,2009,2000,338398,Manual,Petrol,Sedan,Karachi
db2bfd14-2af8-4a29-a1e3-77fd9bbd1bff,2006,1000,90963,Manual,Hybrid,Sedan,Karachi
8342ad08-d7dc-4c52-91f7-c049ff2ddf36,2022,2000,259059,Automatic,Hybrid,Coupe,Faisalabad
e09d9421-0e32-4759-9411-1d79f9ae57d3,2018,2000,327429,Automatic,Hybrid,Hatchback,Karachi
9b37047d-b226-4cb1-8b0e-cb4cf8df2dee,2012,800,245849,Automatic,Hybrid,Hatchback,Islamabad
24e1e19c-c93e-4d84-8da3-357c16196695,2016,800,184519,Manual,Diesel,Coupe,Rawalpindi
05319751-c22e-42ef-aca9-a9460a7b2ef9,1999,800,193324,Automatic,Petrol,Sedan,Faisalabad
9958167d-9597-4aed-9ad4-0b510bcab86f,2017,1800,201579,Automatic,Hybrid,Sedan,Rawalpindi
ab3c9ad1-883b-4300-9343-c637528640b0,2023,1800,341750,Manual,Diesel,Coupe,Faisalabad
2862deed-9002-4798-8210-20a1811527d3,2002,800,236203,Manual,Diesel,Sedan,Faisalabad
dfdad162-5ce6-42be-9907-481541e5d4b1,2018,1000,20521,Manual,Hybrid,Coupe,Rawalpindi
85a2da6a-53d4-4d81-b25e-cfd80510db58,2014,1800,319713,Manual,Diesel,Hatchback,Islamabad
e985c056-9eb5-4104-be4b-a3f68e1af235,2010,1500,177401,Manual,Hybrid,Hatchback,Lahore
9e5cf032-6f83-4c83-b3a4-a58baa9b4217,2008,800,292533,Automatic,Diesel,Hatchback,Faisalabad
48409261-d38a-4201-98d5-6009baea0fe2,2002,1300,42730,Manual,Diesel,Hatchback,Rawalpindi
8858d92d-baf8-4bb5-b357-5b9b19d27bae,2002,1800,44417,Automatic,Hybrid,Coupe,Islamabad
5dd268ae-7f57-460f-b0a6-cd99137bc48d,2024,1000,275981,Manual,Hybrid,Coupe,Faisalabad
420c555f-6755-4ce7-8a5b-981acfcb7441,2009,800,190105,Automatic,Petrol,SUV,Islamabad
339ef7e6-5ce1-4e2e-aac1-a3e7e35437bf,2022,1500,100666,Manual,Petrol,SUV,Lahore
f876fbc9-56ca-46e0-96d2-9601b37b3852,2007,800,266175,Manual,Hybrid,Hatchback,Faisalabad
635f80b5-4c86-4c33-a749-6ba29c2e2d81,2002,1800,197509,Manual,Petrol,SUV,Faisalabad
c50c2cd9-104b-46b5-95d2-dae2a6862490,2023,1000,229466,Manual,Diesel,Hatchback,Karachi
b40cce30-1c7d-44cc-928b-3894abf555bd,2012,1800,149384,Automatic,Petrol,SUV,Islamabad
f749d01b-3899-4a66-abb9-2d2d1ef437cf,2023,1500,101720,Automatic,Hybrid,Coupe,Rawalpindi
1a44c1cb-cd04-404c-af1e-cdee83577705,2022,1300,200211,Automatic,Petrol,SUV,Faisalabad
ba042f16-62dd-4097-8364-99d145363a81,2002,1300,27357,Automatic,Diesel,Sedan,Faisalabad
e0698d51-44f2-4f29-b72e-aa8c95c9602f,2001,1300,43974,Manual,Diesel,Coupe,Faisalabad
6da92138-3bc4-4c1a-b2d6-dd8bbdcef7da,2002,1500,48084,Manual,Diesel,Hatchback,Lahore
9075a067-0fe3-4540-b962-b1d8d97cf09d,2011,800,207856,Automatic,Petrol,Coupe,Lahore
7ff8bbb8-0bcd-4877-9633-6365f1d59368,2009,1000,14778,Automatic,Petrol,Hatchback,Karachi
6bc487bb-b921-40ac-9ebc-7670e6d0628d,2002,800,150407,Automatic,Hybrid,SUV,Rawalpindi
bc05854f-e8c1-4c10-b49a-698f349b872a,2012,1800,2753,Manual,Petrol,Hatchback,Karachi
de77bf06-4732-435d-8ce7-c5df44eeb929,2024,1000,287731,Automatic,Petrol,Hatchback,Karachi
25719534-fc46-4f5c-b1ae-e6dca51792de,2007,800,25034,Manual,Diesel,Coupe,Lahore
aa8d9b56-1729-4542-86bd-fea71a40e21c,2001,1500,312863,Manual,Hybrid,SUV,Karachi
651fcbe9-e8ef-422c-9275-7f4da38c098b,2007,1500,820,Automatic,Petrol,Coupe,Karachi
eb8e3c2c-01ef-4c69-90b9-6e7f554b9f6b,2019,2000,44886,Automatic,Petrol,Sedan,Rawalpindi
23f689d9-6c57-4324-8373-7cfc136b0f0d,2013,800,333274,Automatic,Diesel,Hatchback,Lahore
3524443a-04a7-4312-b6c1-3a49e637eddf,2009,800,180775,Manual,Hybrid,Sedan,Faisalabad
7d6e5260-693a-4bbb-80c7-591d882f185d,2021,1300,69945,Manual,Diesel,Hatchback,Karachi
0f1598e4-1b5a-4650-9752-2c68bbd2bb11,2024,2000,243596,Automatic,Hybrid,SUV,Karachi
d3de2dd1-737a-4073-b6d9-740d517f8c18,2000,2000,239955,Manual,Diesel,SUV,Lahore
086f5773-3d73-4f5a-afc3-4699695a9375,2023,1000,21970,Automatic,Diesel,Coupe,Faisalabad
c86f09d6-13d3-4408-be7e-a183c7bef97d,2013,1300,19199,Manual,Diesel,Hatchback,Lahore
03bf11b2-2dc2-46f7-a612-6d3194e3d291,2018,1300,143244,Manual,Diesel,Coupe,Rawalpindi
2b8e9f97-ba6d-4dbf-8761-f5f23d009ce4,2021,1500,202713,Automatic,Petrol,Coupe,Rawalpindi
0d19fdaa-0324-4ccf-a110-fe4b007d55d5,2009,1800,139838,Manual,Hybrid,Coupe,Lahore
c5ba6d53-3827-409e-8677-2b9068bb2cc5,2011,1800,94611,Automatic,Diesel,Sedan,Lahore
0e60c941-1276-430d-a455-7b40cf694de3,2008,2000,155000,Automatic,Diesel,Coupe,Karachi
a091ebe8-3e00-454b-99a0-a1d23707ebbb,2020,1500,184311,Automatic,Petrol,Hatchback,Faisalabad
00926dfc-bc2e-44ec-b5df-814b04e99ffe,2011,1300,335266,Manual,Petrol,Coupe,Islamabad
04dd3e3e-6e29-41ff-a2d3-c4e7bcd2554a,2014,2000,83879,Manual,Petrol,Coupe,Lahore
037e736c-b8ad-43c1-a137-2194fcdce004,2002,800,123729,Automatic,Diesel,Coupe,Faisalabad
1f7847ba-9b33-4121-a5cc-2adceedbcf0f,1999,1800,80445,Automatic,Diesel,Hatchback,Rawalpindi
e92fe538-91bd-4dff-986f-7c93f592c49c,2022,800,300900,Manual,Hybrid,Hatchback,Rawalpindi
9bc31150-3195-4dfd-9412-babeb2ae494c,2008,2000,146113,Manual,Petrol,Sedan,Karachi
0f613cc8-8f21-4074-b877-18883d6ddce3,2013,1800,202892,Manual,Diesel,Hatchback,Rawalpindi
bdaf7ca7-16dc-409f-92d0-e13a32c4d943,2004,1800,149724,Automatic,Petrol,Sedan,Karachi
f9c2e347-3293-404d-8df1-a84bcc5bdd1f,2000,1500,90521,Automatic,Petrol,Hatchback,Islamabad
a3cd6171-cdf7-4621-b595-f262a9ddc15a,2020,800,288356,Automatic,Diesel,SUV,Karachi
7088f98e-37db-47d7-8e47-24e8d7f0909f,2023,1300,266734,Manual,Petrol,SUV,Karachi
7d69897e-863b-4dc8-bb0f-131c5fb5dbe8,2005,1500,13780,Automatic,Hybrid,Hatchback,Rawalpindi
65e9a154-f55b-4c4a-94b5-59618c06936b,2023,1800,68037,Manual,Petrol,Hatchback,Rawalpindi
33cdd8ed-1070-49ad-aa15-cbfca2fcea3e,2020,2000,250958,Automatic,Diesel,Sedan,Karachi
60136d73-5ba1-46ed-8358-20b3212d06ba,2008,2000,38883,Automatic,Diesel,Hatchback,Karachi
5623a5ac-5a86-4579-afef-553ce0108a39,2024,1800,335436,Manual,Petrol,Coupe,Faisalabad
34b9b045-9b06-465c-90de-97e1e8766625,1999,800,271634,Manual,Diesel,SUV,Karachi
4bdedf32-3ab0-4642-ae0e-a4294ac7616a,2008,2000,118211,Automatic,Hybrid,Hatchback,Lahore
1cd00f32-c85c-4827-9261-ab9e56f2c505,2006,1000,332952,Automatic,Petrol,Hatchback,Faisalabad
e7864243-5f71-4092-9ab3-4fd2cb1738a4,2015,800,263493,Manual,Hybrid,SUV,Karachi
2fa2f989-ef5b-4dad-9d01-e87e77b10f67,2019,1800,317267,Automatic,Hybrid,Sedan,Lahore
bee1ca34-5071-4300-900a-cc42d7346bbe,2000,800,336306,Automatic,Hybrid,SUV,Faisalabad
21e63faf-3aaf-44d8-9dd4-29f7bd0a5a93,2011,1800,335015,Manual,Diesel,Hatchback,Islamabad
90a1d384-fadd-4a7f-81ce-bc74e6479b42,2013,1000,212909,Automatic,Diesel,Sedan,Lahore
69a32698-69ff-49de-b634-3c8d0e72610b,2003,1500,217905,Automatic,Diesel,SUV,Islamabad
5e5bc986-970e-4a54-bae2-b4f32a69c2e7,2017,1000,163883,Automatic,Hybrid,Hatchback,Rawalpindi
92b5dc84-e655-4036-85cc-9dd8a7d7c69d,2002,1300,269997,Manual,Diesel,SUV,Rawalpindi
30014a08-0255-4323-998c-742086e36d12,2001,1300,235717,Manual,Petrol,Sedan,Lahore
d118b028-428f-4f38-a0d6-75cc90ea0d30,2007,1500,322635,Automatic,Petrol,SUV,Islamabad
24c6c70a-0e5d-4c28-9ea8-d6a5ac0de937,2016,2000,163952,Manual,Petrol,Coupe,Faisalabad
5f288381-75ae-470b-b52b-3734d46ba860,2012,1500,161764,Automatic,Petrol,Sedan,Rawalpindi
1316bf51-a9d9-4d90-84d0-4c7c7d6ff4f7,2014,1500,126211,Manual,Hybrid,Hatchback,Lahore
2ad990f1-8074-4e02-b81b-7238ad188bf6,1999,1300,259467,Automatic,Diesel,Sedan,Lahore
2036eadc-330a-4698-9f4a-71a00aa0c22a,2011,1000,138659,Automatic,Diesel,Hatchback,Lahore
746d1062-3bc2-478d-865a-0c5e105ed2bb,2010,800,298991,Manual,Diesel,Hatchback,Lahore
2108d51f-a837-4394-a2a3-17e5e8fb63c5,2010,1800,236115,Automatic,Hybrid,Sedan,Karachi
c652f52f-0c95-4bf3-8beb-76ec2ad96352,2001,1500,195663,Automatic,Hybrid,Hatchback,Karachi
0e2f4ed9-209a-43d8-9d92-945a5500741f,2004,1800,266926,Automatic,Hybrid,Sedan,Lahore
ea1090b0-0d41-441c-8a57-0126b8fc1265,1999,1000,174609,Automatic,Hybrid,Coupe,Karachi
36f21d8b-51cf-4610-bdc1-8986d5620161,2017,1800,73285,Automatic,Hybrid,Hatchback,Karachi
e1cfe6c3-6c2b-4c48-bb95-b98a4ef93208,2010,1800,156884,Automatic,Hybrid,Coupe,Faisalabad
ec7547f8-655f-4e4d-ac89-a41a16c58693,2007,1500,8722,Automatic,Diesel,Sedan,Rawalpindi
61e94954-3780-4de0-ac62-c9f9402e9bce,2016,1300,329913,Manual,Hybrid,Coupe,Islamabad
54c8b99d-58a8-4da1-a3d7-082ccf9d530e,2018,1800,302846,Manual,Hybrid,Sedan,Faisalabad
6e60cac2-c55b-43f5-9951-0252d8abf1d4,2013,1000,274848,Automatic,Petrol,SUV,Lahore
74e7b537-3436-4380-ba09-8dc28c319c10,2016,2000,57616,Manual,Petrol,Coupe,Islamabad
e5e9ed35-ae11-4fc8-970f-936506f5a795,2011,1000,216510,Manual,Diesel,Coupe,Lahore
31375b0a-03c5-48a1-bbed-f31696d8d9d0,2020,1000,271939,Manual,Hybrid,Hatchback,Rawalpindi
60a92892-1819-4ca9-8631-9b9b0ec921aa,2014,1500,164496,Manual,Diesel,Hatchback,Faisalabad
32b79116-78f4-4048-9210-1d1e4e2534de,2009,2000,337279,Automatic,Hybrid,Coupe,Karachi
e9546d0b-f9cd-413c-93ab-3e4481f52af3,2005,1300,292598,Automatic,Petrol,Hatchback,Islamabad
dff3dcf7-b6b3-451f-a2b0-eb986b91f03a,2020,1000,256378,Automatic,Diesel,Hatchback,Faisalabad
7824e87d-c9a5-454b-adab-4b6b7d4a8ce4,2023,2000,143370,Automatic,Petrol,Coupe,Rawalpindi
4a5b6df4-5403-4092-a088-07d24833c525,2024,1300,76795,Automatic,Petrol,Hatchback,Lahore
d957b7e2-1600-4377-be64-df9a47bf8f5b,2009,1500,343918,Automatic,Hybrid,Coupe,Karachi
274dd5a7-890d-4c3d-a7b3-31b7a2013449,2004,1800,142151,Automatic,Petrol,Sedan,Faisalabad
0196e8a1-6dd1-41f8-a84c-e4fadf57de03,2021,1800,125452,Manual,Petrol,SUV,Karachi
0fbda960-6a76-447e-827b-12972bac30bb,1999,800,216688,Automatic,Hybrid,Coupe,Lahore
12021b28-aa5a-4e02-9693-c8d90af1bbbf,2019,1000,2716,Manual,Diesel,Coupe,Rawalpindi
a12ff0d2-df6c-4851-ac88-83f37d3fc678,2018,1000,150599,Automatic,Diesel,Sedan,Lahore
1d7a025a-df85-4a9d-83c4-d72106523abb,2018,1800,121750,Manual,Petrol,Coupe,Karachi
302b95cd-fc55-4221-bdb8-8623be1d81bd,1999,1500,259723,Manual,Hybrid,Hatchback,Lahore
ca9b8575-d408-4cec-a27a-545924b2e064,1998,1300,297775,Manual,Diesel,Hatchback,Rawalpindi
37e53fd5-92fd-4f8e-91a2-809af1b784a3,2018,1800,274893,Automatic,Petrol,Coupe,Islamabad
4c8d1e67-2e04-4327-aa01-9792c51c4860,2004,800,173373,Manual,Hybrid,Coupe,Islamabad
6af6f9df-762f-4d87-99c9-80060aa26f9e,2020,1000,7384,Automatic,Diesel,SUV,Karachi
5fe12bf2-b621-4f32-8a68-1ef1ac83d955,2017,2000,212593,Automatic,Hybrid,Hatchback,Lahore
93e76965-4d80-4652-84fa-815bc00d8723,2010,2000,50009,Manual,Petrol,Coupe,Islamabad
b22403dd-88cb-46f2-a3ee-6f763df6fca5,2005,800,136726,Automatic,Petrol,Coupe,Islamabad
a0f34212-8590-4725-8c26-ca41b841b40f,2008,1300,305377,Manual,Diesel,Hatchback,Karachi
39156cd2-d3c0-487c-b451-f3c1e102e826,1999,2000,61983,Automatic,Diesel,SUV,Rawalpindi
f249a308-a091-45bd-acdc-f61d3be7b38e,2019,1800,163042,Manual,Hybrid,Hatchback,Islamabad
a19fa409-6202-42ef-803f-325859e84163,2017,1000,114886,Manual,Diesel,SUV,Rawalpindi
326b3734-bb19-4ed3-b500-1050984396df,2021,1800,195887,Automatic,Hybrid,Coupe,Faisalabad
c344ecaa-2ad8-4b10-97b1-39bc8148de1e,2023,2000,114510,Manual,Hybrid,Sedan,Faisalabad
14433a56-0b4c-47ad-a95d-f19b9d217f90,2012,1800,189679,Manual,Hybrid,Sedan,Lahore
ac21e389-b314-4af9-8836-c4873445b5a9,2024,1800,265020,Manual,Hybrid,SUV,Karachi
3a9e952c-553d-466e-ba0a-8c322884eac9,2008,1800,231651,Manual,Hybrid,SUV,Faisalabad
a3905561-aed9-4d10-85dd-6d199434a263,2013,800,267583,Automatic,Petrol,Coupe,Karachi
b4a778a4-9ef0-4db8-9fe0-60eca2341055,2014,1500,239493,Manual,Hybrid,Coupe,Islamabad
06bce687-d5b7-4760-9f3d-03228830094b,2021,800,207591,Automatic,Petrol,SUV,Faisalabad
0fcaa504-cf6b-4947-98e1-7d8697f1218c,2000,800,222139,Automatic,Hybrid,Sedan,Faisalabad
b4388d26-666d-4bdc-b0fe-9e121e72ca67,1999,800,247501,Manual,Diesel,Coupe,Karachi
fdc6faa5-e60c-4e21-a884-0529ec2fd6b2,2022,1000,336343,Automatic,Diesel,Coupe,Rawalpindi
3dafdcb7-b858-46cb-9b57-d8acaf120e26,2010,1500,42074,Manual,Hybrid,Hatchback,Lahore
99574fe5-3aef-4b41-83d2-5866a5d3e8be,2003,1800,206075,Manual,Hybrid,SUV,Lahore
06151c20-8911-4e50-8be0-bf920d9481b7,2022,800,156428,Automatic,Hybrid,Coupe,Faisalabad
2fd3c0af-3fb8-4439-8717-3172758d74fa,2010,1000,129767,Automatic,Diesel,SUV,Islamabad
adfbc9e9-5142-4857-9791-fa9ac5c0b85a,2004,2000,59163,Manual,Hybrid,Coupe,Faisalabad
748bebe4-ae73-4285-94ed-37df17d70f77,2022,800,126178,Manual,Petrol,Sedan,Faisalabad
0a29bafe-561c-4418-a200-99f1859ae3f1,1999,1500,313411,Manual,Petrol,Sedan,Rawalpindi
6eae58e7-03a4-4f50-b680-1b06c14ab58c,2012,1000,282989,Manual,Petrol,SUV,Faisalabad
7b91ebba-cbff-41d6-931c-70ddc9c64a77,2007,1000,302047,Automatic,Hybrid,Hatchback,Karachi
98c98696-425b-42e8-aeee-2a114f5796bf,2007,1000,346141,Manual,Diesel,Hatchback,Islamabad
45938678-44ed-429d-9f7f-70c318985efd,1999,1800,310203,Manual,Hybrid,Coupe,Faisalabad
834a5c48-16b1-48bd-98da-955c6b046097,2013,800,180572,Automatic,Hybrid,Hatchback,Rawalpindi
65d1cdc4-27d2-478e-929e-23273883adde,2011,1000,157227,Automatic,Petrol,Coupe,Karachi
c01bbc4a-a1b4-4067-a85d-65fbeae3b767,2005,1300,75681,Automatic,Petrol,Coupe,Rawalpindi
b0cd228b-3129-4686-948f-68a2b05607a8,2015,1800,70303,Automatic,Petrol,Hatchback,Karachi
f88be550-8c30-49a0-8732-121084bd70b7,2008,2000,41455,Automatic,Diesel,Sedan,Faisalabad
5fe93840-4d8f-4c0f-809a-9843df8bc9ea,2021,1000,27020,Automatic,Diesel,Sedan,Lahore
b7475ea8-bc5e-488d-b505-83ce56220375,2004,1800,292998,Manual,Diesel,SUV,Islamabad
39229e50-e44a-4123-adfb-e7bdfe31b92c,2007,800,111048,Manual,Hybrid,Sedan,Rawalpindi
08ad4d92-0cfa-4d84-a10c-7819bdeb43b4,2005,2000,316880,Manual,Diesel,SUV,Faisalabad
74d7df51-613a-41da-8003-e753cba74811,2008,1300,199576,Automatic,Hybrid,Hatchback,Islamabad
d10b5dbb-03a4-4d49-8866-b9b2161df8a9,2006,1300,268863,Automatic,Diesel,Sedan,Rawalpindi
2363c3ba-157a-4e2c-82aa-adac916ec3cf,2022,1300,106497,Automatic,Diesel,Coupe,Lahore
40c195e1-5ec6-477b-b904-304b2971400b,2016,1000,76505,Manual,Diesel,Coupe,Islamabad
c04008db-137c-4329-b7c2-ddfcf06133ae,2002,1000,172944,Manual,Diesel,SUV,Rawalpindi
90af5a86-6139-42d7-b48c-1100eb41b293,2015,2000,176980,Automatic,Diesel,Coupe,Rawalpindi
eb2f427f-164f-489e-ad3d-dd695ca4e609,2003,2000,184641,Manual,Petrol,Coupe,Karachi
3af59c8d-cc1c-4728-bdd5-6d4720cc9349,2015,2000,30792,Manual,Petrol,Sedan,Lahore
56f10d1f-5f54-4ad8-9d9c-0c430a186e56,2011,1000,330669,Manual,Petrol,SUV,Lahore
d2cf6b62-95b6-48c3-9b61-776892a2fc6e,2004,1800,239080,Automatic,Petrol,Coupe,Rawalpindi
238cabdc-a42f-4137-bd5d-3d053da137ef,1998,800,279032,Automatic,Petrol,Sedan,Faisalabad
d5c16820-11fb-4702-b8a0-47ba5be7c9f5,2021,1300,280881,Automatic,Petrol,Coupe,Karachi
121ff645-0e9e-46e2-a669-715b7733e4b4,2001,800,274928,Manual,Petrol,SUV,Faisalabad
636a3d53-cfe4-4aef-8437-6abc47fd6836,2014,1300,185829,Automatic,Diesel,Sedan,Islamabad
f64c876a-80bd-42ff-b2d4-6ea08d9e4988,2010,1500,296223,Manual,Hybrid,SUV,Islamabad
0496c541-8d5f-474e-a10f-e830cc99e501,2019,800,342745,Manual,Petrol,Coupe,Rawalpindi
0741edca-52a8-44ea-9e88-9b8ea615eda1,2010,1800,249563,Manual,Hybrid,Sedan,Karachi
9f327ba4-82bc-4dc1-9302-a056382495b6,2000,1500,227493,Automatic,Hybrid,Sedan,Faisalabad
f8ddda43-42e7-4d46-8a1f-e0b4f7e705d9,1999,1000,110843,Automatic,Diesel,Sedan,Lahore
6964bc7c-019c-4822-9920-3da05f830d91,2019,1300,284704,Manual,Petrol,Hatchback,Lahore
cef493df-51b1-4d04-810e-4089e2c0596b,2004,1800,75597,Automatic,Petrol,Hatchback,Karachi
83e83ae4-cf30-4860-8fcc-0a260c55f332,2016,1000,297111,Automatic,Hybrid,Hatchback,Rawalpindi
cd31209c-5402-4701-a968-a29eba85f735,2022,2000,73374,Manual,Hybrid,Hatchback,Lahore
c0c7a69f-1c15-42db-9d2b-0da203261147,2001,1500,121710,Manual,Diesel,Coupe,Islamabad
abc58604-dcd7-44db-829e-35a846243905,1998,2000,143302,Automatic,Diesel,SUV,Islamabad
18add08c-e309-4ce5-b771-e6fff5580c95,2015,1500,226412,Manual,Hybrid,Coupe,Lahore
072f9a49-b2d7-4073-8f90-74a76067816d,2022,1800,154863,Manual,Hybrid,Sedan,Lahore
d9e4ef2e-945a-4679-91a4-b07047972c86,2006,1000,199229,Manual,Hybrid,Coupe,Islamabad
4e52c2f6-8e81-4dca-a726-a1b37607919f,2009,800,47983,Manual,Diesel,Coupe,Islamabad
bf829c53-a4c2-4f0a-889f-d5a249547696,2022,1300,53598,Manual,Petrol,SUV,Rawalpindi
694ce433-41df-4a35-aaad-7ef3ba93c3a3,2012,1800,290843,Automatic,Petrol,Sedan,Lahore
30a4a5ca-6355-4d68-9022-e1649fb33311,2009,1800,48792,Automatic,Diesel,Sedan,Islamabad
e3ff3645-7fdd-474f-9c8c-d3887e5c19da,2011,1500,44406,Manual,Hybrid,SUV,Rawalpindi
9c6c62ec-723f-4dce-8fa9-dd8581bdb768,2003,1000,140990,Automatic,Diesel,Coupe,Karachi
12e6b570-d01e-4923-9a7b-99aebd7c66ad,2000,1000,227895,Automatic,Diesel,Hatchback,Rawalpindi
474edec1-3485-458e-be00-ad542a31d6d8,2023,800,189333,Automatic,Petrol,Coupe,Faisalabad
c4642693-ae68-491d-91bf-a648b0882ebc,2017,1000,240051,Manual,Petrol,Hatchback,Lahore
7ddc34c1-59e9-4b46-b9a9-d42e2756cc3e,2010,1300,325159,Automatic,Diesel,Coupe,Islamabad
4343d241-793e-447e-b553-cfacbe8c1402,2011,2000,311633,Manual,Diesel,Hatchback,Faisalabad
f9add8f2-4144-43d5-b09a-64b4943a4156,2020,1000,251139,Automatic,Petrol,Coupe,Islamabad
0ba583da-e7df-4490-8779-faa3fdaccbd8,2007,2000,331823,Automatic,Hybrid,SUV,Islamabad
6cfb868c-c7e0-46fd-8611-b411d571ee2a,2010,1300,206011,Automatic,Petrol,SUV,Faisalabad
45e40f28-f365-4c4c-97bc-9b6e50e39915,2015,1000,288410,Manual,Hybrid,Coupe,Karachi
e7071932-57db-461d-9f6f-9b751490ed6c,2012,1300,36259,Automatic,Hybrid,Coupe,Karachi
ea27c203-7ad0-495f-a4c5-b2f3b1b6ac69,2018,1300,126888,Automatic,Hybrid,SUV,Rawalpindi
92620f93-0735-41f3-8f34-6f955765659a,2023,1500,38779,Automatic,Hybrid,Coupe,Faisalabad
d06cf2ca-e36e-4ba7-943e-4105c5339140,2010,1800,265610,Automatic,Hybrid,Sedan,Islamabad
e1391163-da5b-43a0-8932-c086c504e4af,2020,1800,311332,Manual,Petrol,SUV,Islamabad
abafa35c-745f-4d38-822d-9d2e1e26c30b,2003,2000,321219,Manual,Hybrid,Coupe,Islamabad
fc49ef51-495b-413c-9a73-7d3adf82bdc7,2023,1500,55545,Manual,Petrol,Hatchback,Karachi
06e7b01b-7547-401f-a7f1-50c14043ea0b,2014,2000,271999,Manual,Diesel,Hatchback,Rawalpindi
db928ee2-f7b5-40fb-abcb-ae190a3b517d,2012,2000,308590,Manual,Diesel,Sedan,Rawalpindi
8979c0a7-7159-41e0-8668-0830492d1ffe,2001,1300,218090,Manual,Petrol,SUV,Islamabad
b4197479-2b79-43fd-9185-2d2470a15604,2007,1300,238725,Manual,Hybrid,Coupe,Islamabad
7b61d9f2-2d10-4edb-84d5-cd26464c9071,2013,800,229725,Automatic,Diesel,Sedan,Islamabad
085fffe8-d2e2-450a-a024-693ffd26f783,1999,2000,60337,Manual,Diesel,Sedan,Karachi
6b71911b-e9bf-4f53-b9c8-1d7c01f8291e,2021,1000,270529,Manual,Hybrid,SUV,Islamabad
46852f06-796e-4253-8c76-d9b3030a79f1,2015,1500,242249,Manual,Diesel,SUV,Karachi
d6231a5d-2a73-48b6-94ec-f13071687366,2018,2000,226562,Automatic,Petrol,SUV,Rawalpindi
110f0ebd-d7f4-4ac2-bfa8-9ddfb92d1588,2016,1500,203861,Manual,Hybrid,SUV,Karachi
29345bc1-6674-4e81-a334-b1817fc45439,2006,2000,32801,Manual,Hybrid,SUV,Islamabad
792dea9d-3a53-45ea-a61e-ddcf77621e43,2008,1000,239888,Manual,Diesel,Coupe,Faisalabad
c0ae43c3-67fa-4166-9216-eee1d81c9322,2018,1300,312984,Automatic,Hybrid,Coupe,Faisalabad
feaabfef-25ce-4d01-acd8-7d0b564a9459,2001,1300,184541,Automatic,Hybrid,SUV,Islamabad
1427403b-8649-4722-9f70-e44b2fdb8795,2017,1800,44434,Manual,Diesel,Sedan,Karachi
6007c317-bed4-4300-a56f-0ad9cf55ead4,2007,800,95968,Automatic,Hybrid,SUV,Faisalabad
14791a9a-e0c4-4843-87b0-dd7c70f4ab6a,2010,1500,312698,Manual,Hybrid,Coupe,Rawalpindi
102d6da0-2bb2-4bf0-9dda-864628fa318b,2003,1500,333185,Manual,Hybrid,SUV,Rawalpindi
f21b3c74-fd3c-4f09-8c86-63781bc21cff,2007,1000,98093,Automatic,Diesel,Sedan,Islamabad
b09044b9-8eff-44e3-b677-c66fbbac6ee8,1998,1500,71583,Manual,Diesel,Coupe,Rawalpindi
9aea46da-3b38-49d1-a76b-ee31e0d1de42,2019,1500,217910,Automatic,Diesel,SUV,Lahore
5fcb37fb-3bfa-453d-b6c8-c15d981a4693,2016,800,115620,Automatic,Petrol,Hatchback,Karachi
b2f65f84-c74f-4c01-9af0-adf147f27a6d,2015,1300,88189,Automatic,Hybrid,Coupe,Faisalabad
49c9d7c3-1bfa-483d-aa58-f8e184cf6e21,2014,800,300267,Manual,Diesel,Hatchback,Faisalabad
e0664b78-f222-48cb-b3f7-55c5832ad872,2024,800,231403,Manual,Diesel,Sedan,Karachi
33632811-7e44-404b-8a35-21935816b2a2,2007,800,235789,Automatic,Diesel,Sedan,Rawalpindi
5eb14886-14a4-41b2-b73a-cf0cf0924361,2001,1000,110036,Automatic,Hybrid,Coupe,Karachi
0ef466a2-7f38-4d6f-b5c9-5fe0794707e9,2017,1000,108328,Manual,Petrol,Hatchback,Faisalabad
894741f2-3ce0-44ab-872e-6661c09458da,2006,1800,282469,Manual,Diesel,Hatchback,Islamabad
787f0ab8-dc5e-4b7c-bfd5-812cc22d309f,2016,1300,269701,Manual,Petrol,Coupe,Lahore
cb27f126-90a8-4590-9685-0681b5c4fe1e,2006,2000,66525,Manual,Petrol,SUV,Islamabad
83722f48-d26a-4389-a4f1-37c46fc8359b,2024,1000,205888,Automatic,Petrol,Hatchback,Rawalpindi
04e2d5ad-34fe-4d66-ba1b-e6595a5f0ad1,2010,1500,39592,Manual,Diesel,Hatchback,Islamabad
b8026dcb-2185-49cd-9911-3ed0b0ccd7b4,2012,1500,171593,Manual,Hybrid,Sedan,Rawalpindi
ec736f69-e08c-4284-8dda-c6e137ec8a01,2018,2000,187811,Manual,Hybrid,Coupe,Karachi
ffd0f458-0d15-4977-9359-fb16691a6328,2011,1000,259373,Automatic,Diesel,Hatchback,Islamabad
e0eaddb2-b423-45ea-9668-c759f1df9d53,2015,1800,68468,Automatic,Diesel,Sedan,Lahore
43f28855-bf01-4ede-b34e-eef82eb46f42,2001,2000,240953,Manual,Petrol,SUV,Rawalpindi
dc44b34f-01b4-4b90-a424-bbc6b3ec6174,2012,800,224290,Manual,Hybrid,SUV,Islamabad
4f0755bf-26e8-41eb-91fb-53bd36c61706,2003,1300,48937,Automatic,Diesel,Sedan,Islamabad
8392dc68-4733-4401-aba6-85312778dcab,2019,2000,86782,Manual,Diesel,Hatchback,Karachi
c0a7c4ba-ae5b-4732-a32e-0aa59a63ae14,2011,2000,47814,Manual,Petrol,SUV,Rawalpindi
f1052444-07cc-40b6-a356-c31eede80029,2000,1000,311259,Manual,Hybrid,Coupe,Lahore
45d92abb-0d54-4b17-9bd4-0e6ebcdb17f9,1998,2000,180131,Manual,Diesel,SUV,Rawalpindi
34562a97-4134-4398-8e31-45100ae14ae3,2000,1000,200838,Manual,Hybrid,Sedan,Lahore
9ddb3ea6-e4ce-4ba7-8993-77cc8c7d4df9,2008,1300,156895,Manual,Diesel,SUV,Karachi
d69ac003-b8fa-4cb6-ba62-5f50c1719ea4,2000,1800,295326,Manual,Hybrid,SUV,Rawalpindi
c6665613-c182-40e2-821c-0046ff287277,2009,2000,111702,Manual,Diesel,Coupe,Karachi
8e0e72db-5417-48bc-8c18-d0c4481fd747,2000,800,73407,Manual,Hybrid,Coupe,Islamabad
1b522c9b-cc46-4499-9b4d-774b75754c41,2011,1300,73311,Manual,Diesel,Sedan,Karachi
7636c21e-79eb-4840-bed6-29df8ac4c22d,2015,1800,314576,Automatic,Hybrid,Sedan,Islamabad
9c0b6230-6166-4ae1-bfde-26c5580662de,2004,1800,318204,Manual,Hybrid,Coupe,Islamabad
8d11693e-59ca-4df6-abc8-2b3501c18329,2018,800,125483,Automatic,Diesel,Sedan,Karachi
026b833a-4689-4bce-8e4e-2894d5aa439b,2013,2000,311390,Manual,Hybrid,Sedan,Islamabad
eb808672-8241-40cf-b98b-c3036b6f8d5b,2008,1000,202814,Automatic,Diesel,SUV,Rawalpindi
4c1e390c-5205-4b6a-8619-9a4d818aea5a,2022,800,8750,Manual,Petrol,Hatchback,Karachi
14ac9a77-892d-4b52-8c13-e7acc5122b1b,1999,800,208653,Automatic,Hybrid,Coupe,Rawalpindi
19cbbe91-775e-435f-b55f-adb7cf219619,2020,1500,43215,Manual,Diesel,Sedan,Islamabad
cd2aed2e-cca8-4e3f-bdbc-e1a3353a2301,2000,1800,106534,Manual,Hybrid,Hatchback,Rawalpindi
5bbdbef2-dc30-4374-a186-6c828b2f4065,2016,2000,340703,Manual,Diesel,Coupe,Karachi
1c620f99-c6dd-4ba2-a88f-d0b261dcaf2c,1999,1000,45200,Automatic,Petrol,Coupe,Faisalabad
6bb5b1ed-1343-4d27-92d7-734b51e40ba8,2017,800,162157,Manual,Petrol,Sedan,Karachi
4803c19c-6975-4b5a-a22c-1cb513c0950b,2020,800,85895,Automatic,Diesel,Hatchback,Karachi
2a0dece6-d6d5-468b-8d27-0b55dbd93ab4,2009,1000,140909,Manual,Petrol,Hatchback,Rawalpindi
407eb9bb-3f7f-44d9-a85f-4e4e21d87d85,2006,1800,33487,Automatic,Hybrid,Sedan,Rawalpindi
8b9f2a98-e914-42a8-93a1-0adba04cc9a3,2012,1800,188808,Manual,Diesel,SUV,Islamabad
521a93fa-15dd-4402-9f86-3085a49b927d,2003,1300,53951,Manual,Petrol,Sedan,Lahore
198822a2-00c5-4108-a81a-aee6a392c502,1998,1000,24107,Automatic,Diesel,Coupe,Karachi
d4172dc5-068c-4204-9d26-362dccc8da45,2003,800,289860,Automatic,Petrol,Hatchback,Karachi
d0b07c3b-fc17-4891-9173-9c1ce429f251,2011,2000,167738,Automatic,Petrol,Hatchback,Lahore
cc230c36-e003-4275-920f-f9322dc2ab8e,2014,2000,27615,Manual,Petrol,Sedan,Rawalpindi
3ede548e-9b34-44ab-9579-34be43e310bf,2000,1500,148010,Automatic,Diesel,Sedan,Faisalabad
85e0d977-3589-4c06-bf08-e95ae670f8fc,2012,800,193419,Manual,Diesel,Hatchback,Faisalabad
481a616c-6860-47fd-bdb1-017de44ae3fe,2005,1500,193081,Automatic,Petrol,SUV,Karachi
b108ec2f-b024-472b-9ccd-886211873915,1998,1500,12535,Manual,Hybrid,Hatchback,Lahore
65abb3ff-849c-437b-b5e8-40a77bf7630f,2008,800,344616,Automatic,Hybrid,Hatchback,Lahore
3404cec7-5f58-4005-b8ba-c46513c7ef06,2004,1800,124868,Automatic,Diesel,Sedan,Karachi
d8f28c27-c103-4d28-bc16-21bdfb84896c,2020,1300,48772,Manual,Petrol,Coupe,Islamabad
0ad4f079-23ff-42af-8a63-8d4a376579bc,2012,2000,44513,Manual,Hybrid,SUV,Rawalpindi
7d9ec680-1bba-4ba8-96ab-8f5ced95ba6f,2000,1800,297701,Manual,Diesel,SUV,Karachi
15791ada-9534-40c4-b616-127bf7275047,2007,1300,165155,Automatic,Hybrid,Hatchback,Islamabad
88c482ed-d031-402c-8b6d-0cafbd306c9d,2012,1300,122479,Manual,Petrol,SUV,Faisalabad
2aa4758c-7c23-4265-a319-5d178289198d,2001,1000,55395,Manual,Diesel,Coupe,Islamabad
02cebe75-4e1f-41dd-a2e4-89eece7cb7bf,2011,800,280978,Automatic,Petrol,Coupe,Islamabad
05bc5acc-feb5-4e64-85cd-c08b82392da3,2012,1300,62869,Manual,Petrol,Hatchback,Faisalabad
93581728-03ea-48e2-951e-8d203bfe4510,1999,1000,171858,Manual,Petrol,SUV,Islamabad
b29c8d11-2359-4a77-9cde-3a521d18448d,2010,1800,25664,Automatic,Diesel,SUV,Lahore
183b7e44-af6d-45ba-baf1-e9aad839be6a,2010,1500,291479,Manual,Petrol,Coupe,Lahore
1d9dd190-4000-4036-b6b3-da3e9b9a3caa,2023,1000,63676,Manual,Petrol,SUV,Karachi
05f4a486-e185-4567-a490-327b1fc72cc3,2004,1500,195160,Manual,Hybrid,Hatchback,Lahore
96768a5d-2981-40f2-b8a3-c49582b4c0aa,1998,800,103678,Automatic,Petrol,Sedan,Islamabad
279ff352-43a4-4f8b-b4c6-554367fa5e4b,2001,800,241694,Manual,Petrol,Coupe,Rawalpindi
dae21ca6-0fe2-4380-9b00-68b9e96fe267,2013,800,200660,Automatic,Petrol,Hatchback,Karachi
30b366fb-d77b-4e02-8fdb-d17a595897c6,2003,1300,146724,Automatic,Petrol,Sedan,Faisalabad
e2feb9ce-d9ef-43fd-b3c5-b5ba878f6532,2017,1800,128862,Automatic,Diesel,Coupe,Faisalabad
df2b4b45-9937-4dd6-8de6-c0c71ec31d8a,2013,800,45991,Automatic,Diesel,SUV,Rawalpindi
2c95e776-6b35-44c0-b1ad-ce981ee8a43c,2004,2000,275678,Manual,Hybrid,Sedan,Rawalpindi
7a2b8f71-06ae-4411-8486-08a06e9c0c8c,2023,2000,188278,Automatic,Hybrid,Coupe,Islamabad
4f7d27f2-f00f-4465-b9e6-c263110dcea5,2016,1800,168613,Automatic,Diesel,SUV,Lahore
c41ff459-8bd5-4c70-baeb-dbe0cbd0ed90,2008,1800,114829,Manual,Diesel,Sedan,Rawalpindi
9ab9fed9-f529-48c6-a269-7ad01fb5447c,2014,1300,306178,Manual,Petrol,Sedan,Karachi
ab87647c-4eb4-4819-a6b9-d366262c158b,2019,1000,139736,Manual,Petrol,Coupe,Islamabad
d696d4de-4ca8-4376-b942-4c00c8dea44b,2024,1000,92327,Manual,Hybrid,Hatchback,Islamabad
278c3946-f65b-484e-ba3d-9476e5aa9a3f,2016,800,184382,Manual,Hybrid,SUV,Rawalpindi
1461f53f-a24f-45be-a08d-c49d545b6a17,2015,1300,92042,Automatic,Petrol,Sedan,Lahore
6381de38-5757-4882-8bc6-287e24afb2c6,2005,1800,114718,Manual,Hybrid,Coupe,Lahore
a8501b90-98c6-41ce-9d60-afd4500056ac,2008,1800,105625,Manual,Diesel,SUV,Islamabad
49503010-96e7-43d2-8ebd-5b7db28d6d85,1999,800,77443,Manual,Petrol,Hatchback,Lahore
18729dad-8303-4456-80a7-b28b3044afd2,2009,2000,347151,Automatic,Hybrid,Sedan,Islamabad
5e72e8c1-b2a1-40c5-aa66-2c38b5766195,2007,1300,71539,Manual,Hybrid,Coupe,Rawalpindi
2c1288f3-4663-47a3-8369-3c8de5922a8c,2018,1300,91332,Automatic,Petrol,SUV,Rawalpindi
ad700834-8796-4b09-a34a-c5cd984f2667,2007,2000,154411,Manual,Petrol,Sedan,Faisalabad
bb3ee842-d983-4c74-940e-6269c0f7cb34,2010,1800,16977,Manual,Hybrid,Hatchback,Faisalabad
35017272-03b3-430e-81df-ac91eb84a71a,2005,2000,296511,Manual,Diesel,SUV,Islamabad
49957ddd-c02f-4ed2-9497-e4d1de41d1cb,2021,800,124778,Automatic,Diesel,SUV,Lahore
1ba79ba1-c4ab-4a27-b5c2-47f1bc647eaa,2024,2000,335073,Automatic,Diesel,Sedan,Islamabad
7a3f4aa0-1388-46e3-8f12-fd2eb3729ef3,2004,1000,35543,Automatic,Diesel,Sedan,Lahore
00ac3038-6788-47e5-a01f-207818ea3518,1999,1500,229753,Automatic,Petrol,Coupe,Rawalpindi
7865053d-f0e8-408c-b38a-8991055badcb,2010,1300,286273,Automatic,Petrol,Coupe,Faisalabad
09c2116c-1ba9-48c7-bc63-f43d7f53454c,2018,2000,118270,Manual,Diesel,Sedan,Lahore
ca1f62dc-d98a-4c91-9313-0ba6e3f3cc48,2007,800,167099,Automatic,Petrol,Sedan,Islamabad
b8624142-878c-4f09-9762-74f5e604b4a2,2003,1500,84360,Manual,Hybrid,Sedan,Islamabad
73095e9b-b531-4a5b-962a-86d57d8d940a,2017,1800,253093,Manual,Diesel,SUV,Faisalabad
61e7ca7d-dbbd-4688-b44a-897552d00a5e,2011,1000,28078,Manual,Diesel,SUV,Karachi
c7b87521-7f3a-478e-86ff-6df92cf0c1dd,2011,2000,290514,Automatic,Hybrid,Hatchback,Islamabad
1716bc27-b6ff-4be6-9a58-3c5d768fea5c,2005,800,26023,Automatic,Hybrid,Coupe,Karachi
76c3c719-d458-4d51-9581-3623c3d3ae7b,1999,1300,2000,Automatic,Petrol,Hatchback,Faisalabad
3ba47b2b-789d-4efb-b88c-684f8a689957,2013,1000,50849,Manual,Petrol,SUV,Islamabad
8271a8c5-989a-4db9-9dc3-2f785813dd6d,2000,1500,60559,Automatic,Diesel,Coupe,Rawalpindi
a7f97a3d-a2cc-4227-ace6-2e36ab1bbf19,2019,1300,47781,Automatic,Petrol,Hatchback,Rawalpindi
c09502a3-cf21-4e65-9753-071ed42958cf,2009,1000,233714,Manual,Diesel,Coupe,Rawalpindi
ece63d5b-db0e-4715-b9aa-2d05c682e04b,2006,1000,140803,Manual,Petrol,Sedan,Lahore
756e8e55-9cdf-45ea-bfb2-61c460107992,2019,1300,283875,Automatic,Hybrid,SUV,Faisalabad
5d18a254-4542-48c0-a784-07885ebc5f01,1999,1500,273983,Automatic,Hybrid,Coupe,Faisalabad
3a77c279-9cf3-4923-9b99-c6c7529c0626,2005,1500,156684,Manual,Diesel,Sedan,Faisalabad
15810b6f-ec81-4699-bc80-e689e77f1ec4,2016,1800,299622,Manual,Petrol,Coupe,Karachi
172b943d-1fa5-4480-aa9f-df5479c25d5f,2003,1000,101043,Manual,Petrol,Coupe,Lahore
eafd8832-e490-464a-afb5-55e2fad8a572,2019,1500,105863,Manual,Hybrid,Hatchback,Islamabad
aaa3fa55-6718-4e35-a16d-f8bc58fe9166,2021,800,45627,Automatic,Hybrid,Coupe,Faisalabad
e5cfa386-fa0f-4864-ac61-aa826393ca28,2008,1300,272466,Automatic,Petrol,Coupe,Lahore
b86094cf-a420-475a-be20-c1ba059dae2a,2011,1000,77699,Manual,Petrol,Sedan,Islamabad
df30bf14-d584-4d52-86f2-9d58a2ef15dd,2015,1300,215424,Automatic,Diesel,Coupe,Faisalabad
c1966ff5-dabb-4d04-be42-599c25c79c2f,2017,1500,19642,Manual,Diesel,Coupe,Karachi
73877530-a365-46af-8d9a-2cb74609c00e,2017,1800,210616,Manual,Diesel,Hatchback,Karachi
42079e40-b433-4c92-b666-f8a1398eb3d9,1999,2000,249151,Automatic,Diesel,Sedan,Islamabad
cb24271b-420b-41e0-80eb-65a1a693edab,2024,1300,163026,Automatic,Diesel,Sedan,Karachi
eef102f3-825d-4f54-b6e6-fdfb56834f87,2002,1300,232317,Automatic,Diesel,Coupe,Faisalabad
29ac0871-55c4-455f-bb5e-60ca4964fa13,2018,800,98532,Automatic,Petrol,Coupe,Rawalpindi
8a6c10b3-c684-4f7c-9f82-fa2659de7279,2022,1800,196036,Manual,Hybrid,SUV,Lahore
4facaba0-af64-4443-ad3e-00a30a7393d8,2007,2000,265706,Automatic,Petrol,Sedan,Karachi
6069c0d6-834e-4051-ae61-e40bb3d19a3c,2004,1000,30213,Manual,Petrol,Coupe,Lahore
c2497142-c502-4d74-b50e-b547676458ad,2009,2000,104390,Automatic,Diesel,Coupe,Faisalabad
17d7f2d8-8ef9-4252-9eac-4de9521d4d35,2010,2000,64945,Manual,Petrol,Hatchback,Rawalpindi
e2f0f73c-2604-4616-a4a0-e858acd7857d,2017,1500,93104,Automatic,Hybrid,Hatchback,Islamabad
0b837b40-ced7-4a1e-a059-b15af1598fb3,2003,1300,47391,Automatic,Petrol,Coupe,Lahore
d6b4e173-e820-47cd-9e56-2e46b2cba3ab,2003,1800,112364,Manual,Hybrid,SUV,Karachi
50b7907d-91dd-4e90-ae50-663e8b98520a,2006,2000,214699,Manual,Hybrid,Sedan,Rawalpindi
1520cca0-f74a-49ce-a6a2-8eb9ba92f5e3,2002,2000,90807,Manual,Petrol,Hatchback,Faisalabad
3debe501-a90a-42cb-91b4-6508fea433fb,2023,1300,336981,Automatic,Diesel,Coupe,Islamabad
e8b8e3c7-9a6f-43b8-8de5-36e2a5fa67d0,2012,1300,114404,Automatic,Diesel,Coupe,Faisalabad
27357dcf-6fed-4ccc-bd81-674fefc9eb81,2001,800,268180,Automatic,Hybrid,Hatchback,Islamabad
14f86e37-b041-427b-80f5-d641a333ab56,2019,800,252569,Manual,Diesel,Hatchback,Islamabad
43a69446-db36-47f5-941f-32273abb3fec,2006,1300,343995,Automatic,Petrol,SUV,Faisalabad
5a5288a2-2fe8-4a4f-86d1-005ef4bc0c73,2022,1000,29766,Automatic,Hybrid,Hatchback,Karachi
db5f6912-528f-4df2-b2cb-abe0a84dd3a9,2021,800,343618,Automatic,Diesel,Hatchback,Rawalpindi
c69a2f9f-1adc-4a17-b972-a9a10a905195,2010,1500,18517,Manual,Diesel,SUV,Faisalabad
a8b0f1e0-527f-4c7c-b5be-02273fb84e0a,2018,1500,187955,Automatic,Petrol,SUV,Islamabad
69f21c00-918a-4cd3-8494-496aba9d7658,2001,1500,67079,Automatic,Hybrid,SUV,Islamabad
41fd6e90-0f82-4ed9-819b-323e11a06e6e,2018,800,116524,Automatic,Petrol,Hatchback,Rawalpindi
4937e06a-4714-4d08-8f64-9238970d03ac,2023,1300,194868,Automatic,Hybrid,Hatchback,Rawalpindi
648f2839-ddfe-43a8-bb4a-2157c9299ac6,2001,1500,28142,Manual,Diesel,SUV,Faisalabad
da96afab-1ce5-4b08-8b95-f94099be8929,2001,2000,200104,Automatic,Diesel,Sedan,Karachi
ce5bf51a-4688-4696-9046-30f9a5037845,2002,1000,179657,Automatic,Hybrid,Coupe,Karachi
da77fd97-0939-45b2-849b-5417cf2e8613,2008,2000,94558,Manual,Diesel,Hatchback,Karachi
060addfe-d56f-4616-aa83-4ba7baed5414,2008,2000,30415,Manual,Diesel,Hatchback,Karachi
89f3cd15-de25-4a26-b15b-a0bd313b6f87,2022,1000,302136,Manual,Diesel,Sedan,Karachi
8b5268cd-70d5-4bb4-b192-e86534375576,2017,1500,332129,Automatic,Diesel,Coupe,Rawalpindi
8c825d77-f6c4-46e9-95d0-38427c27a420,2010,800,19778,Manual,Hybrid,Hatchback,Lahore
dc6072f5-efbe-494c-a9d0-893e434295dd,2008,1800,99917,Manual,Hybrid,Sedan,Karachi
d557fcfb-b367-42bd-9128-03b0b1a374a5,2005,2000,180538,Automatic,Petrol,Sedan,Rawalpindi
615a59b3-4fb2-4822-bc06-e10d22aad820,2014,1800,160492,Manual,Petrol,Sedan,Islamabad
ccf575ed-c943-4d37-acf1-95b4a9662048,2007,1500,272780,Automatic,Diesel,SUV,Islamabad
a288db0b-885e-4f47-811e-ff71042942bc,2013,1300,98789,Manual,Diesel,Sedan,Karachi
35b49bec-fb27-4ee4-b77c-27efd6fdd512,2005,2000,68789,Manual,Hybrid,Sedan,Faisalabad
9c072e6d-508c-4b86-b993-9de3a8892292,2014,1000,64572,Automatic,Hybrid,Sedan,Rawalpindi
9e017507-afac-4ce2-90eb-51cf332146fd,2018,1300,280354,Manual,Hybrid,Sedan,Lahore
25b48f9b-521a-460d-bad0-d3c3750ff516,2018,800,25289,Manual,Diesel,Coupe,Rawalpindi
c6864d38-4fa3-45a9-be9c-2c1ea0c7b3cd,2001,1800,132507,Automatic,Hybrid,SUV,Karachi
a42416fa-cb66-4301-b812-218faf347c8a,2020,2000,330464,Manual,Diesel,Coupe,Lahore
fda51bbd-be8e-43f6-9c75-e1be9aaf33dc,2019,1800,141545,Manual,Diesel,Sedan,Faisalabad
c9c4d1b4-0945-4db9-b61b-b2bc2dd710ff,2021,1800,61726,Automatic,Petrol,Sedan,Rawalpindi
622e3b8a-43c6-4d3b-a944-a5cfe6e0b751,2004,1800,104726,Automatic,Hybrid,SUV,Islamabad
8269b8c3-6e7a-4286-ad8f-310d3accc854,2020,1500,154849,Manual,Petrol,Coupe,Karachi
d322b5ff-e040-417f-a9ef-ba2c80ea4cfd,2020,1500,173331,Manual,Petrol,Sedan,Lahore
738d04de-be19-4d6d-9c9a-6904e3a0f14a,2001,1800,259052,Manual,Petrol,Sedan,Lahore
07174bab-6ab2-4a1b-9cea-2616e0e912e5,2006,2000,121194,Automatic,Diesel,Hatchback,Rawalpindi
db5b4997-3646-49b6-a1f5-36afc8f17a54,1999,800,91594,Manual,Diesel,Hatchback,Islamabad
c96a3fe0-bbb3-4fd6-aa99-7f3b80af2eb3,2011,2000,60765,Manual,Petrol,Sedan,Karachi
f4c9c1c7-c2b9-4cf7-b1d4-b2d9d2a4592a,2019,2000,89397,Automatic,Diesel,Coupe,Faisalabad
1ed6e702-0155-48e7-bba1-845c79f03204,2006,2000,48733,Automatic,Diesel,SUV,Lahore
1ed1a703-e0d0-4e6a-a3e8-892754910800,2010,1500,239357,Automatic,Diesel,Coupe,Rawalpindi
bceb8562-d350-43a3-aefb-6d1acab7a2de,2018,1000,59274,Manual,Hybrid,Sedan,Karachi
0b23dd3f-265c-4be1-adb2-e026f68010af,2001,1500,309723,Automatic,Hybrid,Coupe,Karachi
6340820a-6b9b-40ab-b9b7-94bb9370e8a8,2017,1500,188009,Manual,Hybrid,SUV,Rawalpindi
57356b37-cf7c-4fd3-904a-8bcc31a32f12,2013,800,215631,Automatic,Petrol,Sedan,Islamabad
2105b014-ec90-47ad-85c1-0ea8b5d2f093,2018,1300,6480,Manual,Hybrid,Hatchback,Faisalabad
842363b2-3c03-40a8-811d-72c8d3db0154,2014,2000,324135,Manual,Diesel,SUV,Rawalpindi
c1c30372-bf00-4391-8bea-860f81fe480f,2009,2000,336280,Automatic,Petrol,Sedan,Lahore
f60d2604-d1df-47f5-a4a8-d79141781aa0,2018,1000,265063,Automatic,Diesel,SUV,Lahore
94e8e1a0-1ad3-4d54-bb74-2e664ff89afa,2022,1500,168104,Manual,Diesel,Hatchback,Lahore
533bff47-c6ed-4669-8fde-5991016c2482,2014,1000,288618,Automatic,Diesel,SUV,Lahore
9534c79d-4efe-4e1a-adc6-327404ee80ff,2012,1500,300435,Automatic,Petrol,Coupe,Rawalpindi
986b1542-5e46-4760-b038-52b1c27e22f0,2008,800,260766,Manual,Petrol,Coupe,Rawalpindi
89dce297-ac2b-405f-bbbf-a44a0031d86c,1999,1800,287885,Manual,Petrol,Hatchback,Faisalabad
cdb52f01-ef65-44f3-b89b-2537bad3c2be,2015,1000,343196,Automatic,Diesel,Hatchback,Lahore
c17ca081-6607-47cc-9b10-03cddef3f60c,2024,1000,238267,Automatic,Hybrid,Coupe,Islamabad
9a4f5f26-4d7f-4800-8fbb-d7b6b58983b5,2020,1500,59781,Manual,Hybrid,SUV,Lahore
1cb98f6a-1772-47d3-866d-f496a18b600d,2008,1300,332220,Automatic,Hybrid,Hatchback,Lahore
e7356bb0-f2ac-4773-ad2c-c9b47c9e5d83,1999,1000,258171,Manual,Hybrid,Coupe,Lahore
9590c689-4473-448a-b767-2c835992225e,2006,1800,102719,Manual,Petrol,Coupe,Karachi
8cdb84a0-c724-4835-9377-52b8c5970e32,2012,1000,177174,Manual,Diesel,Sedan,Faisalabad
b4a526c1-3d52-4be6-a2eb-c4ac25fa3848,2001,1500,239802,Manual,Diesel,Sedan,Faisalabad
88a0cb32-68d9-4fed-8ecd-8eec642ccfa2,2021,800,290049,Automatic,Hybrid,Coupe,Faisalabad
cfdf8950-3f4d-4ee1-8f2f-3f6aa19fff82,2022,1000,303329,Manual,Hybrid,SUV,Lahore
67ca24da-d92d-4b43-957a-d62e88422f1c,2010,2000,314859,Automatic,Hybrid,Coupe,Rawalpindi
efe8c4a6-fb5b-4af7-9e0d-5882c0747ed7,2017,2000,130148,Automatic,Diesel,Hatchback,Islamabad
50f69caf-e4d5-467c-99a3-b23375ec41ae,2012,1000,72446,Automatic,Hybrid,Hatchback,Faisalabad
50aeb50c-2302-4b68-aa62-e2364f2f0ab4,2008,2000,290236,Manual,Petrol,SUV,Faisalabad
1f384e1d-b42b-42ae-ac85-7faa6eabd1dc,2020,1300,181033,Manual,Hybrid,SUV,Faisalabad
8f7976f0-265a-49cd-b102-f5251a81f8c9,2015,2000,333907,Automatic,Hybrid,Sedan,Islamabad
a765866d-ae85-455d-93c2-653dfaa3ddc6,2015,1500,305558,Automatic,Hybrid,Hatchback,Rawalpindi
4f5d4816-e522-4a0a-9856-23eb0b94e0b9,2023,800,274061,Manual,Petrol,Coupe,Karachi
e6a8398f-42b5-4558-95f2-6bf3d23de0df,1999,2000,29677,Manual,Diesel,SUV,Islamabad
5c37e6e9-b680-4c46-999c-e63fb122fe66,2019,1300,76770,Manual,Hybrid,Hatchback,Karachi
477a988f-6416-454e-a614-04f4785789d3,2022,1800,16937,Automatic,Diesel,Sedan,Faisalabad
1346160a-818b-4406-84bb-b91319d12bf7,2019,2000,294589,Manual,Hybrid,Coupe,Karachi
bf1b637f-baa2-40e5-aefc-5c0508b4364b,2014,2000,150805,Manual,Diesel,Coupe,Rawalpindi
e8f020d4-7cf8-4cfb-beda-dc2c5cbcb954,2023,2000,163920,Manual,Petrol,Hatchback,Karachi
bd5d7847-5ac2-4168-b03c-62ef18d1b128,2017,1500,118252,Automatic,Hybrid,SUV,Karachi
b57eb2c3-de86-4125-b55f-bf7733e7fcd3,2007,1500,93022,Manual,Petrol,SUV,Faisalabad
718763c0-5116-430b-ace0-78be9e930729,2001,1500,21304,Automatic,Diesel,Hatchback,Karachi
f1dbce25-fbaf-4236-ba99-d74d8d0b0712,2003,1800,133701,Manual,Diesel,Coupe,Karachi
d84da002-ee7e-4342-8ad0-f45691953a05,1999,1000,169151,Manual,Hybrid,Hatchback,Rawalpindi
b16f61f3-27fe-4278-a754-a187fd83aa80,2023,1800,288442,Automatic,Petrol,Hatchback,Faisalabad
8381f6c4-f8de-4a18-a742-682c5e51ef4a,2005,1000,272947,Manual,Hybrid,SUV,Rawalpindi
339821e0-624f-440a-82ab-ec240ad93eaa,2015,1800,211506,Manual,Diesel,SUV,Karachi
807c955c-65ba-487f-bfd4-1f7fdf6fa56b,2019,1300,173574,Automatic,Diesel,SUV,Faisalabad
1a191017-ce1b-41b2-99b9-587759c311db,2014,1500,294301,Manual,Petrol,Hatchback,Rawalpindi
9eff3c74-ef27-4434-acb1-26d26a9943a1,2005,2000,321756,Manual,Petrol,Hatchback,Rawalpindi
d90428c5-3f5e-4817-ac85-806b59b2dc7a,2023,800,202310,Automatic,Hybrid,Hatchback,Lahore
635968da-70e3-4331-9333-93a243ba90dd,2014,1300,269646,Automatic,Diesel,Sedan,Islamabad
ff3679ff-d01f-4e77-8cda-a436325758f1,2018,1000,167936,Manual,Petrol,SUV,Faisalabad
b7952cf4-4928-44c0-9044-f5c250598ef8,2015,800,328693,Manual,Petrol,SUV,Rawalpindi
1884b440-acd8-4a3c-ae60-e710a8470402,2024,800,107782,Automatic,Hybrid,Sedan,Karachi
1deb4dc3-c5f3-4b10-9bdf-613a3266284c,1998,1500,173914,Manual,Petrol,Sedan,Lahore
b7975e10-92f5-482f-a610-1e8839b8fbd1,2003,1300,292596,Manual,Hybrid,SUV,Islamabad
c143486b-ab31-42f4-9879-b048a4a6ac71,2011,1500,236519,Automatic,Diesel,Hatchback,Lahore
6c50a359-3ee2-4c57-880e-e9b8c1a88d6e,2010,2000,62026,Manual,Hybrid,Sedan,Faisalabad
577cff52-713a-4417-93cc-7f72645f5691,1999,2000,38057,Automatic,Hybrid,Sedan,Islamabad
14f55066-7704-4483-845c-f3e21caaef7f,2023,2000,157994,Manual,Diesel,Coupe,Rawalpindi
114ce6bf-c2c3-426a-adc7-aee0951dd0c4,2010,2000,16158,Automatic,Petrol,SUV,Karachi
3662be47-153d-49c3-8bec-bab01975da69,2021,1500,286116,Automatic,Hybrid,SUV,Islamabad
9fbe4fc1-9505-4f62-bedc-a79d2c42d19a,2019,2000,339707,Automatic,Petrol,SUV,Lahore
9a6406e2-d62d-4c1f-805d-023c5ce9b932,1999,800,300269,Automatic,Hybrid,Sedan,Islamabad
531ecaf7-1d41-4fd8-9dfc-c046c1034017,2004,2000,180277,Manual,Diesel,SUV,Karachi
cb2a346a-013d-46d8-9cbf-01548a838422,2003,1000,323425,Automatic,Petrol,Sedan,Karachi
768865c9-b785-431c-ae4d-aad9e768b13c,2019,1800,28515,Automatic,Hybrid,Sedan,Islamabad
ed99e077-03ae-4609-bce5-0b6332d40e63,2019,800,131432,Manual,Petrol,Coupe,Islamabad
d01f2bee-502c-4a2c-bc53-2d145f96ebef,2009,1000,343656,Manual,Petrol,Hatchback,Faisalabad
6a02100a-5760-46ff-b704-610d938fe7de,2000,1000,166611,Automatic,Diesel,Hatchback,Faisalabad
6128a841-201d-40e7-8667-f10bf9b1c824,2019,1300,306273,Manual,Hybrid,Hatchback,Islamabad
15fa6ce5-8919-49e4-8c11-51f9d8dbea54,2011,1000,2533,Automatic,Petrol,SUV,Rawalpindi
e19a2829-bd68-4592-be28-49367ca7c227,2006,1300,70414,Automatic,Diesel,Coupe,Rawalpindi
d8258c9e-1cb3-4dd1-8372-546f702b1ded,2009,1300,255313,Manual,Petrol,Sedan,Islamabad
125779b7-f10a-4051-b64d-0aa392c368c6,2024,1000,282390,Manual,Diesel,Sedan,Lahore
c4835d67-f904-4c22-984b-2b22f6bce293,1998,1800,331154,Manual,Hybrid,Coupe,Faisalabad
64ba6485-6ee3-46be-a217-5e9080e1b4b3,2004,800,289194,Automatic,Hybrid,Coupe,Karachi
c699da29-fcf4-4c52-9154-46e393e0bb5a,2009,1500,117076,Automatic,Petrol,Coupe,Faisalabad
0765eafe-2cab-49b0-815e-0881d50ca767,2014,800,208029,Automatic,Hybrid,Sedan,Karachi
7a6f8fd7-a2f9-4faa-b0d9-e4213fe4bcd4,2023,1800,86949,Manual,Diesel,SUV,Karachi
12bab66d-2b6f-4e5f-b132-9e6534670884,2016,1800,345722,Manual,Hybrid,Coupe,Islamabad
65b0bd53-36ad-4929-ab78-401d4e17cc71,1999,1000,255664,Manual,Petrol,Hatchback,Islamabad
98644c74-cbab-4caf-a143-51a9ca8787df,2005,800,108409,Automatic,Diesel,Coupe,Rawalpindi
f59c8fe2-f1c9-4a44-b909-f41c3a3c5fd8,1999,800,340013,Automatic,Petrol,Hatchback,Islamabad
6a1e09ba-77bc-42fe-a4c9-d43d677e1b7e,2016,1800,298928,Manual,Diesel,Coupe,Islamabad
9128b9ab-588c-44b1-98a0-3a2289c6fcfa,2016,2000,40809,Automatic,Diesel,SUV,Faisalabad
2b0e117d-9c35-4b30-8193-899c9634e5ff,2010,1300,180896,Automatic,Diesel,Sedan,Faisalabad
09feff31-c5f6-4674-b320-b3af30f29932,2002,1500,86825,Manual,Petrol,Hatchback,Karachi
5be8f3ad-f887-440d-a161-a14389bc8dcb,2002,1000,82500,Automatic,Hybrid,Sedan,Karachi
56f26706-b81c-40c1-9f28-e1002f42dedb,2011,1300,59422,Automatic,Hybrid,Coupe,Rawalpindi
0938843a-a37b-48b4-891c-8c301fec8331,2004,1800,84539,Automatic,Petrol,SUV,Lahore
0dea5d16-1e40-4066-8337-5608f9db8153,2002,1800,310560,Manual,Petrol,Sedan,Faisalabad
8c3d91c8-50fa-46a2-b31e-44dcab0d28bc,2002,800,87210,Automatic,Petrol,Coupe,Faisalabad
aaea96f4-b523-4ada-9289-47d6922d1472,2016,2000,9762,Automatic,Petrol,SUV,Rawalpindi
7dbf288a-48ed-41e4-878b-4283a2eb2d1c,2017,1500,252532,Manual,Petrol,Coupe,Faisalabad
a3718bdf-bc9b-4c0d-af4e-1f353756d710,2002,1800,95359,Automatic,Petrol,Hatchback,Rawalpindi
9f2831b7-469d-46eb-94f1-bb07dbab2a15,2017,1800,36093,Manual,Diesel,Coupe,Karachi
6a279938-4ecb-47f7-89ac-57ae9d8deeee,2001,800,106088,Automatic,Petrol,Sedan,Karachi
82d7ded3-52ac-4d09-99be-8df10ed411d0,2013,1800,314475,Manual,Hybrid,Sedan,Lahore
515def1a-e062-4bef-9db2-e296360098d9,2013,2000,68329,Manual,Hybrid,Coupe,Faisalabad
e828bcf4-3e62-4622-9b47-138cf3d76157,2011,1300,22774,Automatic,Petrol,Coupe,Rawalpindi
9acb90f2-1bcb-4cbd-81c5-24215dff8136,2009,1800,302053,Manual,Diesel,SUV,Islamabad
632422cb-1a03-4f7c-9751-9a3d1cda70d6,2013,1000,43944,Automatic,Hybrid,Coupe,Islamabad
18c974d3-7187-43ad-afb6-1936d9f7a19e,2004,800,3729,Manual,Hybrid,Sedan,Rawalpindi
5b3ccb58-4927-454a-b1be-70ee2dcbcd61,2018,1000,165623,Automatic,Diesel,Sedan,Karachi
044af66e-9bb9-4dd5-88d9-b8d02c525f9c,2011,2000,306902,Automatic,Diesel,Coupe,Faisalabad
a6bbb398-0a32-4c4f-846a-c449a9bc7892,2009,1800,144473,Automatic,Petrol,Coupe,Faisalabad
92a0fa17-0a81-4c63-8c33-b2a4246ecc24,2023,1800,252952,Manual,Diesel,Coupe,Islamabad
ff6c7ce9-cd07-4b2e-95bd-007a673f44ec,2007,1800,180541,Automatic,Hybrid,SUV,Lahore
2246e210-2c23-463e-a06e-39b3410dd6c0,2021,1000,234144,Manual,Petrol,SUV,Faisalabad
21155371-a077-4539-ba21-8cc8f5ac19c0,2010,1300,288660,Manual,Petrol,Coupe,Lahore
478af59a-5f8c-4e77-8b6e-f866885c446e,2023,800,76193,Automatic,Hybrid,Coupe,Lahore
ae96607b-2b85-4b0c-b838-898fd27cb85c,2000,1300,116271,Automatic,Petrol,Sedan,Rawalpindi
8d465bda-d747-4d5b-a75f-2774a5a2e34b,2010,1800,344024,Automatic,Hybrid,Sedan,Karachi
207b8e18-1be9-4fd6-a92b-d0eb52ec843b,2018,1500,230147,Manual,Petrol,Hatchback,Karachi
100d0d4f-e7b3-42e9-bf33-71bb1b4e050c,1999,1800,267674,Manual,Hybrid,SUV,Lahore
b923999b-5cca-4e03-acc6-e33f65513730,2009,1000,343418,Manual,Petrol,Sedan,Islamabad
0c76630b-6775-4bee-9453-6d5b1604d40e,2022,1500,185140,Automatic,Diesel,SUV,Faisalabad
666e9fb3-0e45-4eee-9eee-c5d408d4ea41,1998,2000,35975,Manual,Hybrid,Hatchback,Faisalabad
a96fb149-020e-4d4f-af73-49b440b36aaa,2016,1300,182177,Automatic,Petrol,SUV,Rawalpindi
e24b4599-af6e-4dd9-a14e-baebe724a352,2010,1800,2438,Automatic,Petrol,Coupe,Faisalabad
7f2d2530-cee3-4ae8-8f04-d5f6c677c8ad,2001,1800,37951,Automatic,Diesel,Sedan,Faisalabad
85f0e63b-e441-4bec-94d8-6a5f643da225,2006,1800,301409,Automatic,Hybrid,Coupe,Rawalpindi
fb4a3674-cb6b-4a6f-a9a1-d3f73c654428,2016,1500,127545,Automatic,Diesel,Coupe,Faisalabad
b73791f3-8123-418d-ba3e-6e0d7739379e,1998,1500,60958,Automatic,Petrol,Coupe,Karachi
bf91a248-4cd4-4571-bdb8-f48fe391708f,2019,2000,120549,Automatic,Diesel,Hatchback,Faisalabad
5da0aa01-addf-48cf-b0cd-1eac2117482d,2015,800,138071,Manual,Diesel,Sedan,Rawalpindi
432be4df-f5c6-438a-91d1-1d1c8142498f,2019,2000,179302,Manual,Hybrid,SUV,Rawalpindi
c5e0f842-22a6-4503-a544-c1a2f6224ee3,2008,1300,114591,Automatic,Petrol,SUV,Rawalpindi
9b955915-4b75-4afa-bf18-43b21308c47c,2021,1000,123134,Manual,Diesel,SUV,Karachi
7b8580ca-ceaf-4255-935c-b333679792d9,2004,1000,324322,Automatic,Petrol,Sedan,Lahore
20932122-d2a6-4cca-85f8-cdee9634303e,2000,2000,347825,Automatic,Hybrid,Sedan,Faisalabad
7b0a851f-aad9-4504-82ae-6cc78563c678,1999,1500,194613,Automatic,Diesel,Hatchback,Rawalpindi
5bd52afd-250f-49be-988f-23c6f03ccd1b,2003,1800,146940,Automatic,Petrol,SUV,Lahore
a3d02b6f-0fa1-43de-95d1-3df0441fc402,2014,1500,250777,Manual,Hybrid,Hatchback,Rawalpindi
2da67e5d-f948-4827-8df7-0cf42eee2152,2019,1000,239702,Manual,Hybrid,Coupe,Islamabad
2acf21e2-0096-41c3-b636-0e14f43bf834,2020,800,6197,Manual,Diesel,Sedan,Islamabad
6fd71482-ba7d-4d46-b6bb-b05d138e1a1e,2009,1800,136157,Manual,Hybrid,Hatchback,Karachi
467e2e3e-7b0f-46a1-aec7-edeb812f2960,2006,1500,321432,Automatic,Diesel,SUV,Rawalpindi
7d65111f-82f1-4a30-9de6-52a50cd03005,2011,1000,219725,Automatic,Diesel,Coupe,Islamabad
9c90dedb-5f62-4bf9-a84f-5b9615ed4308,2012,1000,299583,Manual,Hybrid,SUV,Lahore
aa0e040f-310b-4fde-a111-48bb0d9547c1,2021,1300,123629,Automatic,Diesel,SUV,Karachi
cc9ab44e-063c-404a-8288-57b30934c6e9,2023,2000,78406,Automatic,Petrol,SUV,Rawalpindi
9e2f67b2-cc84-41e9-885d-5cccd74eaab0,2013,1000,330643,Automatic,Diesel,Hatchback,Islamabad
f32d9bdf-eac7-4155-a950-3c1b70729317,2015,1800,25013,Automatic,Petrol,SUV,Lahore
3a60c2b3-ea8a-4964-8765-29ef9587b471,2004,1300,249843,Manual,Diesel,Hatchback,Islamabad
5fc06c84-1adc-45d5-aa42-c91ed4d78dd5,2009,1300,293784,Automatic,Diesel,Sedan,Rawalpindi
76d7b988-2165-4b65-8580-f0548c455578,2001,1300,317496,Manual,Hybrid,SUV,Islamabad
9c3a8d04-0c0d-4422-856f-e2b576e91190,2009,1300,267619,Automatic,Hybrid,Coupe,Lahore
19ebce98-af16-4ac8-9451-8f9732863abb,2010,1800,150220,Automatic,Hybrid,SUV,Karachi
7cadad23-325a-4582-8c03-928c33851f70,2018,1300,221153,Automatic,Petrol,Sedan,Karachi
54810656-4ab4-4825-9cc8-2628eba628de,2008,1000,164354,Automatic,Hybrid,Hatchback,Islamabad
58fe2486-c454-418f-9dbd-64eb0d359683,2017,2000,207332,Automatic,Diesel,Hatchback,Faisalabad
c429e096-9c07-44e9-9aea-1ecc1161f7a8,2014,1500,217049,Manual,Petrol,Sedan,Karachi
cefdd381-403d-4fe4-bafe-d5099ee1e191,2021,1000,347090,Automatic,Hybrid,Sedan,Karachi
7d34132e-fb32-4f2c-9899-cceeb89e7489,2003,1500,54006,Manual,Petrol,Coupe,Faisalabad
48cadc7d-9f38-44f0-ba63-13eadf9bc01e,1999,800,208148,Manual,Petrol,Hatchback,Faisalabad
6b8c29b2-49b1-48d6-82b1-afab5538f294,2002,800,343320,Automatic,Diesel,SUV,Karachi
878a3379-0013-4b7b-b564-07b28d7e3224,2021,1300,232343,Manual,Petrol,SUV,Lahore
83eb4dc4-7088-48b6-81e3-6ce2843a479b,1999,2000,187087,Automatic,Diesel,Coupe,Faisalabad
8d257744-08b0-4dda-a145-e59fad9c039c,2006,1800,233226,Manual,Hybrid,SUV,Faisalabad
ebb2f211-9293-4237-8327-93efe4867b66,2017,1500,330850,Automatic,Hybrid,Hatchback,Islamabad
a20e5676-91d2-4172-bc36-5ca565b5770b,2013,1800,119080,Manual,Diesel,Hatchback,Islamabad
96e43bdd-a176-4a36-87d7-3cbaf5bfb8de,2011,1300,81640,Automatic,Petrol,Sedan,Faisalabad
0188f2de-9154-4455-8e17-9184bca0973b,2024,1000,180294,Automatic,Diesel,Sedan,Rawalpindi
3ce0974c-122a-4232-852e-32de33c51f65,2022,1500,157082,Manual,Diesel,Hatchback,Faisalabad
e9cce47c-e67f-45ec-a8ca-e425d99d72b1,2005,800,287421,Automatic,Petrol,Coupe,Faisalabad
3218cd45-acdb-4863-b0b6-53be97a95565,2011,1500,131017,Manual,Hybrid,Coupe,Rawalpindi
c29c006e-f79e-4049-9708-ff1af0b629f9,2005,1300,41528,Automatic,Hybrid,SUV,Faisalabad
64e6ef9c-7e69-4684-9ea0-3e9594c31b03,2022,1800,142535,Automatic,Hybrid,Hatchback,Rawalpindi
0efc05f9-2b53-487a-bf64-10dec12a2fa3,2004,800,95633,Manual,Diesel,Sedan,Rawalpindi
be3ce9a0-546f-4c75-890a-4ca07e3ddd65,2017,1500,142676,Automatic,Petrol,Hatchback,Lahore
df29294a-3c83-4101-89ab-9e4a9ead9221,2002,800,280478,Manual,Petrol,Sedan,Islamabad
02d2fee0-f8d2-4529-8a8e-a97788937f73,2006,1000,229856,Manual,Petrol,Sedan,Karachi
c15a1546-f565-4275-8668-940c19e6bb62,1998,1500,113869,Automatic,Diesel,Hatchback,Rawalpindi
38569082-2e3d-42ee-a136-e8130eb90983,2009,1500,16639,Automatic,Petrol,SUV,Lahore
8c7c3adf-3657-4f40-8a26-f473e21476f7,2006,1500,37426,Automatic,Petrol,SUV,Islamabad
a0520765-1197-4ccf-975b-7983deebc04f,2024,1500,6614,Manual,Hybrid,SUV,Rawalpindi
5ce7eac1-cd07-4c7f-bad8-dfb18bef4ebb,2022,1500,129584,Manual,Petrol,Coupe,Lahore
ba96ec71-39f5-4809-a1fe-6142554969f5,2014,2000,109286,Automatic,Diesel,Hatchback,Islamabad
cd116257-01d5-4e8e-9088-bee0daa38379,2003,2000,22117,Manual,Diesel,Coupe,Islamabad
bc3754b0-88e2-42ea-a818-f5758b0522c8,2004,1300,27308,Manual,Petrol,SUV,Rawalpindi
7f7e99b6-d015-4a1c-8903-1190f1e63447,2008,800,87745,Automatic,Hybrid,Sedan,Rawalpindi
1561a94e-e34e-4c3a-b82f-5d30ef38d88a,2023,1000,4681,Manual,Hybrid,Coupe,Faisalabad
05d7d26f-1016-4135-87f6-5e1f32f0eab7,2002,1300,46913,Manual,Petrol,Coupe,Lahore
a785e94c-e7b6-4d17-9f61-ef122ae41b6c,2019,1800,177430,Manual,Petrol,Hatchback,Karachi
251edb3b-fb67-48fa-8e3b-c8224ceeac92,2020,1800,56304,Manual,Diesel,SUV,Islamabad
c647fe5c-d1bd-454d-be77-01bf4ce9452e,2015,2000,182094,Automatic,Hybrid,SUV,Lahore
b743d350-6ffd-452f-8a15-5336edd3ad73,2020,1500,187782,Manual,Diesel,Sedan,Rawalpindi
c2926f30-be2a-4ac7-9712-d3c422718b53,2020,1500,293089,Automatic,Hybrid,Coupe,Karachi
ad00c2a4-d4c2-4ac6-bf0d-916d12811be0,2016,1000,285013,Automatic,Diesel,Coupe,Islamabad
eaa736f2-ada1-4d50-96a4-a45b74e8f875,2024,1800,290728,Manual,Petrol,SUV,Rawalpindi
8875c51c-ec28-48d1-8cff-2dfbc9df1e17,2007,1300,283957,Automatic,Diesel,Sedan,Faisalabad
1215418c-0c4b-40e9-a31b-2a999780c442,2010,2000,97273,Manual,Hybrid,Hatchback,Faisalabad
d90f6648-adc0-4a0f-815d-6910add7bab2,2005,1300,33209,Automatic,Petrol,Coupe,Faisalabad
669d29d3-b6fb-4ec7-97f4-6d62f44ca001,2002,1800,148441,Automatic,Diesel,Hatchback,Lahore
75367641-6a68-4d00-983e-16884bef5bd6,2001,1800,345448,Manual,Petrol,SUV,Karachi
776305d9-fe67-405d-ba34-0570a7a81eb8,1999,1000,56127,Automatic,Petrol,Sedan,Lahore
e7abf1c6-b3b1-4fe3-9ccb-fbca3275f825,2016,2000,203737,Automatic,Hybrid,Hatchback,Lahore
06721aad-5fe6-494c-a423-f67f07041b00,2009,1000,317694,Manual,Petrol,SUV,Rawalpindi
91668f90-c7b9-427d-a794-5f95d9d3beef,2024,800,245397,Manual,Diesel,Coupe,Islamabad
af71ec96-70b4-45f5-b9c0-227f02415071,2023,2000,30566,Automatic,Hybrid,Sedan,Lahore
b7929215-0b94-4980-abc6-8971ed93c22e,2024,1300,40860,Manual,Hybrid,Sedan,Lahore
0474e601-31d0-41f1-9d6e-51dd8b52d477,2021,1000,278743,Automatic,Petrol,SUV,Faisalabad
b45f8372-0b06-4e68-a9d4-c972a43ca29a,2019,1000,298858,Manual,Hybrid,Coupe,Lahore
8226ccc0-826b-4b2f-a0ce-940267b1932f,2022,2000,302285,Automatic,Hybrid,Coupe,Rawalpindi
0eb2a134-83ad-41e5-9dc2-1b00acd9ced7,2001,1000,94579,Automatic,Hybrid,Hatchback,Karachi
944223ff-7987-4a2a-99ff-bca64e85fe41,2015,1800,232265,Automatic,Diesel,Hatchback,Islamabad
9ac62ed9-bf97-48df-b1ac-b53c94c86d21,2011,2000,225752,Automatic,Hybrid,SUV,Faisalabad
13c1e1aa-d395-4e51-af07-5cd5fc02a7ff,2015,1000,196641,Automatic,Diesel,Coupe,Rawalpindi
56b23643-1578-436f-b7c5-f832d3698563,2010,800,18173,Automatic,Hybrid,Sedan,Faisalabad
fbdb660d-2b9d-423c-b535-95f22720e56b,2002,1300,3443,Automatic,Petrol,SUV,Islamabad
f4411dea-9fef-4ff8-a7f4-5fba1ca77910,1998,2000,144681,Manual,Petrol,Sedan,Rawalpindi
b9815fcd-0f99-40cd-8a96-026f0ac44534,2009,1000,72565,Automatic,Diesel,SUV,Karachi
9c9ea62b-8ab7-417e-89fc-983e8cc57fdf,2006,1300,48184,Automatic,Hybrid,SUV,Lahore
5bf26eec-4d23-4887-bde0-7a2f77007d9e,2021,1300,252986,Manual,Diesel,Sedan,Faisalabad
218a044c-02ca-41a2-ac42-ca589b8cccb1,2018,1300,19593,Automatic,Petrol,Sedan,Islamabad
cf74a4e1-c910-4f7f-ab34-9d564bcd7920,2009,1500,218377,Manual,Petrol,Sedan,Rawalpindi
88b88f91-e987-44d4-a3c7-d10dc31ad7ac,1999,1300,274927,Manual,Diesel,SUV,Islamabad
7b9d6ddc-afc9-443a-9c65-b496e71d5aff,2014,2000,115761,Manual,Petrol,Coupe,Rawalpindi
2339f2d4-da84-43d9-873c-a55f666a1bfb,2022,1800,301599,Manual,Petrol,Coupe,Islamabad
56714060-982f-4b21-9b56-ad0f9d0228b6,2023,1500,77601,Manual,Diesel,Sedan,Rawalpindi
5e74dbff-8a2d-4d98-aa3e-0d15e27d0f97,2016,2000,25853,Automatic,Diesel,Sedan,Rawalpindi
d929883e-147f-423c-a085-25adeb40b715,2014,1500,68354,Manual,Diesel,SUV,Rawalpindi
cb5838b2-c195-4e9c-aea8-ad714cc1ff56,2010,2000,299541,Manual,Hybrid,SUV,Karachi
62c538d9-13bb-4bdb-a0df-fbf5b57d12ba,2000,1300,225478,Automatic,Hybrid,Sedan,Lahore
aa8479fb-f9a5-4a59-8cc8-378d4499f85d,2019,1500,222057,Automatic,Diesel,SUV,Islamabad
f20ceb8b-2ca0-4704-86f1-9ff07bbd3089,2009,1800,343623,Manual,Diesel,SUV,Islamabad
3253fe13-6f39-4770-9e37-b9f201218573,2017,1500,326726,Manual,Diesel,Sedan,Karachi
7737aaa4-14d4-4b51-bee1-5023d6203eb7,2004,2000,195989,Manual,Hybrid,Sedan,Lahore
a6c65c4c-01e7-42d7-bae1-2a9879a92388,2021,800,127427,Manual,Diesel,Sedan,Islamabad
9ffc5846-2605-4a3e-a371-cb735d1be12c,2020,800,159969,Automatic,Diesel,Sedan,Islamabad
a09d7691-ca89-4910-a499-db3051894dae,2004,2000,282069,Manual,Petrol,Hatchback,Faisalabad
bfa96c4e-22a8-40ed-9429-0ff8812167df,2013,1800,74106,Manual,Diesel,Sedan,Islamabad
d86e25bf-4188-44c9-815a-fd144c7bfa95,2003,800,148904,Manual,Hybrid,Hatchback,Lahore
a3fff042-9cef-4a41-9479-b8d4f3521818,2012,2000,4369,Manual,Diesel,Hatchback,Islamabad
d1b33c7c-7079-46fb-8b5a-57c6d2cceaaf,2001,800,153351,Automatic,Petrol,Coupe,Faisalabad
b25b164f-caeb-4ad3-8d1a-4469404953c4,2020,800,165389,Automatic,Hybrid,Sedan,Karachi
15c33fc0-2a47-4d5d-9d11-c540a3e62227,2004,1800,240116,Manual,Petrol,SUV,Faisalabad
8733a7a4-ea56-45b5-8ec2-483b2eba9c5d,2007,1300,256865,Automatic,Hybrid,SUV,Lahore
0156e912-7fbe-47f1-a28f-ad805c63a79b,2009,2000,184503,Automatic,Hybrid,Hatchback,Karachi
571a2f16-565f-4232-aa6f-5421489bcdd7,2014,1300,32510,Automatic,Diesel,Sedan,Faisalabad
dfdcd6f2-1d0b-46fc-8d72-35465abecff3,2006,1000,79538,Automatic,Diesel,SUV,Lahore
07f440b0-6247-4f1f-8842-49857d556a3c,2021,1500,273006,Manual,Diesel,SUV,Faisalabad
cb30ad7a-dad0-49e6-beb6-6cd3992cdc2d,2002,1500,163778,Automatic,Diesel,SUV,Karachi
ee26a89e-6007-460b-a0ca-448ba53f30fb,2018,1000,304627,Manual,Petrol,Hatchback,Faisalabad
92a48997-a63a-4b98-ad08-4636992e6a0f,2002,1500,76101,Manual,Diesel,Sedan,Faisalabad
97ca6f06-03a9-4d36-81e7-7a7c4df49525,2015,2000,62069,Manual,Diesel,SUV,Lahore
f390fdad-4e31-467d-8c28-cdb9b5e3d576,2022,1300,217076,Automatic,Diesel,Coupe,Islamabad
510334ef-02e5-498f-ac60-23164c54482b,2002,1000,55978,Manual,Petrol,Sedan,Faisalabad
16ac7e92-272b-45ef-99a2-d5465c29644a,2017,1300,317511,Manual,Hybrid,SUV,Karachi
73d66458-b4f3-47ce-b891-21e6f70e3efe,2019,800,188356,Manual,Hybrid,Coupe,Karachi
2b2269ac-3963-48cb-8309-02a04ce0cb7d,2014,1800,245767,Automatic,Petrol,Coupe,Rawalpindi
cbfde0c4-1c3d-4cc6-88fc-e8adf6e151ab,2013,1000,85871,Manual,Petrol,Sedan,Rawalpindi
53575b21-9bdb-42a8-81f2-b047aefcd534,2022,800,141483,Automatic,Petrol,SUV,Karachi
ef3a1564-7b14-47df-b366-8ee30bee308f,2000,1000,230311,Automatic,Hybrid,Hatchback,Rawalpindi
85571b24-e64c-4279-968e-96fde538c12e,2005,1500,212266,Manual,Hybrid,Coupe,Islamabad
103cc254-19b7-4fa7-aaec-6c790b00852b,2010,1800,299858,Manual,Hybrid,Sedan,Rawalpindi
b469c3c0-3096-44d7-b3b0-61f8b5bb3b86,2012,800,128828,Automatic,Hybrid,Sedan,Faisalabad
274bb7cc-3828-40d0-be34-cc69753e1897,2010,1800,330641,Manual,Petrol,Hatchback,Rawalpindi
b8a5a47e-0575-4ae6-955c-1c64a1b64a0e,2010,1300,149901,Automatic,Petrol,Coupe,Islamabad
327e0e85-68bd-48db-a1a2-a8fcc5985765,2017,800,271040,Manual,Diesel,Coupe,Lahore
adcaf75d-1f48-4596-9a56-24ab1374f505,2021,1800,59334,Manual,Hybrid,SUV,Rawalpindi
7595d78a-030d-42b8-86f3-34190fefaf2f,2011,1300,236394,Manual,Petrol,Coupe,Faisalabad
602481c0-e66a-4bfe-a134-454da27d5517,2020,1000,238384,Manual,Diesel,Hatchback,Karachi
966ef382-041b-498d-ad2f-5e76acb45499,2020,2000,64772,Manual,Petrol,Coupe,Islamabad
5ab32d0c-8091-4a49-bee5-642ce5620211,2000,1800,201372,Manual,Diesel,Coupe,Lahore
d5c2d411-6c0d-4e64-877e-7f5f0c8a0f28,2022,1000,175737,Manual,Petrol,SUV,Karachi
30847224-e90d-4ddd-808b-97f39398f168,2022,2000,26901,Automatic,Diesel,Hatchback,Rawalpindi
b78d9f82-67c8-4d3c-bb00-7a68c01f89b5,2007,2000,94736,Manual,Petrol,SUV,Lahore
eb3c9ef4-f097-44b4-a923-d61cd696bd00,2017,1300,6400,Automatic,Diesel,Coupe,Faisalabad
e18c64f2-2704-4c2f-bbeb-cf634b6e2e36,2023,800,318758,Automatic,Petrol,SUV,Faisalabad
2b4b294d-8dbc-4086-b56c-7a5b8a208203,2019,1500,237889,Automatic,Diesel,Sedan,Faisalabad
c0a0d4dd-8a56-4396-b23a-042b718cea24,2017,800,128300,Automatic,Hybrid,SUV,Lahore
d4f287a5-0849-44b4-8164-c2eeac0cc7ad,2003,1000,28869,Automatic,Petrol,SUV,Lahore
acca46d8-24bd-45f7-9eb8-66b240069198,2019,1800,316295,Automatic,Diesel,Sedan,Lahore
3f23eccd-50d3-451c-ac83-3fe3ffdf08c5,2001,1500,93453,Manual,Hybrid,Hatchback,Faisalabad
15000387-6db9-46c0-a80f-b4f4ac713169,2019,2000,311935,Manual,Diesel,Hatchback,Lahore
4ad445a5-fdda-4cd0-8187-18cf35e9526f,2000,1300,169251,Automatic,Diesel,Sedan,Rawalpindi
7af28d16-2b92-46a8-acee-eb99e9eeb413,2024,1800,34039,Automatic,Diesel,SUV,Lahore
c0716cfd-4919-4e0e-83c2-456c83e52ed6,2020,1300,172600,Automatic,Hybrid,SUV,Karachi
8b46feee-bf2c-42b9-8d31-f451e6907f28,2017,800,57305,Manual,Diesel,Hatchback,Rawalpindi
ef2b5715-8416-4cd2-b85a-3b5950fe16f8,2017,1300,136136,Automatic,Petrol,Coupe,Faisalabad
342eff78-c4ce-4a36-aeb2-c6db307a706f,2021,2000,260959,Automatic,Petrol,SUV,Islamabad
4ba90c97-7088-49ca-827f-5e2e3f1959ab,2004,800,61974,Manual,Diesel,Sedan,Karachi
735c7e4c-ffe2-4e61-b86c-f61a84063ad1,2023,1800,217386,Automatic,Petrol,Hatchback,Islamabad
453191ee-0a09-4d7c-8a37-25dbe6aecc5d,2015,2000,111326,Manual,Hybrid,SUV,Islamabad
6f9032fa-8f32-4fb9-9aab-2f37f594ed34,2006,800,161361,Automatic,Hybrid,Hatchback,Lahore
92f469a9-ec65-4033-a763-664bec452378,2001,2000,174736,Automatic,Diesel,Sedan,Karachi
5874500a-79ec-4ee9-8c62-17962e1869e9,2004,1300,177176,Automatic,Diesel,Sedan,Karachi
ef70fe67-cac7-46a9-a097-c8991d469922,2013,1000,328833,Automatic,Hybrid,Hatchback,Rawalpindi
bebd3ab7-7b76-4631-b445-88cd1006e214,2023,1500,29371,Automatic,Hybrid,Hatchback,Faisalabad
7f517c93-e391-4c99-8457-027ebb4576cb,2015,800,109189,Automatic,Diesel,Sedan,Karachi
07479a5f-a0f1-46a5-b997-f7acc9a75824,2006,800,177813,Automatic,Hybrid,SUV,Faisalabad
5ad0b805-b8d5-4311-87d8-4675c8f27990,2017,1500,98240,Manual,Diesel,Hatchback,Lahore
365fe9df-b240-49ff-a8aa-23f8e3c230ee,2006,1500,45507,Automatic,Petrol,Hatchback,Rawalpindi
ac4bf07a-b140-4bb3-8a9f-787a62a41f2b,2024,1300,113319,Automatic,Petrol,Sedan,Islamabad
de0b3142-d1e8-4d0f-b76e-49b14e974554,2023,800,105957,Manual,Diesel,Sedan,Rawalpindi
23ee0850-b924-44a9-9431-52c01f2282d3,2014,1000,99725,Automatic,Diesel,Hatchback,Islamabad
31255d24-d389-48f5-9e9f-8a544162f768,2002,800,270609,Manual,Petrol,Sedan,Rawalpindi
f238d891-ee30-4634-bf17-9d52837dd04f,2010,2000,273859,Manual,Petrol,Hatchback,Lahore
749e0572-4d3b-4d33-b49b-6eace536f3c6,2019,1800,45652,Automatic,Diesel,Sedan,Lahore
623a533d-ad28-41b0-80c5-19a3e0fd0d96,2014,2000,163829,Manual,Hybrid,Hatchback,Karachi
7e220b44-b284-4e32-86d0-c6321dada5a4,2008,1000,100949,Automatic,Diesel,Hatchback,Rawalpindi
54d42b20-5a3a-4d6d-afe9-5fa084e90346,2019,800,142949,Manual,Petrol,Hatchback,Lahore
93e757d3-6290-4ebe-89da-39601ac46b41,1998,1800,293405,Manual,Petrol,Hatchback,Faisalabad
08f1a15f-58a0-404f-b2d2-a3e8cb31491a,2008,1300,74216,Automatic,Hybrid,SUV,Karachi
46dbc1b1-b8b0-4711-990a-ea456f92059b,2000,1300,321526,Automatic,Hybrid,Coupe,Lahore
556b018e-5190-403e-a665-ea47cd692c96,2002,800,246801,Manual,Petrol,Coupe,Lahore
601eb692-ca29-4ceb-95f7-f8f589c9b104,2000,1500,205477,Manual,Hybrid,Coupe,Faisalabad
e000475f-5b44-43e8-a002-70708ac0021d,2009,1300,174237,Manual,Hybrid,Sedan,Rawalpindi
de80a0f3-654c-4a6e-a1bd-c5689bc94932,2016,1000,48714,Automatic,Petrol,Coupe,Islamabad
9e547ef8-bda6-4772-9260-5e5f51b4a29b,2019,2000,244001,Automatic,Petrol,SUV,Karachi
1d570fd8-f7af-46db-8702-bb18009428d0,2017,1300,190552,Automatic,Petrol,Hatchback,Islamabad
ec62e1c9-c0b3-4f0c-bd9c-36c9ece1f2b4,2012,1500,15867,Manual,Diesel,Sedan,Islamabad
9e10db47-286e-4df5-958b-af0ba35781c3,2013,1500,89549,Automatic,Diesel,SUV,Faisalabad
2af85280-9345-47be-b4db-2ab75ff5b9b9,2001,1500,56089,Automatic,Hybrid,Sedan,Islamabad
4a2eba3e-bffc-4db9-bbb2-2b84bdd76821,2015,1500,210143,Automatic,Petrol,SUV,Faisalabad
42311d62-976c-4bfe-92f6-f4bc2d1fe0ee,2003,1500,201230,Manual,Diesel,SUV,Faisalabad
f1ea2d7b-354d-4c04-b7d9-6edf5fa13b63,2011,1500,297382,Automatic,Hybrid,SUV,Karachi
09973675-c932-40e6-983d-357fd3fc4a9a,2019,2000,40839,Automatic,Petrol,Coupe,Islamabad
c79344dc-ed50-43b0-a361-5ea63ada99fa,2015,800,233421,Manual,Diesel,Coupe,Lahore
73f3843a-30bf-40ac-94a0-41a47062c4a5,2017,800,312688,Automatic,Diesel,Coupe,Lahore
b2586afa-011e-4ab2-a35c-d4ff6639a0f0,2000,1000,72832,Manual,Petrol,SUV,Rawalpindi
173d2a4d-5fc1-4b10-988e-1a6302a8dec2,2015,1300,204463,Automatic,Petrol,SUV,Islamabad
7d144409-e9b9-469a-bac1-348b35cf263a,2007,1800,159671,Automatic,Hybrid,Hatchback,Lahore
ac0d8786-762e-4c9a-8e7b-56f13f7f61a6,2016,800,320597,Automatic,Petrol,Hatchback,Lahore
d4f2d473-acf1-4d41-9802-ddad2f5dbf0b,2009,1800,27854,Manual,Hybrid,Hatchback,Lahore
1140288a-092c-4ba4-93af-dc05de920f05,2007,800,123334,Automatic,Hybrid,Coupe,Islamabad
81d8d05a-6eeb-43ef-b504-46fc1f2ae7ff,2020,1500,212878,Automatic,Diesel,SUV,Karachi
666a7c21-6923-4633-be3a-970a5afa32b4,2013,1000,98685,Automatic,Diesel,Coupe,Karachi
facadbc8-d479-4fda-b75c-d6cc274835f6,2007,2000,65823,Manual,Petrol,Sedan,Lahore
2e500ff3-f5c9-4363-af40-eb2e67223e67,2002,2000,255171,Automatic,Petrol,Sedan,Karachi
fd54524e-10e2-40c1-bf8c-4c33215ab0b4,2018,1500,239090,Automatic,Hybrid,SUV,Rawalpindi
5eb15b70-c4b3-453f-adf5-366af931a1a5,2014,1500,289433,Automatic,Diesel,Hatchback,Karachi
ffecb4bd-27a5-4d7c-8fee-24f0038e140e,2003,1500,316970,Manual,Hybrid,Coupe,Karachi
f78e5563-65c6-4b96-bc71-7c73b2df0217,2020,1800,141164,Automatic,Hybrid,Hatchback,Lahore
b6f168eb-3844-413c-885d-fc2894b0a2c4,1999,1800,253371,Automatic,Petrol,Coupe,Lahore
6fd79457-6877-48f8-8025-a41518552a8e,2002,2000,275989,Automatic,Diesel,Sedan,Faisalabad
2dcbaeb2-b95b-4b6c-bfaa-7a2446a63804,2017,800,128571,Automatic,Hybrid,Sedan,Faisalabad
1e4755b2-ebce-4adc-bcfc-cee5d4f5bb0f,2023,1800,163839,Manual,Diesel,Sedan,Rawalpindi
46d889d0-08ae-4295-869c-07698fad57b1,2012,1800,246012,Automatic,Diesel,Hatchback,Islamabad
ff4e3ae1-c24d-455a-89a0-df497a4f7c34,2007,1000,18521,Automatic,Hybrid,Hatchback,Lahore
299e1906-a714-455b-8eb2-6960ed70d999,2018,1500,303112,Manual,Hybrid,Sedan,Islamabad
871439e3-e443-4721-8158-d657365268eb,2023,2000,327321,Manual,Diesel,Coupe,Lahore
bcb92469-a400-4ab9-a53e-7120e4a9dafd,2002,1800,40297,Automatic,Diesel,SUV,Faisalabad
50da6543-9331-46d7-b0f7-ca4eee63e0f0,2006,1300,134718,Manual,Hybrid,Sedan,Faisalabad
8d6589c6-5e9c-40c4-a3df-8e4d7b1a074b,2003,1800,79238,Automatic,Diesel,SUV,Islamabad
626f42f3-6119-4aa1-9030-5dbcfb2acb67,2023,2000,123834,Automatic,Petrol,Sedan,Islamabad
3ddaf4b8-0bc5-401e-9069-9ca2b37bb998,2000,1000,312236,Manual,Diesel,Coupe,Rawalpindi
de37d3ed-c4e2-4e2b-ad75-e1bca2b0cb9a,2005,2000,230783,Manual,Petrol,Hatchback,Lahore
3edf71fe-ed1a-4df5-a872-93bcdc0e0bd5,2018,1300,60814,Manual,Petrol,Coupe,Rawalpindi
0a3342e0-34ac-4c73-8c55-712d8893975b,2013,1300,249700,Manual,Diesel,Coupe,Rawalpindi
fa906f6d-8b48-4b29-883e-59e512fe3afd,2006,1000,278104,Automatic,Petrol,Hatchback,Rawalpindi
0e68f665-bb14-4fb2-9b2e-b2ca8e71a0ba,2010,2000,165511,Manual,Petrol,Hatchback,Rawalpindi
82070c98-3127-46d6-af1f-338b0f6402d6,2017,2000,142915,Automatic,Diesel,Hatchback,Lahore
66606f5b-ff03-4598-ab4f-93a4fbd4dd15,2006,2000,306276,Automatic,Diesel,SUV,Faisalabad
eea12b37-19d5-43a2-9172-ce1786d29d6c,2022,1000,272604,Automatic,Hybrid,SUV,Islamabad
ee314994-97f9-4272-9f41-6c5e7ed8dab4,2015,800,4443,Manual,Petrol,Coupe,Lahore
c1f9b5b5-606d-404e-8563-66da3652a763,2014,800,233802,Automatic,Petrol,Hatchback,Islamabad
c24b1a2a-f01e-4b3d-a1d3-c1a2eba86fa9,2004,800,12425,Manual,Petrol,SUV,Faisalabad
4146c9db-fd9a-4600-bd87-aa00ac67f406,2018,800,62902,Manual,Hybrid,SUV,Rawalpindi
93c33e6f-9dc6-47eb-89e9-b9d5e7a953c4,2019,2000,296783,Manual,Petrol,SUV,Islamabad
8b5ab497-5729-43d2-a742-576426c5ce42,2007,1500,346280,Manual,Hybrid,Coupe,Islamabad
6c8b9bb7-1686-4bc4-a5af-407568b17d20,2022,1500,169556,Automatic,Petrol,Sedan,Islamabad
57078705-340d-42f7-bf53-1de3e65321af,2022,800,200696,Automatic,Diesel,Sedan,Islamabad
c0221fe6-d3cb-4714-8c70-1cd4e849caad,2024,1300,93286,Automatic,Petrol,Coupe,Karachi
f4d0c0a9-4c4e-4f2f-90a2-6452e5a762da,2017,1500,93555,Automatic,Petrol,SUV,Faisalabad
df7fa69e-86ef-40c4-9f60-2fd02ccef313,2022,1500,114497,Manual,Diesel,Hatchback,Lahore
063124aa-6fac-4cae-bb7f-6a0d21bcf28a,1999,800,36916,Automatic,Diesel,Sedan,Rawalpindi
c3d82934-2039-4f5c-8f8a-77a3bfd9e1e0,2002,2000,335720,Manual,Petrol,Coupe,Islamabad
e67b29c3-5244-4413-91f7-0ecd00190fb2,2002,2000,172926,Automatic,Hybrid,Sedan,Faisalabad
48751df1-35f0-42ae-994e-be5b6d9658b7,2020,1500,250682,Automatic,Diesel,Sedan,Faisalabad
1aa1400b-f424-4758-9c46-3365058e17b6,2005,800,201548,Automatic,Petrol,Hatchback,Islamabad
4f1210ac-641b-4407-96f6-31ac7dd8b4c3,2019,1300,210037,Manual,Hybrid,Sedan,Islamabad
87b58765-e300-449d-b9e7-88e6d977f033,2015,1300,42182,Automatic,Diesel,SUV,Karachi
15085bc8-f061-4230-95a5-2c549cfc9712,2015,800,201412,Manual,Diesel,Coupe,Lahore
a5b65a5c-490b-4401-b65b-f26e1bc0e638,2018,2000,188356,Automatic,Petrol,Coupe,Karachi
445724af-a38b-4443-9ce7-dc999365bbd4,2002,800,101236,Manual,Hybrid,SUV,Rawalpindi
66b5ed12-70d5-45bb-9dd2-f63fe66073e7,2010,800,283404,Automatic,Diesel,Coupe,Lahore
d69fbe4b-c8c8-4c3e-9c16-332cef5fc531,1999,1300,29388,Automatic,Hybrid,Sedan,Rawalpindi
d96e44c7-def9-4781-9542-6e48aa2f9de1,2001,1000,342805,Automatic,Hybrid,SUV,Faisalabad
822cd4ac-d818-43bd-bd6f-b9ba7a14b4b8,2005,800,19334,Manual,Diesel,Sedan,Rawalpindi
6721413a-923b-4aea-a774-8aa69746d79e,2017,800,127235,Manual,Petrol,SUV,Lahore
81a7e3c6-69bf-4973-9f15-572c4cc865bb,2007,800,239172,Manual,Hybrid,Sedan,Lahore
b35810f7-ad4c-494d-9270-91185f8a0e23,2001,1500,311939,Manual,Petrol,SUV,Rawalpindi
2092d01d-f0bf-4df4-aed2-2cff04adfce8,2008,2000,210768,Automatic,Petrol,SUV,Islamabad
54daf148-595e-426b-861b-5e679e3fee93,2024,1000,23900,Manual,Diesel,Sedan,Lahore
5fc64698-27b6-4012-b6f8-93e429b0d513,2006,1000,217660,Manual,Hybrid,Hatchback,Faisalabad
667cb3ac-77e9-4e5a-bfb5-b3761cb1ad2e,2003,1500,127739,Manual,Petrol,Sedan,Faisalabad
876a2d20-94b3-41b5-bf16-cd428d28f2dd,2010,1000,8194,Automatic,Petrol,Sedan,Lahore
245bca65-8fb3-462d-906f-b1649b0f9f6a,2003,800,341707,Automatic,Diesel,Coupe,Karachi
40e1d57f-429d-49c5-a968-064161a5c616,2004,1000,335452,Automatic,Hybrid,Coupe,Rawalpindi
14404b4e-48f5-4aa4-b8bf-f44997f51b39,2005,1000,320097,Manual,Hybrid,SUV,Rawalpindi
03e49cf0-be5a-447a-8e61-13e646f0224a,2017,800,328829,Automatic,Diesel,Coupe,Lahore
22976752-db92-454a-a704-46bdd5655b27,2015,1000,100612,Manual,Hybrid,Sedan,Faisalabad
9f35e14b-35cc-4224-a43c-e1127d71619e,2009,1800,266097,Manual,Diesel,SUV,Islamabad
ba056a34-cc90-4004-a57f-51576334ba77,1999,1000,59076,Manual,Hybrid,Coupe,Rawalpindi
d54aea8f-d0f5-4197-96a0-50851badc74e,2003,1000,22604,Manual,Hybrid,Hatchback,Islamabad
acb5f764-9ea6-42a9-9a5d-9037866e745f,2004,1500,131796,Automatic,Hybrid,Coupe,Lahore
8f3a170c-f513-4300-ac49-b182be676aff,2001,2000,27502,Manual,Petrol,Sedan,Rawalpindi
7c493abf-c0fe-4c12-bb0b-51fd31f80160,2014,800,37150,Manual,Hybrid,Coupe,Faisalabad
af409f7a-98c8-4dda-ab95-5c801b03e697,2016,1300,219711,Manual,Hybrid,Hatchback,Karachi
89906ec4-0da6-483b-98cc-a3bbc85c46b8,2022,800,170987,Manual,Petrol,SUV,Rawalpindi
8b7a4dc4-e786-4e72-81ed-c5ab56541918,2004,1500,115690,Manual,Diesel,Coupe,Lahore
50f63923-9bc3-4819-b19b-97c9d6a583a5,2011,1000,113332,Automatic,Petrol,Coupe,Islamabad
c086c5d2-2bf9-4937-8166-3da925e67ca3,2002,1500,101793,Automatic,Diesel,SUV,Islamabad
3ff3c404-aaf6-42db-bd98-9b2cf64eb7f6,2002,800,298144,Manual,Diesel,SUV,Lahore
03dea41b-8eb5-415f-b95f-bc37b08a36ed,2012,1500,219269,Manual,Diesel,SUV,Islamabad
23633621-ece7-4c63-aa96-aff963db853c,2017,1000,334495,Manual,Hybrid,SUV,Lahore
5170ea3b-a177-419c-8e0f-ca4680279e77,2011,1800,256488,Manual,Hybrid,Coupe,Rawalpindi
11a88c2a-23b0-42c9-b974-c0b2e8676fc8,2006,800,224453,Manual,Petrol,Hatchback,Rawalpindi
f2865116-b24b-489f-b39b-dfa5bc17aba5,2016,1000,310258,Manual,Hybrid,Sedan,Rawalpindi
51867779-13e1-4284-b2b2-09f0f9b7acad,1999,800,246757,Manual,Diesel,Coupe,Rawalpindi
698d7d2c-afbb-4895-8f44-4f28b30f39da,2023,2000,51379,Automatic,Diesel,SUV,Lahore
f84e72e4-d961-4693-b56c-abd6f4501bae,2015,800,213184,Manual,Petrol,Hatchback,Islamabad
6650c49f-f5df-4abe-b728-b678b343461a,2005,2000,47568,Manual,Diesel,Hatchback,Karachi
934f57c2-d153-4eb6-8521-6d0fecc4cc15,2020,1500,299043,Manual,Diesel,Coupe,Karachi
8f11aeca-c461-46ed-989c-52395fda6490,2020,1500,96964,Automatic,Hybrid,Coupe,Lahore
ca964892-8170-4d2b-92b3-b190851aeb75,2018,800,201787,Automatic,Hybrid,Sedan,Islamabad
c82b40e0-8e6c-4dcb-9361-5e7e528e6fd4,2011,1300,321127,Manual,Hybrid,Sedan,Faisalabad
b420cc53-e634-4ef1-b3b8-a77201702da8,2008,2000,28737,Automatic,Petrol,Sedan,Rawalpindi
61a05e98-6c10-48c3-8171-19d347a55ed6,2009,1500,324604,Manual,Diesel,Hatchback,Karachi
d9ea1ae5-8584-4cd9-9cd1-801b83a6e64d,2018,1800,35130,Manual,Petrol,Hatchback,Karachi
fda05ebc-14cb-4778-85c6-7283b7b1028c,2015,800,340283,Automatic,Hybrid,SUV,Karachi
55b49d60-a4fe-46c8-a14b-be6c424aa331,2008,1300,140172,Automatic,Diesel,Sedan,Lahore
2993be56-6cd5-43d3-8460-50f1903095fa,2009,1300,237193,Automatic,Hybrid,Sedan,Rawalpindi
f9b83055-614e-474c-89de-98a9ddc6f4bd,2020,1800,279369,Automatic,Diesel,Hatchback,Lahore
cc178ea9-9928-4501-8ece-043bd7f453c4,2004,1500,45774,Manual,Diesel,SUV,Islamabad
e763f39d-dc1f-429e-9c9c-d0771aee2d35,2000,800,86384,Automatic,Petrol,SUV,Rawalpindi
9e3f0483-67df-46a9-b8c4-b71cf109355c,2002,1000,272990,Manual,Diesel,Coupe,Faisalabad
9f786919-c3c7-4bbc-a7de-325a7398505f,2002,1500,181770,Automatic,Diesel,Sedan,Islamabad
8921cdff-dcf0-4b59-adeb-1b04efa731b3,2004,800,11553,Manual,Hybrid,Hatchback,Rawalpindi
96fc5308-c700-4b95-a515-228d3b62f2c8,2016,1300,343807,Automatic,Diesel,Coupe,Rawalpindi
db922f38-1a2c-4164-9b1b-514d1103b473,2007,1800,69182,Automatic,Petrol,Hatchback,Karachi
4690a619-d26c-41b6-9cc2-6fe01a85672f,2013,1300,151071,Manual,Petrol,Hatchback,Islamabad
3ad3f1bd-0bd3-4a16-a0cc-f6f5215e2ab2,2012,1000,324340,Manual,Hybrid,Hatchback,Karachi
a36e9bd4-1aa2-4971-9e1b-f5abc1742891,2003,2000,349362,Manual,Petrol,SUV,Lahore
266bc37e-901b-4707-8ad8-7a9b5909ed03,1999,1300,301216,Manual,Diesel,Hatchback,Islamabad
9753cedd-401a-41ea-99a8-260621802869,2003,1000,294905,Manual,Hybrid,Hatchback,Islamabad
261ce600-76e4-4538-8a0c-f3d5f4f70b89,2002,1300,235105,Manual,Hybrid,Hatchback,Lahore
c2765cb6-52ef-4891-a2c5-3d0f4fee0ab9,1998,1500,261838,Manual,Diesel,Hatchback,Karachi
c8ad4b4f-7af3-42f8-9457-80ab6e8ceb96,1998,2000,286337,Automatic,Hybrid,Hatchback,Rawalpindi
c2673dd1-93c6-438e-ad5b-7be23426cd8f,2007,1800,349641,Manual,Hybrid,Coupe,Islamabad
e52f15dd-b39e-4eb5-b0e8-a1eb06fc1a76,2020,800,251124,Manual,Petrol,Sedan,Islamabad
22250961-d981-4a62-9a10-a3d86d22a07f,1998,1500,323759,Manual,Diesel,Hatchback,Lahore
a913158b-220a-4e6a-95b9-b20e4db07e4c,2008,800,318846,Manual,Hybrid,SUV,Islamabad
9555d56c-70bb-4f4f-89e1-c3fb2634b6cf,2004,800,43824,Automatic,Hybrid,Sedan,Faisalabad
0f3ff6d4-f307-4578-9a92-badee7c7b4a4,2010,1000,257145,Automatic,Hybrid,Sedan,Islamabad
c3762f31-9039-4f66-92ec-7b16ce053032,2010,1000,224206,Automatic,Diesel,Hatchback,Lahore
c0fe6d0d-d73f-4d0d-8367-1d495863d388,2007,1300,184211,Automatic,Diesel,Sedan,Karachi
df3c636a-f9d5-41be-9139-8f1a91d26979,2021,1500,217899,Automatic,Diesel,SUV,Rawalpindi
381aadaf-829a-430f-bbbe-39b6249b9bb7,2021,1500,73173,Manual,Petrol,SUV,Islamabad
3e0dca13-e36b-4fb4-a381-5666693135fc,2013,1800,175854,Manual,Hybrid,Coupe,Lahore
ee9520a6-0023-4c2e-8c02-3cf89daef8e6,1998,1500,334918,Automatic,Diesel,SUV,Faisalabad
f6461ac6-7be4-41be-ab28-9a5de8877ca4,2012,2000,297751,Manual,Petrol,SUV,Rawalpindi
1a04b9c9-6e43-4db1-98ef-624c3438e4b9,2007,1800,257208,Manual,Diesel,Hatchback,Rawalpindi
6afffad1-e915-4e76-a22c-56c5a6335c0e,2015,2000,242982,Manual,Petrol,Sedan,Karachi
e5d9e373-1df1-4895-863f-8c79bb6bc54d,2006,1300,335835,Automatic,Petrol,Hatchback,Rawalpindi
f67b14a1-e882-4e26-a1ea-a007b8e23b12,2003,1500,338053,Manual,Petrol,Sedan,Islamabad
42c99621-3d4b-405c-89fd-179289f0c7d9,2013,800,313991,Automatic,Hybrid,Coupe,Faisalabad
9c7423d5-2184-4505-ad67-bd08fc5086dc,2011,1300,329250,Automatic,Hybrid,Sedan,Islamabad
f8ce8baa-948c-4325-97cc-256b22eef2f4,2014,2000,301603,Manual,Diesel,SUV,Faisalabad
47929660-f9c0-40d3-a1c7-2a085e78043c,1999,1000,167604,Automatic,Hybrid,SUV,Islamabad
8096e76b-c154-4ee3-945a-8d0baab398aa,2003,800,142957,Automatic,Diesel,Hatchback,Lahore
829718b3-3cae-41f1-b526-aeaa72866771,2007,1300,277669,Manual,Hybrid,SUV,Karachi
36cdd58a-ed58-4a1f-a154-652b2af80786,2022,800,313923,Manual,Hybrid,Hatchback,Islamabad
0f7bbe21-50b0-4229-9dc6-0403d6c865ab,2024,2000,157848,Automatic,Hybrid,Hatchback,Lahore
14f0efa3-520c-43f0-bda2-f7ea75d3b44c,2015,1800,184355,Manual,Petrol,SUV,Faisalabad
133db492-f2f2-473a-ba46-cfd28e131266,2007,1300,254226,Automatic,Diesel,SUV,Lahore
680f6d96-f47a-44e8-ab44-974ed5d27e72,2004,1000,263917,Manual,Petrol,Sedan,Rawalpindi
886604ca-d761-4f33-9207-1539624a88d1,2012,800,61113,Manual,Petrol,Coupe,Islamabad
4b9e4280-12a4-4bd6-93b7-9c1adbb7ba6f,2007,2000,190090,Manual,Diesel,Hatchback,Karachi
80fdb5cb-b409-4498-b5f9-5d0633dee4d6,2020,1300,15078,Manual,Petrol,SUV,Karachi
b2b22fbc-331d-4ebc-b2d9-d89046650ed0,2020,1000,161180,Manual,Petrol,SUV,Lahore
292c62dc-c23a-45ce-bf8e-c00a1155d2f0,2011,2000,58574,Manual,Petrol,Coupe,Rawalpindi
debe2cfb-c2db-42de-801c-d588c0145ead,1999,1000,56527,Manual,Hybrid,Sedan,Rawalpindi
4a2d4032-753d-4fe5-9b91-010127916dfb,2001,1300,22691,Manual,Diesel,Sedan,Lahore
ed0bd677-7683-4a16-b29f-2126cb8d76e7,2023,800,315512,Manual,Hybrid,SUV,Karachi
1797443b-d8e0-4efc-8b1a-9eb0643025c0,2019,1300,15340,Manual,Petrol,Hatchback,Faisalabad
e992ffff-4deb-4261-bd90-1f9d81735ff4,2009,1300,84178,Manual,Hybrid,Sedan,Lahore
98f1b25a-041d-43df-9509-292fe6ab58ca,2024,1800,7331,Manual,Hybrid,SUV,Islamabad
f8e78953-4103-4f90-b78d-aacfa5becf4a,2003,1800,2269,Manual,Petrol,Coupe,Islamabad
2b11cfc2-b14e-4ca4-870a-6e07bf2cc927,2020,1800,97059,Automatic,Hybrid,Sedan,Karachi
4d3cd8df-1fbf-40bd-a744-4305388fabad,2024,1300,199027,Automatic,Petrol,SUV,Rawalpindi
2aa1f27d-0c1d-43ad-a253-4fe5c6f3527e,2001,1300,64810,Automatic,Petrol,SUV,Rawalpindi
8108d459-a789-4ad1-8d81-4f9ee2ff769c,2022,1300,151137,Manual,Petrol,Hatchback,Rawalpindi
831173b4-c968-4985-8113-25665e91fca5,2001,1500,148694,Automatic,Hybrid,Hatchback,Rawalpindi
b049697c-d8d0-4675-9ad6-d78848302623,2005,1800,213533,Automatic,Diesel,SUV,Lahore
6e87b40f-d8bb-4b0d-a009-b5d5eba07cc7,2024,1500,192645,Manual,Petrol,Coupe,Lahore
475e9beb-f3c3-4f5f-b49e-f9d442ce3f68,2010,1500,274025,Manual,Petrol,SUV,Rawalpindi
f5c9239b-b96b-44de-9f41-4c5695f66b58,2010,2000,309622,Manual,Hybrid,SUV,Lahore
911c218d-706b-4d31-b424-60ed4e7b3957,2009,1000,177540,Manual,Hybrid,Coupe,Lahore
eba86877-09b8-4298-beed-75ebdea74239,2005,1500,261677,Automatic,Hybrid,Hatchback,Rawalpindi
5912743f-14d8-4953-851e-380de4a3fb50,2009,1500,349530,Automatic,Diesel,Hatchback,Karachi
f1a68cbf-84d5-4a50-a26c-fe809f53e848,2022,1500,56642,Manual,Diesel,Coupe,Rawalpindi
12863c02-7c39-4ee2-9e55-2424f690c259,2005,2000,70573,Manual,Petrol,Sedan,Lahore
e32ab5a4-ed86-4923-a973-577b5a455cd8,2013,2000,14024,Manual,Diesel,Hatchback,Karachi
07b86a25-6603-4b06-9284-bc824a14260f,2007,1800,326753,Manual,Petrol,Coupe,Rawalpindi
ac1c5ee5-5348-468b-a764-765b82a6d266,2004,1300,347127,Automatic,Diesel,Hatchback,Faisalabad
f990e74b-e2d2-4d20-bc03-fe97687d3d10,2008,1800,286586,Manual,Petrol,Coupe,Lahore
ae4d1679-cc0a-4892-b048-017b2cc7bc77,2010,1500,164919,Automatic,Diesel,Coupe,Lahore
d0ebf788-94e7-48ca-acd1-92d29593e201,1999,1000,291853,Automatic,Hybrid,SUV,Rawalpindi
d0d9e787-5e4b-4882-96ce-e83443fe2625,2011,1000,163818,Automatic,Diesel,Sedan,Faisalabad
8bcc0756-3072-4bca-88c8-ef3e81ca1d3c,2019,1500,346071,Automatic,Diesel,SUV,Faisalabad
c6e00ae7-73d3-481f-a631-cdd167ae271a,1999,1500,138092,Automatic,Hybrid,Coupe,Faisalabad
197581ad-67d2-4ff4-a8c3-87a83ebaa6aa,2019,1300,149127,Automatic,Petrol,Sedan,Faisalabad
00af143e-6da2-4664-9f3d-ac13895baee3,1999,1000,192104,Automatic,Hybrid,Sedan,Islamabad
65991cd3-b9f0-4729-89aa-05c3de8376d3,2010,800,224472,Automatic,Diesel,Coupe,Islamabad
ecac0a06-bde7-4942-be3a-bff4f2619a76,1999,2000,128046,Manual,Petrol,Hatchback,Faisalabad
8d3d7862-8a24-4338-b999-db459e12f75a,2000,2000,34340,Automatic,Petrol,Hatchback,Karachi
7281d108-5310-4182-b80a-37f70fd84c97,1998,1800,170979,Manual,Diesel,Coupe,Faisalabad
d226e42f-38b9-48fa-8f01-6ebcf9e382fa,2014,1500,139785,Manual,Hybrid,Coupe,Faisalabad
b2107efe-b100-420a-8a38-d40edf647393,1998,1300,198043,Automatic,Diesel,Sedan,Rawalpindi
a35d9d0f-d307-46de-85a9-7dcef3cd2d8a,2001,2000,107955,Automatic,Diesel,Hatchback,Karachi
64fb153e-19f0-43ee-aaca-a011b125b57e,2017,1300,190491,Automatic,Petrol,Coupe,Lahore
785dfcaf-b3b9-450c-852f-ceb0e3719f5c,2024,1800,112239,Automatic,Diesel,Sedan,Islamabad
b762d3d7-d4be-45ef-85d4-e8b1bf59bb2e,2016,1500,118429,Manual,Hybrid,Sedan,Faisalabad
a078ec99-7413-43e0-a28a-deeb5b2eb34b,2008,1300,35268,Automatic,Diesel,SUV,Islamabad
b238793c-b22a-41d8-826b-e8565844c4cd,2023,800,341592,Automatic,Hybrid,Hatchback,Rawalpindi
890c190e-1b9c-49f0-ae34-c2b4605bc4e6,2019,1800,164287,Manual,Diesel,Coupe,Islamabad
c45596d4-c3a8-415f-a72d-4f66ba0f7a56,2017,1800,237622,Manual,Petrol,SUV,Faisalabad
beb83801-39fb-4eea-b0db-c99cadb44146,2013,1000,346452,Automatic,Diesel,Coupe,Faisalabad
0ae229d9-0332-4f38-9d72-0324b8988669,2021,2000,31395,Manual,Diesel,Coupe,Karachi
73fc1c80-7ae2-4fee-b458-1b76a564d74b,2005,1000,157430,Automatic,Diesel,Hatchback,Lahore
428e2ff9-dbdd-427e-8c9f-a5d89e770cba,2018,1000,216236,Automatic,Diesel,SUV,Islamabad
b368514e-bdf3-4c64-9f9c-a18b9d7b6d7b,2019,1800,123800,Automatic,Petrol,Sedan,Karachi
1145dea6-6dda-4edd-bce6-7a4eed219a06,2004,800,128758,Automatic,Diesel,Coupe,Faisalabad
e3704cfd-453e-4e79-a18b-128e2c73ec70,2011,1500,339173,Manual,Petrol,SUV,Islamabad
a61ca4e9-6938-481f-bb13-6687a6100b60,2002,800,135474,Automatic,Hybrid,SUV,Lahore
7c1257cc-5736-4b17-b133-5f8f27f2816e,2021,1500,10437,Manual,Petrol,Hatchback,Faisalabad
7c428159-2459-42eb-b7cc-f1e4456c9df7,2007,800,213388,Automatic,Hybrid,Sedan,Rawalpindi
a1b76c57-91ba-40ec-a7b5-c61e80a56249,2024,2000,73694,Manual,Petrol,Sedan,Faisalabad
19a466d8-cdfc-4e7a-ab4b-32679594b815,2019,1800,275387,Automatic,Diesel,Sedan,Karachi
d969d196-61bb-467d-b677-2f931f05efee,2017,800,164317,Automatic,Hybrid,Coupe,Karachi
d0542613-32bc-434c-857f-8a80f2b442c7,2011,1000,75643,Manual,Petrol,SUV,Islamabad
52588527-090c-48df-aded-d89a9289466f,2012,1500,133329,Manual,Diesel,Hatchback,Lahore
1943fa07-3a17-4919-8b07-ce7149749c2e,2008,1800,222183,Automatic,Hybrid,SUV,Islamabad
d59be5ce-d746-4eca-be85-f0bed026f593,2023,1000,190315,Automatic,Hybrid,Hatchback,Islamabad
70e55eb2-3e50-4b3e-aa3e-95e77c6a26b7,1998,2000,317621,Manual,Hybrid,Sedan,Karachi
6e64052f-efc3-4fcc-97dc-3c2cd1afbed9,2006,1800,201688,Automatic,Hybrid,Hatchback,Lahore
ba5634f6-5eab-4a03-936a-7c063fc8a1d0,2015,1000,231946,Automatic,Petrol,Coupe,Islamabad
59351799-3d17-4827-b3aa-1f27a630b1d2,2007,800,123449,Automatic,Petrol,SUV,Rawalpindi
8d939189-52a5-4972-8613-6a68f71b13e3,2018,1300,337866,Automatic,Petrol,Hatchback,Lahore
374da91b-4135-49bb-81a6-d563493e989d,2024,1500,246987,Automatic,Diesel,Coupe,Lahore
f2eb0983-e578-4d1a-93f2-855846fe73db,2024,1000,136823,Manual,Diesel,Coupe,Faisalabad
b8b5d6ca-a631-486a-ab01-47e5ea50c717,2021,1800,171320,Automatic,Hybrid,Sedan,Lahore
6f7b8032-e6c1-42f0-904b-03aeb2f4c00d,2018,2000,96332,Automatic,Hybrid,SUV,Lahore
6c823846-c248-4778-8bab-805573d5fafc,2010,1000,329408,Automatic,Diesel,Sedan,Lahore
bc254ca2-8f67-4b21-a11b-c37d2b6e3ba8,2003,1000,270724,Manual,Hybrid,Coupe,Islamabad
c7f86d46-4026-4a2a-b741-d3cd1fe6c963,2012,1500,69997,Automatic,Petrol,Hatchback,Islamabad
49af4b1c-7fcf-400d-a4a5-3992d98eade9,2004,800,217315,Automatic,Petrol,Coupe,Rawalpindi
8c6932fa-337e-4ab7-a3fe-f235eb6118c5,2024,1800,117695,Manual,Petrol,SUV,Lahore
e7173add-d9f5-45a9-8a90-bf6d83d34238,2012,1000,137249,Manual,Petrol,Coupe,Faisalabad
5b268196-0368-4e7b-a327-518d2cc01dbe,2011,1800,136397,Manual,Petrol,Hatchback,Karachi
cb727f88-1af3-4219-a8ab-7d368b5a4bd9,2016,800,7400,Automatic,Diesel,Coupe,Lahore
23381151-425a-48db-aa89-cf47c082a619,2005,2000,106506,Manual,Diesel,Hatchback,Rawalpindi
d0797e17-bb43-44c3-97aa-f277450d3b7a,2010,1000,226129,Manual,Hybrid,SUV,Islamabad
d9a127cb-8784-48d5-b5d1-2b42f5dba074,2021,2000,99280,Automatic,Petrol,Coupe,Karachi
606fa164-a097-4adf-b046-ea6f4bfc13d1,1998,1300,137258,Manual,Hybrid,Coupe,Karachi
6f945540-291f-43b0-a36b-f333e59b4baa,2009,1800,339337,Automatic,Petrol,Sedan,Rawalpindi
46c908e2-e60e-4b83-b303-e9982a652b25,2002,1300,208433,Manual,Hybrid,Coupe,Rawalpindi
0bda6a13-52be-41d4-9219-cab282d2abac,2021,1800,134336,Manual,Petrol,Sedan,Lahore
21d86860-aa09-4b34-84e4-66c4592e6d0e,2008,1000,246904,Automatic,Hybrid,Sedan,Lahore
d5c8f9e9-16bb-4ea3-b320-b3d81ba0ffd2,2006,1800,324879,Automatic,Diesel,Coupe,Islamabad
ae8abe03-0664-4388-ac51-c6d7c3b93611,2002,1800,21561,Manual,Diesel,SUV,Faisalabad
46870c1d-baf3-4fcd-a0c6-9fb31aca42c6,2013,1300,245411,Manual,Petrol,Hatchback,Faisalabad
e980b43e-e105-4335-bb54-248801b0e08f,2011,1000,136527,Manual,Diesel,Sedan,Karachi
82669285-f4db-402c-a514-75eb16e5afb9,2013,1300,189054,Automatic,Diesel,Hatchback,Faisalabad
cb8946a6-81f3-4997-9f21-e07e72237863,2024,1300,271042,Automatic,Diesel,SUV,Islamabad
03bf0f9b-96c5-4e3b-9b17-013847df60c0,2021,1500,79306,Automatic,Petrol,SUV,Karachi
f3c8fc37-82d7-4fe8-9691-f1f40ba850e5,1999,1000,96018,Manual,Diesel,Hatchback,Karachi
d6c3fda7-d0fb-4e55-99b1-65a3c1f2a237,2020,1500,228814,Manual,Diesel,Sedan,Rawalpindi
c4360581-bab5-4105-8977-6f74ebe03d4b,2009,2000,294049,Automatic,Diesel,Coupe,Lahore
29a3f4aa-af2e-457d-8ddf-5e6c8e10e5e2,2021,1000,64830,Automatic,Petrol,SUV,Islamabad
0b031dd7-2f7b-4417-8c02-92124258861d,2003,1000,266725,Automatic,Hybrid,SUV,Faisalabad
d45df779-b0d0-402a-8eae-8880b5da8550,1998,1800,299257,Manual,Diesel,Sedan,Karachi
317f658a-edd5-4e5a-8cdc-9a1a30327a32,2022,1500,49443,Automatic,Petrol,Hatchback,Lahore
5856ef93-50c5-4ca9-87c5-7cff9c310806,2010,1300,309507,Manual,Diesel,SUV,Lahore
426900a6-3106-4a02-a958-a80a3b47de8a,2000,1500,345788,Automatic,Diesel,Hatchback,Faisalabad
139c5759-3978-4859-a0c1-5be11a3e65ea,2019,800,172714,Manual,Hybrid,Coupe,Islamabad
5d7c710d-0990-44e5-a47f-fa77035e0e4c,2021,2000,298402,Manual,Petrol,Sedan,Islamabad
7c4f6437-81e8-4138-9693-78290654bfe5,2008,800,37079,Automatic,Petrol,Coupe,Islamabad
1a655e8a-31f5-4892-be51-3915beaed196,2003,1000,209147,Manual,Petrol,SUV,Karachi
7b17ec61-e661-4089-9dea-910bf3966add,2010,1500,149388,Manual,Petrol,Hatchback,Rawalpindi
db304541-9f03-4e56-92ba-f5da68cc8789,2023,1500,162582,Manual,Diesel,Sedan,Islamabad
8045dffc-6949-49d2-a635-899e5327686a,2014,1000,256703,Automatic,Diesel,Coupe,Islamabad
0ea4883b-b3c6-4c1b-a041-27ab37d2cb83,2016,1800,221810,Manual,Diesel,Hatchback,Faisalabad
45afa66a-0790-45ba-acd2-eec64e324915,2003,1500,330661,Automatic,Petrol,Sedan,Faisalabad
e1ec654e-5aae-4be4-9538-09e7925c8ab9,2008,1500,117561,Manual,Diesel,Sedan,Islamabad
088b63bb-213b-4ba0-bcf2-6b0009e4aa9a,2012,1500,41514,Automatic,Diesel,SUV,Karachi
0ab656d3-670c-4973-9d55-f429ab6a0087,2019,1300,130366,Automatic,Diesel,Sedan,Faisalabad
d38d1a64-64b4-4310-9b5e-4894d5a7bc37,2000,800,269177,Manual,Hybrid,Coupe,Rawalpindi
32af8900-4d15-412a-85d6-79098da96994,2001,1500,346478,Automatic,Diesel,Hatchback,Faisalabad
2f0c201d-bfc1-4c02-8260-0093a34c1a04,2000,1800,8529,Manual,Hybrid,Coupe,Karachi
9613237a-1d92-4f00-8a2d-7009bf7cb7a2,2023,1000,206022,Manual,Petrol,Coupe,Islamabad
c529797b-1f6b-4642-b9e0-802d96ad01dc,2008,1800,238550,Automatic,Hybrid,Hatchback,Islamabad
c32f2cc7-fded-4abb-8cea-772e77a25e70,2023,1000,110660,Manual,Petrol,Hatchback,Lahore
0f10a445-27d9-4f45-9593-414112781274,2011,1800,9392,Manual,Diesel,Sedan,Lahore
7c503615-ae01-4614-b3ea-0f05e273dda6,2003,2000,250148,Automatic,Hybrid,Coupe,Faisalabad
108f464e-b16a-4ded-b9e0-948e7d928f56,2021,1500,158754,Automatic,Hybrid,Coupe,Islamabad
42ebfb13-b3b8-41ae-b319-d9f61605d9ab,2000,1000,70838,Manual,Petrol,Sedan,Lahore
5070fdba-a49f-4fa2-9fe4-bee4ce69b304,2020,1000,14058,Manual,Diesel,SUV,Karachi
c1711479-4466-4d1d-9539-6516995cc935,2011,2000,282372,Manual,Petrol,Hatchback,Rawalpindi
593c5e10-9bef-4b8f-93a8-7a03ae902acd,2002,1500,221186,Manual,Petrol,SUV,Karachi
a2ebc9b2-8ed1-44a4-ac1c-e5a8a1fe1054,2021,2000,233447,Automatic,Diesel,Sedan,Rawalpindi
b39985fa-224d-4944-a643-7e1597a9888c,2016,1000,105559,Automatic,Hybrid,Coupe,Lahore
f4d707e2-a3c7-441f-9b6f-e7ccfb2b8fa5,2008,800,53825,Automatic,Diesel,Coupe,Faisalabad
5340ffee-1f4a-4477-8bb6-051ef8f18259,2017,2000,290615,Automatic,Petrol,Coupe,Rawalpindi
46ce49a9-7d9a-4804-af35-d252bf7d5e39,2013,1800,309874,Automatic,Petrol,Sedan,Faisalabad
47f87004-1511-4774-9dae-2f1f1fa5e6a9,1998,1500,302201,Automatic,Hybrid,Sedan,Islamabad
2029165e-5de9-4632-9f02-df97a391229a,2018,1500,248165,Manual,Diesel,Hatchback,Rawalpindi
49964384-4036-4684-a2b6-9200f4c117f1,2020,1500,10908,Manual,Diesel,SUV,Rawalpindi
4f2fbce6-2775-4247-a943-5dced8c90f52,2009,1500,121688,Manual,Hybrid,Hatchback,Faisalabad
6f1b550a-3cec-4d25-8416-edca52f05d4d,2024,2000,344435,Automatic,Petrol,Hatchback,Rawalpindi
e211f263-5ff4-41af-8987-79e4430c7bf2,2011,2000,342098,Automatic,Diesel,SUV,Faisalabad
b485bba2-74cf-4f5e-a068-a29d780ef6e7,2004,1300,45189,Automatic,Petrol,SUV,Karachi
810ebe01-5579-443c-a52d-40fc061c0640,2003,1800,258047,Manual,Diesel,Coupe,Islamabad
9697a667-e2c3-4747-a23e-cdd984bc7391,2005,1000,291939,Manual,Petrol,Hatchback,Islamabad
62110d70-ccf9-4fd1-8f3c-c23d6e46cdfb,2009,2000,83154,Manual,Hybrid,Sedan,Lahore
bf6a0d8f-8594-4806-bd14-4a8960cad8a6,2008,1500,59752,Manual,Petrol,SUV,Rawalpindi
03f509e4-8fd0-4805-8543-61a8ec4b2f4e,2006,1300,186248,Manual,Hybrid,Hatchback,Karachi
8801b97b-b9fa-4dd6-a9fe-8f625d2a95fc,2020,1800,316821,Manual,Hybrid,Sedan,Rawalpindi
c7080504-c290-41fd-9718-2ca0cbd8c097,2023,1500,58159,Manual,Hybrid,Sedan,Faisalabad
6d68a05e-e343-42b2-a410-10125407492f,1999,1800,55265,Manual,Hybrid,Sedan,Karachi
a84aedf1-c472-4099-aa2f-6b1c0a927a9b,2009,1000,153156,Automatic,Hybrid,Coupe,Lahore
f70b7cac-76fd-432f-a346-e82ab25aeda1,2002,2000,190702,Automatic,Petrol,Sedan,Karachi
b8d48a14-1c37-42f2-b168-6b838c08fd9f,2012,1500,3453,Manual,Diesel,Hatchback,Islamabad
faac71ee-0029-4612-8674-3f8a5ecaf76b,2014,1000,44687,Automatic,Diesel,Coupe,Islamabad
cbca6665-82a0-42aa-a32c-a27121345921,2018,2000,128687,Manual,Hybrid,Coupe,Karachi
ce4b72d9-f026-4b61-b544-366c6542a0da,2002,1500,216745,Automatic,Diesel,Hatchback,Lahore
f7670610-f377-42e1-8863-caf78766e403,2012,1000,5215,Manual,Petrol,Hatchback,Islamabad
54053e26-0bfb-4d8b-a6b1-ae6cfaf5e250,2010,1000,227578,Manual,Diesel,Sedan,Karachi
899fee2c-7bf9-4732-8977-bd0b5fafd362,2016,800,331144,Automatic,Diesel,Coupe,Faisalabad
e76b37bd-db29-4656-b083-ee60beddf913,2007,2000,164466,Automatic,Petrol,Hatchback,Faisalabad
71208f84-0bbe-4107-add7-e00d9d8b5b8d,2017,1000,211779,Automatic,Hybrid,SUV,Faisalabad
5a1e301f-1583-4784-870e-257c48d0ace5,2017,1800,341855,Automatic,Hybrid,Hatchback,Rawalpindi
fa6bc28a-3242-4aa7-8a02-f939299b6721,2022,1000,158089,Manual,Petrol,Hatchback,Rawalpindi
df968280-28d9-421b-bdd7-22867fb6126e,2021,2000,66063,Automatic,Petrol,Sedan,Faisalabad
bb694d41-7c0a-4993-abfc-a80ac763e36c,2015,1300,273330,Automatic,Hybrid,SUV,Lahore
88a9dc38-b203-41dd-a6af-a576971eae89,1998,1800,310642,Automatic,Petrol,Hatchback,Rawalpindi
ed438b8a-26c8-48ed-a3d3-acb68e2fc7a1,2014,800,31428,Automatic,Diesel,Hatchback,Lahore
7f415e9a-91c4-454f-bb6c-590ac71f87a1,1999,2000,65404,Automatic,Diesel,Sedan,Rawalpindi
6c2f894f-5b8e-4338-a62c-4c370d547656,2008,1000,304922,Manual,Diesel,Hatchback,Islamabad
36626157-266a-43cb-ba76-6f2ede9e76e5,2019,2000,300294,Manual,Hybrid,Coupe,Faisalabad
54ff47f6-00fc-44c5-8e14-9bb46ee805ee,2021,1000,55169,Automatic,Hybrid,SUV,Islamabad
78bc903c-1277-4f49-b439-817dbfced928,2012,800,76836,Automatic,Diesel,Sedan,Lahore
f62350ba-4372-4e2c-9763-2b9f49d8ea91,1999,1500,68190,Automatic,Petrol,Coupe,Lahore
269b87df-9a2a-4b6d-9f24-2c7be6d26058,2009,2000,275909,Automatic,Hybrid,Coupe,Islamabad
75922382-c22b-4942-ac52-fda4309d84f5,2016,1500,333688,Automatic,Diesel,Coupe,Rawalpindi
dd46644a-2e61-4f16-bd7c-db311e501c03,2024,1000,75678,Manual,Diesel,Coupe,Karachi
013d2f1b-0c54-4966-99a3-5c574c726268,2020,1800,277422,Manual,Hybrid,SUV,Rawalpindi
8e7de5bc-f280-4608-97e1-ee60f8d26033,2013,800,82229,Automatic,Petrol,Coupe,Lahore
7c33025e-5f91-4d05-b148-4d120a1d238b,2001,1300,299769,Automatic,Petrol,SUV,Lahore
8818c807-a9e0-4155-a318-2960a1920882,2009,1300,196324,Automatic,Diesel,Coupe,Lahore
fd922b7e-8c00-402e-bfc7-2b7f257f5c19,2023,1000,74522,Automatic,Petrol,Hatchback,Islamabad
e70d8754-a752-4700-bdc7-078f0f1a2ae5,2004,1000,256268,Manual,Petrol,Hatchback,Lahore
ffd7a8bb-01a1-4155-8205-40d35805b0bf,1999,1500,252275,Automatic,Hybrid,Coupe,Islamabad
a7ad2cab-5bb2-44d5-adff-9963f38deae1,2023,1500,249156,Manual,Petrol,Coupe,Rawalpindi
187ea3f7-3c9f-45fd-9d7a-d13458fc8a5a,2019,1500,78109,Automatic,Petrol,Coupe,Rawalpindi
5e8538e2-1c97-46dd-804b-508c4612b12d,2005,1500,177732,Manual,Hybrid,Coupe,Islamabad
e1369fbe-13d5-438a-84e4-f8fe379db4d7,2018,800,86829,Manual,Hybrid,Hatchback,Faisalabad
10f79ecc-6256-4230-9b34-9ccf88c75146,2018,800,337596,Manual,Petrol,Sedan,Faisalabad
421bc8a7-c90f-46c2-9ace-37febc127b6a,2014,1000,249474,Manual,Petrol,SUV,Lahore
017678f1-1c82-4618-b59f-7f75765a2704,2006,1000,128600,Automatic,Petrol,Hatchback,Rawalpindi
80079c50-5fd2-4379-a78b-502bd5d47cb9,2016,800,257673,Manual,Diesel,Coupe,Karachi
38e61e06-b70c-4b85-ac80-10e1fd36a11c,2011,800,276772,Automatic,Diesel,Hatchback,Lahore
c5947ab3-ecba-4cdb-992f-fb34d0ae48d8,2001,800,284048,Manual,Diesel,SUV,Karachi
6ea1f004-ad8a-4f35-8385-ca777ada428b,2006,800,80859,Automatic,Diesel,SUV,Lahore
2568a75a-70c0-49e1-b33e-b912e2980109,2017,1300,95136,Manual,Hybrid,Sedan,Islamabad
a74822c8-b079-4a8e-a5ef-23184a631d5b,2010,800,167793,Manual,Diesel,Hatchback,Islamabad
3cb6c1bc-b231-4975-a10f-abb0edbd1547,2010,800,27199,Manual,Petrol,SUV,Rawalpindi
67ad83b6-9aec-4103-a9e7-d8b7131465d6,2014,1800,201876,Manual,Diesel,Sedan,Islamabad
3fd69bad-6759-47e2-9815-7c3de5fefb7e,2012,1800,213425,Manual,Diesel,Sedan,Rawalpindi
0c0721ac-c760-4af5-b21c-2897c0af946a,2018,1000,9763,Automatic,Hybrid,Sedan,Karachi
69cf9195-d09c-4ead-b842-dc4be716835f,2022,1800,341600,Manual,Diesel,Coupe,Rawalpindi
45e2af66-611b-46d5-adfc-e69b738ee9dd,2000,2000,262370,Manual,Petrol,Hatchback,Faisalabad
8cbab544-893d-4c56-af74-c6c51a2681ed,2003,1000,281823,Automatic,Hybrid,Coupe,Lahore
d9f371fa-d283-4ac5-a187-de2d915afc89,1998,1500,325441,Automatic,Hybrid,SUV,Lahore
25a4e647-5998-400d-b306-6c6a04c92d65,1999,1500,143289,Automatic,Hybrid,Coupe,Islamabad
f29a66ab-3317-4f72-baf9-f5c283f7f177,2024,2000,111544,Automatic,Petrol,SUV,Faisalabad
c3217d47-f0c4-4977-b5e7-837191c4f4f5,2016,800,157621,Manual,Diesel,Sedan,Karachi
7c4699da-008d-4564-8e48-71a96a619a53,2021,1800,146516,Automatic,Petrol,Hatchback,Islamabad
af013e25-145e-42ef-9de5-974f4eecbd99,2018,1300,237354,Automatic,Petrol,Hatchback,Islamabad
5eb7721b-a18d-4963-9a93-8fcb1d06b12a,2004,1500,314317,Automatic,Petrol,SUV,Lahore
d510f38a-7b8b-46b7-9284-b5ee05dc4e1e,2017,1500,2243,Manual,Hybrid,SUV,Rawalpindi
08ae8a95-cb04-4027-9c28-c3f6d61178c6,2015,2000,256364,Automatic,Hybrid,Sedan,Lahore
aeab39c8-6fab-4e9c-9565-e5782ad28419,2015,800,233400,Manual,Diesel,Coupe,Faisalabad
7b5fec56-1b15-4464-833f-6471105f7aed,2009,1500,92896,Manual,Petrol,Coupe,Islamabad
c44c9651-d4f8-465b-b257-b30b9d3fed0a,2004,1500,4909,Manual,Hybrid,Sedan,Islamabad
d8db90b3-3e73-4b35-9a31-b5ffb0b10667,2019,2000,187601,Manual,Petrol,Hatchback,Karachi
a1d01c46-1dfc-42e2-84b9-089d7339c8f9,2005,1500,190316,Manual,Diesel,Coupe,Faisalabad
4ef619d6-1d77-44f0-9b90-8231db839d47,2004,800,102805,Automatic,Petrol,Hatchback,Faisalabad
f0745bb0-235c-45c5-bf1c-87eaf186978b,2014,1500,89379,Manual,Hybrid,SUV,Lahore
3ceb50a6-359f-4c70-a04d-ff8db88ad753,2016,1000,34104,Manual,Diesel,SUV,Faisalabad
05e4eb83-3007-4cbe-8484-e36a2b0e9bdd,2021,1300,100585,Manual,Hybrid,Hatchback,Faisalabad
ae6148a7-b246-434a-950d-e9e6568f3b51,2012,800,223930,Manual,Diesel,Coupe,Rawalpindi
ddb61134-7c10-4737-bad1-72775b938908,2006,800,271735,Automatic,Diesel,Hatchback,Faisalabad
99a143f6-ce14-4a06-a31d-927ed508caff,2022,800,117727,Manual,Diesel,Coupe,Faisalabad
59f60883-aad5-4a2a-a2ac-f1f2fb4c5f85,2012,1300,2704,Automatic,Petrol,Hatchback,Lahore
8d0362aa-5d30-463d-942a-6d436b590b7d,2016,800,118294,Automatic,Petrol,SUV,Karachi
1d124613-d5c3-4966-8447-ea772e742cfa,2003,1300,162951,Manual,Hybrid,Sedan,Lahore
d7b77df6-987c-4256-affd-10aede55e85d,2013,1500,12595,Automatic,Diesel,SUV,Lahore
93bb14dd-ecc9-425f-a9f1-71b1efdb0f09,2013,1000,178678,Manual,Diesel,SUV,Lahore
0d8f9801-092e-4d36-8667-5b1ef5ee411f,2022,1800,324831,Automatic,Petrol,Coupe,Faisalabad
ac6c291d-7401-40f2-ae6d-e078afae8aa3,2001,800,31817,Manual,Diesel,Hatchback,Lahore
3af8daa2-7548-488f-8a54-fb2e0fa82bd8,2023,1000,32507,Automatic,Petrol,Hatchback,Faisalabad
2fadfdea-e363-4035-85e4-ad52d286dc94,2018,1500,34493,Manual,Hybrid,Sedan,Faisalabad
75e56f67-a333-49f9-8b09-6f8aefbdfde4,1999,1300,199992,Automatic,Petrol,Coupe,Karachi
27107255-ddf7-443e-ac1f-21b516a56dcc,2017,2000,327159,Manual,Diesel,Coupe,Rawalpindi
1008f271-5b93-44b4-90d6-7d696d1d9614,2023,1500,325169,Manual,Diesel,Sedan,Rawalpindi
9964a31b-e9c4-47e4-9607-6cf43ba27249,2014,1300,308183,Manual,Petrol,Sedan,Lahore
2cd63b4a-9a8a-40d4-9b22-012f13b9a0ef,2017,2000,35412,Manual,Hybrid,SUV,Faisalabad
9ef0cf38-424e-4276-bc85-9bae4c92fc83,2006,1300,220728,Automatic,Hybrid,Coupe,Karachi
e56cbc8f-2c30-46bf-bab2-8bb134479463,2005,1000,23105,Manual,Petrol,Hatchback,Faisalabad
957eb712-2455-4617-9066-d59270cb6d0e,2011,1800,341681,Automatic,Diesel,SUV,Karachi
db90f1e8-e8d8-46a7-83d9-a32c146942cb,2013,1300,316318,Automatic,Diesel,Hatchback,Lahore
2f64069f-10fd-4f66-9ef1-96038475a439,2014,1800,344812,Manual,Petrol,SUV,Faisalabad
acc58418-161d-40aa-b4ee-ab1ef8f0893e,2024,1800,28629,Automatic,Diesel,SUV,Karachi
b92af938-f13c-4ee7-a6dd-71169b31bc69,2018,1000,35863,Automatic,Petrol,Coupe,Rawalpindi
889c032c-9218-418a-82de-d755bbe4cc3d,2017,2000,173615,Automatic,Hybrid,Hatchback,Rawalpindi
fbb790e0-549d-49fe-8f03-96624afd23bc,2008,1000,54970,Automatic,Petrol,Coupe,Karachi
a7eaf7e1-d049-47ff-a5c8-cd7fc9da10a9,1998,2000,116929,Manual,Diesel,SUV,Karachi
f97ef7ef-eca8-4568-9f19-2de515cda46e,2013,2000,173809,Automatic,Petrol,Coupe,Karachi
89b25287-e66f-4cc4-8c35-fe26e3f801c4,2024,800,190220,Manual,Petrol,Hatchback,Lahore
9a87595a-18b1-486f-b958-1c1495aea461,2015,800,74659,Automatic,Diesel,SUV,Faisalabad
23f9c3b5-6721-455f-9afd-cc6765125e91,2022,1300,23018,Manual,Petrol,SUV,Islamabad
1a2016fa-198f-4b44-a8d8-2e22ff34ab38,2003,1000,137362,Manual,Diesel,SUV,Karachi
cc3e0632-db80-4f06-82a6-5b5e3502c1f0,2004,800,92315,Automatic,Petrol,Sedan,Karachi
8c30dc2b-c835-4bc4-bfa5-ba50a676d854,2010,2000,58179,Automatic,Petrol,Hatchback,Rawalpindi
39e39581-c798-446c-b1c0-4de4e7aa245f,2005,1300,195218,Manual,Hybrid,Coupe,Lahore
98e02849-9949-4732-a95d-a17fe4f65afd,2001,1000,68574,Manual,Petrol,Coupe,Islamabad
1cc6c24d-1852-458c-b235-912d625cd2ea,2008,1800,225202,Manual,Petrol,SUV,Faisalabad
2318398a-e433-4585-b258-b8814b9831d6,2007,1000,171799,Manual,Petrol,Hatchback,Karachi
8ec918ab-c56e-48f2-aeeb-733f4aa17893,2014,1800,256371,Manual,Hybrid,Sedan,Rawalpindi
9123082b-9a12-4372-b613-318d850c0079,2023,2000,322377,Manual,Petrol,Coupe,Faisalabad
7731773f-4f8d-4cef-9d9f-0f1c1f6538cf,2009,1500,272049,Automatic,Petrol,Hatchback,Islamabad
33627029-c4b7-4b74-984b-adbfe106a9d8,2014,2000,253386,Automatic,Diesel,Hatchback,Faisalabad
f416ea97-4d9d-4ca1-8d47-f83fb9b3082e,2010,2000,306175,Manual,Petrol,SUV,Karachi
cf788a04-fc0b-42c1-84e2-579887ce8c1d,2012,1000,207565,Manual,Diesel,Coupe,Rawalpindi
df025d2b-8df1-42d6-8904-d7cd9cd19853,2016,1000,196139,Automatic,Hybrid,Sedan,Karachi
9696dab2-c2e0-420d-95e4-e67fb0907327,2022,800,154690,Automatic,Hybrid,Hatchback,Karachi
8ad2953c-192d-4a3e-98d3-2876e443bc52,2016,800,243926,Automatic,Diesel,Coupe,Rawalpindi
6eeb693c-c483-46c9-815b-ffd8e2b4ab5a,2011,1500,192682,Automatic,Diesel,Hatchback,Rawalpindi
f7726490-911c-4889-ad07-67134485a05c,1998,1000,231571,Manual,Diesel,Sedan,Islamabad
bc49ed33-4bf4-416d-8a27-9868cb4c7447,2000,1300,263069,Manual,Diesel,SUV,Lahore
cdf5843c-9551-42c5-bc46-a0c625bb6309,2001,800,188867,Manual,Hybrid,SUV,Islamabad
cd29daf9-0219-4ce2-8bb4-644fbf5bf6c2,2004,2000,172617,Automatic,Diesel,Hatchback,Karachi
d97a0d06-2509-433f-91ee-4c2b50f11547,2020,1800,72281,Automatic,Petrol,Hatchback,Islamabad
88d96895-22e5-4f92-9902-591e3dde3fbe,2024,1300,211713,Automatic,Hybrid,Sedan,Rawalpindi
ec5885ed-3319-495c-8226-153c5d1e98a8,2018,1800,78266,Automatic,Petrol,SUV,Karachi
98090a03-63c5-4dd4-a9cb-e595cd8ede5f,2013,1000,270441,Automatic,Hybrid,Coupe,Islamabad
4bca6f18-4d0b-4f44-bb14-7ba047ac2027,2023,800,164141,Manual,Diesel,Coupe,Karachi
0f0972df-56e7-4512-87c4-98adaf0242a9,2012,1500,292786,Manual,Diesel,SUV,Faisalabad
a9e073e8-cb11-4d33-bffa-aa5f73e1c796,2002,1300,5075,Automatic,Hybrid,Hatchback,Islamabad
bf548a5c-f128-4278-8550-5ada0c3ccf22,2005,1500,223199,Automatic,Hybrid,Hatchback,Islamabad
28789b1b-8381-44d4-805e-133bdd45dd36,2016,800,297574,Manual,Petrol,SUV,Islamabad
3a66d04d-868c-439c-b5bc-261902369bfe,2016,2000,316147,Automatic,Diesel,SUV,Rawalpindi
62f3f5c8-3b35-429d-9753-635285e5b6aa,2000,1800,202602,Manual,Diesel,Sedan,Islamabad
af6d25fb-ee0e-42da-b892-1fbe8b2be336,2016,1500,335021,Automatic,Petrol,SUV,Lahore
0a739f87-305a-404a-b20f-035f9f9b66dc,2019,1800,93132,Manual,Hybrid,Coupe,Lahore
19c2c6cf-0b1d-496f-82eb-731fe5917fc3,2003,1000,36433,Automatic,Diesel,SUV,Karachi
1e3bece7-98ea-4b72-8ae5-76441dff7423,2007,2000,274934,Manual,Diesel,Sedan,Islamabad
d060b815-c24d-4fd9-a040-3fd5a2ce8f15,2014,800,90086,Automatic,Diesel,Coupe,Karachi
640e72d0-9780-44de-abb5-cbba4ce68578,2001,1000,281255,Automatic,Diesel,Sedan,Rawalpindi
c17ddf61-4ced-4898-8000-c30e3001aa7f,2004,1000,107833,Automatic,Diesel,Coupe,Karachi
911d3269-61af-4ec8-a588-bd773bcaf4d7,2017,1800,162693,Manual,Hybrid,Coupe,Islamabad
d59679ca-8f6e-4758-abb6-e0693c5334ca,2004,800,74811,Automatic,Petrol,Coupe,Faisalabad
73669d24-94c0-4c29-83b4-d7e80ebedc8f,2023,1000,275700,Automatic,Hybrid,Coupe,Rawalpindi
3708b623-4d19-47d9-aec8-2bc13ba6556c,2012,1800,20491,Manual,Diesel,Coupe,Islamabad
3b2b8860-cbd5-4d5d-9a72-4679b50d4ba5,2020,2000,155948,Automatic,Hybrid,SUV,Rawalpindi
4fe2dac5-8127-4ca5-bbc8-cba37884cdc2,2005,1000,323871,Automatic,Diesel,Coupe,Karachi
1f5011f0-1f93-411f-a5d3-434143340b60,2020,1800,50087,Automatic,Hybrid,Sedan,Karachi
b8d532da-a3f1-4c43-8a06-eea269e2d2da,2003,1300,329296,Automatic,Hybrid,Sedan,Karachi
1d4124b8-9b80-4bb1-8133-8071dfa2052d,2013,1500,289838,Manual,Diesel,Sedan,Lahore
d43ee0a1-e119-41be-a30e-7eb48deb16dd,2014,1300,215008,Automatic,Petrol,Hatchback,Karachi
f125f80b-6aae-4964-ac59-ab57260c127f,2014,800,242308,Manual,Petrol,Coupe,Rawalpindi
1843181e-16ed-4839-b8d0-7dfa1385253e,2008,2000,209370,Manual,Diesel,Sedan,Lahore
8352093c-3113-4390-9dda-8de4b41b8ed2,2006,800,71555,Automatic,Hybrid,Coupe,Rawalpindi
aee5dbae-acad-4f5a-80ca-02a18d07a82b,2012,800,43279,Manual,Hybrid,Coupe,Karachi
e252a5c4-b0b9-4651-b66b-5da575d6ba95,2013,1300,84602,Manual,Petrol,Sedan,Karachi
43e7c77d-acf4-4444-b2a3-1f111050019c,2007,800,280312,Automatic,Petrol,Sedan,Lahore
ecaca4f5-c06c-4a6c-8e87-2b16bc193e9e,2019,1300,80476,Automatic,Diesel,SUV,Karachi
5e937788-b3eb-4cc9-b4aa-022942c8564f,2020,800,279077,Manual,Diesel,Sedan,Faisalabad
fe594fab-01a0-4420-9f79-6ce5c16ad125,2018,2000,346051,Manual,Diesel,Hatchback,Rawalpindi
a8aa8126-eb44-478a-a9db-e05b511a75fc,1999,1800,2446,Manual,Diesel,SUV,Karachi
cb201533-7f91-4432-a55d-4c050a880fff,2009,1000,104850,Manual,Petrol,Coupe,Lahore
c81c4d5a-dd30-4c90-b233-4c688fdc169c,1998,1300,100742,Manual,Petrol,Sedan,Karachi
826047ae-37db-4749-a27a-5777655f0b36,2021,1000,23075,Automatic,Hybrid,Sedan,Islamabad
b4a9bd78-466d-4286-8e56-56ed130db6ef,2008,1800,328616,Manual,Hybrid,SUV,Faisalabad
d30a86fe-6a3f-484f-86fc-553bc990e7a6,2010,1500,63336,Manual,Petrol,Sedan,Islamabad
db96664b-5cef-449c-b8bb-5435c52fd4aa,2008,1000,7861,Automatic,Hybrid,Hatchback,Lahore
c04ba090-f540-4a86-874c-60358662d3cf,2010,1000,240530,Manual,Petrol,Hatchback,Faisalabad
a3f8e360-7a80-4c67-add3-50341f2952a1,2009,800,35300,Manual,Diesel,Hatchback,Faisalabad
9a30ad6f-7947-499b-be03-6c4753c0089c,2013,800,281113,Manual,Diesel,Sedan,Faisalabad
e2ebccb0-7bd5-46bf-85b2-8111682e60c6,2008,2000,203720,Manual,Diesel,SUV,Islamabad
b06827c6-e2e3-40f8-b3f2-d25d4d44d191,2019,1500,35396,Automatic,Petrol,Coupe,Rawalpindi
a7d7f962-d82b-4302-ab73-06acbfb45062,2014,2000,121857,Manual,Petrol,Sedan,Faisalabad
67d84b14-0a32-406b-b6af-17e31ae3cf53,2022,800,161925,Manual,Hybrid,Coupe,Karachi
d83fbd02-23f3-4ab4-995f-a06007c930c6,2017,800,31416,Manual,Diesel,Coupe,Islamabad
a39a1ebc-2397-41ec-9bde-15b702bde002,2004,1000,197000,Manual,Hybrid,Sedan,Karachi
f7ecf0e6-4613-4e39-a1ce-e80ee4bb0dc9,2021,1800,232640,Automatic,Petrol,Hatchback,Islamabad
7896ac37-aa40-4688-8972-0f609d2557bc,2018,800,273087,Automatic,Hybrid,Hatchback,Lahore
ce5f7882-81ac-4c8a-bbeb-3ef19e3218d1,2005,2000,173681,Automatic,Petrol,SUV,Faisalabad
927e132e-18e7-4970-932d-71d2c7d4a469,1999,2000,130200,Manual,Hybrid,Coupe,Faisalabad
e1540c52-16a4-4df0-a780-3a3e3eacb1f1,2008,1000,231924,Manual,Petrol,Coupe,Lahore
fbbe4117-08b0-45c6-8dd8-87fa7ea63031,2004,800,332590,Manual,Petrol,SUV,Lahore
b7f11462-174b-4e4b-8b79-9559ae7da8f8,2003,1800,287753,Manual,Petrol,Sedan,Rawalpindi
cea6cbad-f3f9-4314-8ed8-eb825f621be2,2021,1500,163296,Manual,Hybrid,SUV,Karachi
8f01077f-2883-46be-82cf-e2b7a1ec143d,2011,1000,317640,Manual,Diesel,Hatchback,Faisalabad
436d4328-ccd6-4cc8-b78c-efa2c0658aae,2012,2000,105592,Automatic,Diesel,Sedan,Islamabad
e685bc6f-3653-47a6-b4a2-41606cb2a9e5,2010,1500,87957,Automatic,Diesel,Coupe,Faisalabad
6058c3d9-1d2c-4819-977d-e6c1c81aee7d,2017,2000,227242,Manual,Diesel,Sedan,Rawalpindi
777ef736-ee95-4a89-a8ab-6d81b3afc43e,2011,800,157407,Manual,Hybrid,SUV,Islamabad
bcc5e8ed-9621-45ca-9b60-d52c6a6a54ad,2010,1500,160352,Automatic,Diesel,Coupe,Faisalabad
4895ba9e-78b6-4f95-9005-07896fd4de3c,2017,1500,37717,Automatic,Petrol,Coupe,Karachi
d5e43eda-22e0-40dc-b461-814c7f80f803,2002,1000,2191,Manual,Hybrid,Hatchback,Rawalpindi
8545de0c-c0d6-4be0-bb04-67884125828c,2010,1500,206910,Automatic,Diesel,Coupe,Islamabad
7406a43c-37ca-412d-8076-7ea5ec70abf4,2018,1800,37347,Automatic,Petrol,Sedan,Rawalpindi
3e72eaa1-ea54-4d68-986a-524969b70347,2016,1000,101831,Automatic,Diesel,Hatchback,Faisalabad
0fa334f2-2e8e-4369-906f-d36aa8d5d9c3,2020,1500,332912,Automatic,Hybrid,Sedan,Rawalpindi
d1c65596-ee57-472b-8496-3b4cf2c3afea,2011,2000,129389,Manual,Diesel,Sedan,Islamabad
9a5dd2c4-e278-48ec-b53a-8a053a5f7bf0,2018,2000,14814,Manual,Diesel,Coupe,Karachi
05504181-e7c0-4cf3-95d3-2a175dea5f5a,2006,1000,315699,Manual,Petrol,Sedan,Lahore
055f4053-903d-4e1d-a653-424e31bf1dfa,2018,2000,201508,Automatic,Hybrid,Sedan,Faisalabad
06a39f72-80f6-42ec-b0ce-c58ef2370895,2004,1500,86939,Automatic,Diesel,Hatchback,Faisalabad
dc0587ce-da3e-4be7-a07f-00e362741b90,2015,2000,200691,Automatic,Hybrid,Coupe,Lahore
adb81016-d0c3-4b15-a7ea-d16f8cde19e0,2001,2000,300213,Automatic,Petrol,Hatchback,Karachi
39b117cd-fbd7-4eff-af49-ca00d2673d31,2021,1500,161533,Manual,Petrol,Coupe,Lahore
011840e8-4863-4009-a4e7-1829f71a9189,2001,800,219068,Automatic,Hybrid,Hatchback,Rawalpindi
9a5d20b4-457b-4008-8717-e640ea800198,2003,1000,196425,Manual,Hybrid,SUV,Karachi
8a45af55-3c86-4536-bd9e-188d4881c437,2013,1000,263514,Manual,Diesel,SUV,Karachi
7e85b7a4-aa58-4a3d-8fe5-c8740652628c,2004,800,95802,Manual,Diesel,Coupe,Rawalpindi
86b28695-c1b8-4d5c-a241-51bf8692cab6,2018,1800,57249,Manual,Petrol,Hatchback,Lahore
58f7abb5-c2fa-4b7c-a31b-c0e59c6345fe,2010,800,145103,Manual,Diesel,Sedan,Faisalabad
6614d2f1-9f44-46b1-8cbe-7b53fc47349b,2005,1500,254381,Manual,Petrol,Sedan,Islamabad
f7f0a541-34ff-4687-8d11-b3a7be75760d,2022,800,348820,Manual,Petrol,SUV,Faisalabad
4a48fe1f-67e6-44f0-bd35-ebe4c91ddbfb,2023,800,196957,Automatic,Diesel,Coupe,Islamabad
0f63e77c-2199-4992-ab87-baea282a1ccf,2017,1500,176449,Automatic,Hybrid,Hatchback,Islamabad
1e0206dc-f0df-4eff-b8e0-a2d8f2c460d3,2024,1000,189378,Automatic,Diesel,Sedan,Islamabad
50acf791-aaeb-438c-9fde-656f91e51b85,2008,800,1617,Automatic,Hybrid,Coupe,Karachi
238ac116-ea35-4e4c-a665-0359ebf8a188,1998,1800,64432,Automatic,Hybrid,SUV,Islamabad
f75b45f6-f975-4c88-bd97-f6033c74394c,2012,1800,345440,Automatic,Hybrid,Coupe,Karachi
005471fa-90a9-4601-9757-7e5444f4f32c,1998,2000,168916,Manual,Hybrid,Hatchback,Lahore
2f5fb478-b193-4607-9f5b-63a0f0384887,2023,2000,170668,Automatic,Petrol,Coupe,Rawalpindi
2c89952a-7996-42cf-8fc3-69ff44d8b297,2021,1800,42660,Automatic,Diesel,Coupe,Lahore
a101533e-9e81-4254-8794-e48331d54f37,2021,1500,154068,Manual,Hybrid,SUV,Faisalabad
b54800fa-5041-4d88-82ae-702a79e5e5bf,2016,2000,264574,Manual,Petrol,Coupe,Lahore
5b1e7708-c031-48da-a3a8-daa1f7883997,2007,2000,287701,Automatic,Petrol,Coupe,Lahore
4616a81b-93b1-4831-b784-ab9507bec9a3,2013,2000,283465,Manual,Petrol,SUV,Karachi
b0b312b4-95b5-43bd-b488-1d9fa28a1345,2022,2000,46888,Manual,Diesel,Sedan,Karachi
a685b633-d97e-405e-8ccb-72609246590d,2008,1500,146988,Manual,Hybrid,Hatchback,Rawalpindi
d1968f22-7cf4-4cd7-9ad9-663b0db9bf72,2019,800,348901,Manual,Hybrid,Coupe,Lahore
a9322f9e-c6f0-4c12-a595-004023be12a9,2023,2000,174483,Manual,Hybrid,Sedan,Islamabad
3e4e45dc-6daa-4135-89e0-764928a93771,2010,2000,200094,Automatic,Petrol,SUV,Islamabad
6bbd8320-035e-449c-a0fa-fbddff2065a6,2001,1300,45969,Manual,Petrol,Hatchback,Faisalabad
7cb8413c-e82f-4a72-89af-6d9624736d32,2004,2000,60873,Automatic,Petrol,Hatchback,Rawalpindi
bff586c0-bde5-46ad-a158-cacc908f079b,2016,2000,880,Automatic,Petrol,SUV,Rawalpindi
a0bcd497-7cc3-4ad9-a083-7c91b16c64e9,2011,1300,191377,Manual,Hybrid,SUV,Lahore
f49cb2fc-5513-4169-a726-1bb817143c37,2010,800,282220,Automatic,Diesel,SUV,Islamabad
2fd79324-2f68-470d-926c-e6bae1c1eae7,2024,1000,262056,Automatic,Petrol,Hatchback,Karachi
4a64c5a7-4adb-4c0e-8eac-9ab0c4b0ea3c,2021,2000,18006,Automatic,Diesel,Sedan,Islamabad
ebadd602-87ad-40c8-b066-5be9f80473a1,2020,1800,250757,Manual,Diesel,Hatchback,Rawalpindi
e3fca15e-fb46-45fc-8e1b-9f3e7b300aff,1999,1300,80059,Manual,Hybrid,SUV,Lahore
8d7a78a9-d18d-4cec-ba84-8707fb793bc5,2022,1000,255592,Automatic,Diesel,SUV,Lahore
7ca89e45-da08-45d4-ae3c-1ed96d79e47c,2015,1500,176900,Automatic,Hybrid,Coupe,Islamabad
1df12d1f-19f4-4061-ab2f-b86e7c98bd87,2022,1500,205029,Manual,Hybrid,Hatchback,Islamabad
abed94ac-1c7d-4bba-9fcb-2dbf4ef525e3,2020,1000,287315,Automatic,Petrol,SUV,Islamabad
9687b3ba-7b09-4aa8-9117-1c55e492c99e,2022,1800,28376,Automatic,Diesel,SUV,Faisalabad
0b19664c-23fb-4edf-96d0-b8b5a78ffc5a,2002,1500,252938,Automatic,Petrol,SUV,Karachi
fb90f374-385f-4e4a-84d8-e339f8bba346,2023,2000,102579,Manual,Diesel,Sedan,Karachi
ab386194-bf0c-4f88-8a3a-1ebf8e8ae049,2010,1500,88197,Manual,Petrol,Hatchback,Rawalpindi
21701edd-0f37-42a4-93e1-eb7b7777c310,2003,800,61523,Automatic,Hybrid,Coupe,Karachi
f57ae40c-833c-4014-aa0c-78529317b876,2018,2000,211809,Manual,Petrol,Sedan,Karachi
483e7544-c1f1-4624-a42e-1746b27a6475,2010,1500,158696,Manual,Hybrid,Coupe,Lahore
bb29bb9f-0595-458c-a8f3-887bf94e8cba,2022,1500,340950,Automatic,Diesel,Coupe,Islamabad
d78a9995-cce2-46e2-8f0e-fe18662337c6,1998,800,61146,Manual,Petrol,Coupe,Faisalabad
48069d9f-1313-42e5-af49-71c6f3fda821,2005,800,307678,Automatic,Diesel,Sedan,Faisalabad
ba916965-4c66-4ae6-960e-1b19ac17f0d5,2003,1500,253855,Automatic,Diesel,SUV,Lahore
dc3a486c-4a94-41b1-b96c-74e3f24b57e2,2008,800,281810,Manual,Diesel,Sedan,Rawalpindi
9df25e8f-b555-46e8-bf58-d7e4cad1acbc,2015,1800,277918,Automatic,Petrol,Sedan,Karachi
b1bacacf-6545-42dd-9ca7-48e99d6ba1d8,2019,800,94720,Manual,Petrol,Coupe,Islamabad
1bd029ab-5329-4381-9ce7-da51773e752a,2001,800,67536,Manual,Hybrid,SUV,Lahore
5a56f623-9f33-4178-bdb3-9eb3bd8ebca8,2015,1300,18352,Manual,Petrol,Hatchback,Islamabad
de2dfc8b-83aa-4285-93b8-a6cf258a27ac,2015,1000,221800,Manual,Petrol,Hatchback,Lahore
de87ee65-099c-4151-9cd5-c653205e8679,2014,1300,345588,Automatic,Petrol,Coupe,Islamabad
77726441-c0da-4f7f-ab1e-8d582639f72c,2014,1300,317808,Manual,Hybrid,Sedan,Lahore
68eaf26d-5f54-4b92-8bc1-a4442ddcc30e,2005,800,98604,Manual,Diesel,SUV,Karachi
ad4f254f-4212-4a0e-9ee9-e53aeb652768,2017,1800,113267,Automatic,Diesel,SUV,Faisalabad
06f78649-a5cc-430d-a1eb-ee30e3e5e699,2011,800,288279,Automatic,Diesel,Coupe,Karachi
72cfc184-3c4e-46dd-824c-f2f3c38cfedd,2010,1500,43649,Automatic,Hybrid,Coupe,Karachi
a58cecb0-603a-4d24-9268-c51db66f2309,2015,1000,36992,Automatic,Hybrid,SUV,Islamabad
46097aa1-7828-4ea4-9433-3d6d94eabd96,2016,2000,339618,Manual,Diesel,SUV,Islamabad
6424de90-9863-42b1-8d72-639f6937dec9,2023,1500,198674,Manual,Hybrid,SUV,Lahore
74a1cad1-8838-4a2b-86d1-664f96b5d44d,2006,800,278643,Manual,Hybrid,Coupe,Lahore
3b5c6269-aec9-4524-bc15-b768edc54eef,2008,2000,46648,Automatic,Diesel,Hatchback,Karachi
e822acbd-a7e1-41f7-89ca-20106e9d50dc,2023,1000,143469,Manual,Petrol,Coupe,Karachi
fd68e61b-0b2c-45f7-b817-92a5ecd00fc4,2010,800,64751,Manual,Hybrid,Hatchback,Faisalabad
db05bc62-e182-4c94-80d7-4bf117e44898,2024,1500,50090,Automatic,Hybrid,Hatchback,Faisalabad
8aaa85e7-5752-4e60-b61e-094421aaf3da,2006,1800,51939,Manual,Petrol,Hatchback,Rawalpindi
e4de9b7e-c7a8-4051-91ad-5c98915e6776,2003,1300,278754,Automatic,Diesel,SUV,Islamabad
68b66ef8-a188-4c29-8c60-0eaad5b5106c,1998,2000,269256,Manual,Hybrid,SUV,Karachi
186d0b62-ac07-4df0-98bf-6334a85f9c3f,2010,1800,140178,Manual,Hybrid,Hatchback,Karachi
30c49906-5012-4c3b-b60d-738f207ba030,2019,1800,219280,Automatic,Petrol,Coupe,Islamabad
ec075a03-da38-4489-a794-6386ebe2555d,2023,1500,263312,Automatic,Diesel,Coupe,Faisalabad
9c4f114b-8b3d-4b0b-9273-23ba9e8a38e5,2020,1000,160006,Manual,Diesel,Coupe,Islamabad
f136eb41-2bba-478d-888c-d9fbdfeb2686,2000,2000,41667,Manual,Hybrid,SUV,Lahore
b99cfd97-68a0-4e69-af3f-0371c4df644b,2003,1800,30100,Manual,Hybrid,Hatchback,Faisalabad
71ccad77-7af7-4d24-bb86-b3df36d0f6ea,2013,800,222289,Manual,Diesel,Coupe,Faisalabad
f55d6b50-a1e6-403d-ac08-a671794dd201,2019,2000,279135,Manual,Diesel,Sedan,Faisalabad
661f3f4a-ecb7-4a79-8f97-3c5df8fca20b,2004,2000,3822,Automatic,Hybrid,Hatchback,Karachi
45061181-628d-4e73-842f-282efd958af9,2021,2000,276882,Manual,Hybrid,Coupe,Karachi
18b876d2-2ef2-4c4e-ba5c-d762942d5579,2019,1800,118000,Manual,Petrol,Hatchback,Karachi
19c69688-28b5-41de-abbd-0823f39036c7,2014,1300,26689,Automatic,Diesel,Coupe,Karachi
d5f842cd-b260-448b-9764-dcbd5db94860,2009,800,177187,Manual,Hybrid,Sedan,Islamabad
cea31b93-350e-47b9-9996-16626c95bdcc,2007,1500,153902,Automatic,Petrol,Sedan,Faisalabad
976445fc-9faf-499a-8064-bf16463b6979,2010,1000,159813,Manual,Diesel,Coupe,Lahore
9aed438a-f6cf-43f7-bc66-1f1804eca718,2009,800,322715,Automatic,Diesel,Hatchback,Islamabad
614ab236-1abb-4299-b835-57ad050d2905,2001,800,183354,Manual,Diesel,Hatchback,Lahore
c26ef63d-29d8-4027-9194-61f41cd2396f,2001,1500,257973,Manual,Petrol,SUV,Rawalpindi
5578404d-5873-4c52-bce3-e242f46743ab,2001,1500,3623,Manual,Hybrid,Hatchback,Karachi
57cdcfa7-729d-476f-9326-2d4a30b794f4,2013,1500,196245,Automatic,Diesel,Coupe,Karachi
171d848f-e79c-4b41-a529-8c6288930fd7,2015,1300,56987,Automatic,Hybrid,Coupe,Karachi
d1335ac1-fcd8-42c0-9bfb-757378f2c77c,2002,1300,227520,Manual,Diesel,SUV,Lahore
5a095a43-7ce3-4850-8f8c-f94c192436e0,2004,1300,21105,Manual,Diesel,Coupe,Islamabad
955d9935-21da-453e-930a-e8c3fd2d0376,1999,1000,349283,Manual,Diesel,Hatchback,Lahore
af93dc00-8ee5-4230-b7ce-2e1132d723d6,2011,1500,288423,Automatic,Hybrid,SUV,Islamabad
4016d4fe-58c9-4d28-ac6b-b5432ce897ab,2022,1500,263118,Automatic,Petrol,Sedan,Lahore
29f28495-0c05-4d37-b346-e2d51f050f10,2023,800,66125,Manual,Diesel,Sedan,Karachi
9ea6ce99-cfb7-42b0-a183-ccd6733fb329,1999,2000,179380,Automatic,Hybrid,Sedan,Rawalpindi
3272c2bc-d231-4bb3-8c58-156f98371fea,2013,1300,147966,Automatic,Petrol,Coupe,Karachi
a27ae50a-26e3-4c89-890a-3f37dd05fe58,2017,1000,268036,Manual,Petrol,Hatchback,Lahore
f1539306-9a9c-4082-97b2-870fe19fadd3,2006,2000,129684,Automatic,Petrol,Coupe,Lahore
9b76b820-3502-4004-b4fa-cda1a23f56cb,2020,2000,263367,Manual,Petrol,SUV,Karachi
b98d9b7f-a308-4f86-9a47-5ab8dcc6a6a9,2001,1000,210387,Manual,Diesel,SUV,Karachi
140494a2-9889-49a2-b729-cd6fe27768bb,2011,800,323206,Manual,Petrol,Sedan,Rawalpindi
0ca3c926-fafa-4b0b-9a2b-e0a7cdf846ca,2011,1800,160665,Manual,Petrol,Hatchback,Rawalpindi
fd9cca2a-657f-42ad-8908-652bcf3d3792,2013,800,267315,Automatic,Hybrid,Sedan,Islamabad
241f10be-bcc5-4125-9c06-60a2f5bfa5aa,2001,1300,190618,Automatic,Diesel,Coupe,Karachi
b7631667-9109-46ac-9c57-281cc1a95963,2008,800,95290,Manual,Petrol,Sedan,Islamabad
7d6fac61-47cb-4dd2-8dba-9bf2488fc078,2004,1300,247494,Automatic,Hybrid,Sedan,Rawalpindi
62da1829-0e20-4097-b86c-2cfe48dbee93,2003,1300,257575,Automatic,Diesel,Hatchback,Lahore
db9e9430-0f80-4d34-9cdc-67120f6b620a,2001,2000,7162,Manual,Diesel,Hatchback,Islamabad
4c08be94-cbbd-4f3b-abad-5a4e8b8530e7,2021,1800,277276,Automatic,Petrol,Hatchback,Karachi
32b57964-c7f5-4d7d-9e55-3fa39ed68692,2016,1500,45734,Manual,Petrol,Sedan,Lahore
78b7d6d9-14d2-490e-8ab4-e3de07d767f4,2016,2000,99842,Manual,Hybrid,Coupe,Lahore
9b7fb5e2-6fca-43c3-b29f-fe2fa2bd1c81,2000,1800,324539,Automatic,Diesel,Coupe,Karachi
aac27e36-e898-4680-8aa7-029258ff2286,2015,2000,80568,Manual,Petrol,SUV,Rawalpindi
0a3bd4dc-82b1-418d-9931-0d4c418382bb,2015,2000,132396,Automatic,Diesel,Coupe,Lahore
78eed4c7-8108-4e79-b2e7-522d253f6e0e,2011,800,253137,Automatic,Hybrid,Sedan,Karachi
11ed0159-e089-40f5-8287-3ddd5de4b7d0,2017,1300,67598,Automatic,Petrol,Sedan,Karachi
bfbceb9a-6d1c-424e-984b-01fe5f16a435,2021,1500,259536,Manual,Petrol,Coupe,Faisalabad
8b71ae3d-c573-4fae-b7b4-13c23129da3b,2010,1800,204601,Automatic,Hybrid,Hatchback,Karachi
3ff16aef-b476-49af-b555-99cc60307b6f,2003,800,83887,Manual,Hybrid,Sedan,Faisalabad
0da5eab8-3cb2-4609-802e-d4b3fb78fcc5,2012,1800,275289,Automatic,Diesel,SUV,Islamabad
129faf1b-aa3c-4fea-81e5-bef616072294,2020,1300,289486,Manual,Petrol,SUV,Lahore
40fb41d2-98fc-4ce8-b7eb-336c3de6a94d,2015,1000,153009,Manual,Hybrid,SUV,Islamabad
40b05530-12ac-4125-90e8-8e8e6cf91bfd,2002,1300,27011,Manual,Petrol,Sedan,Lahore
3533675f-7e50-47d7-8e45-1b910b8f8224,2018,1300,331708,Automatic,Diesel,Sedan,Faisalabad
ea983c2d-8866-4a0f-b3c3-c30d7682502e,2006,2000,70050,Automatic,Hybrid,Hatchback,Islamabad
6c57ac0c-8c6a-4a2b-b099-f4428e5c728a,1999,2000,5456,Automatic,Petrol,Hatchback,Karachi
233c51a3-9f2d-4a18-bd34-b6f5257980d2,2006,800,281746,Manual,Hybrid,Coupe,Islamabad
3e1a1ab9-082c-4498-b365-b754048a3b69,2018,2000,316849,Manual,Diesel,SUV,Islamabad
7dba7a96-0a0e-48b7-842e-6dbbed0527bd,2006,1000,304959,Automatic,Petrol,Coupe,Karachi
fc9dfa4c-1947-4d7b-8ea7-7e88b845f5f9,2021,2000,227490,Automatic,Petrol,Coupe,Lahore
ad334c48-092e-4a86-b69d-eaea0a2e6e63,2013,1000,240852,Manual,Petrol,SUV,Faisalabad
ce41d94a-96c7-4f8b-9f80-b473060afed2,2013,2000,94585,Automatic,Petrol,Hatchback,Karachi
7d5916bd-64b7-46eb-9833-8dedb296814e,2003,1500,318673,Manual,Petrol,SUV,Lahore
a0856456-425f-4e0c-8033-d5ea76b3d59d,2011,1000,238563,Automatic,Petrol,SUV,Lahore
6505ebd9-fed8-4f6a-b60a-a923e212227e,2017,800,198115,Automatic,Petrol,Sedan,Lahore
e0539a27-97ab-48b4-b9e9-8c2a444be6a3,2022,2000,22932,Manual,Petrol,Sedan,Islamabad
b345f725-4e2a-4b9e-a6ec-8704283df812,2002,2000,314382,Manual,Petrol,Sedan,Faisalabad
b82b72f4-3d66-47f1-b95a-fb00e928a970,2021,1300,44546,Manual,Petrol,Coupe,Faisalabad
cf7c4b74-ad52-46a4-82f8-63066da07e21,2012,1000,161158,Automatic,Diesel,SUV,Karachi
da47f37d-5a92-436c-8967-34a73ae5065d,1999,1800,140224,Manual,Petrol,Sedan,Lahore
94866dea-cd44-489f-8f77-392bee42c446,2015,1300,53774,Automatic,Petrol,Sedan,Karachi
a4c32f98-96c4-4936-8d2c-063b8f1088b4,1998,1000,223941,Automatic,Petrol,Hatchback,Islamabad
466f0a2d-a4ec-4d02-8ae1-172b914fa976,2005,2000,201716,Manual,Diesel,SUV,Lahore
bbfb3a40-0937-4f5a-a398-e04c2fc7c389,2005,800,147751,Automatic,Petrol,Hatchback,Lahore
7fc94ffb-bb0c-4322-89b9-728d587a201d,2009,800,22726,Manual,Petrol,Coupe,Faisalabad
5d5617be-fafe-4a71-8c80-908e0be599e3,2008,1800,95087,Automatic,Petrol,Hatchback,Faisalabad
4f02ae11-180d-49bb-a184-2d66335032ea,2024,1300,182654,Manual,Diesel,Coupe,Islamabad
ebfd7833-246b-462f-8081-7e00f3f631ca,2006,2000,40039,Manual,Petrol,SUV,Islamabad
438c7373-3339-4a19-b329-850ec426d62a,2002,1500,234197,Automatic,Petrol,Sedan,Faisalabad
76c8a175-cd0e-475a-85db-6fc67083c226,2011,2000,146001,Manual,Petrol,Hatchback,Karachi
ccc0a60d-f20f-4b12-9bb0-5c19148cfc90,2003,1500,184868,Automatic,Diesel,Coupe,Rawalpindi
d5eba7f5-6101-4c65-8134-fd54f80af069,2020,1500,315486,Automatic,Petrol,SUV,Rawalpindi
b19d7449-8d42-411c-ad65-e3276673eb23,2011,1800,260624,Automatic,Hybrid,SUV,Rawalpindi
9988313e-264a-43da-9802-782ee87ed6bf,2000,1800,221166,Manual,Hybrid,Sedan,Karachi
c6409bda-f12b-4663-9097-3c197b10edd5,2009,800,106577,Manual,Diesel,Coupe,Karachi
c1cc2628-4bd6-4437-81ac-59c8808c53bc,2001,800,183158,Automatic,Petrol,Hatchback,Rawalpindi
7ef81aba-2745-47db-8831-f9593535ff9e,2002,1800,220765,Manual,Petrol,SUV,Lahore
6e8bd5cb-c77f-43ed-bd9b-d8ec1a024a2a,2021,1000,61465,Manual,Diesel,Sedan,Rawalpindi
1b00a2f0-73e5-4f58-a3ac-133a4f329909,2009,800,55579,Manual,Diesel,SUV,Lahore
6b4783dd-e190-47b1-aa36-dbf3c0798341,2002,1300,74070,Manual,Petrol,Sedan,Lahore
25da81b7-6d69-4cb7-ac04-689b1ace6fc2,2016,1500,78494,Manual,Diesel,SUV,Faisalabad
bf35a598-a20f-42ae-92c4-25ed47fd84af,2020,1300,246512,Automatic,Hybrid,Hatchback,Rawalpindi
8bf110dd-a9a7-4dcf-8e9e-c23de3166f75,2023,2000,6925,Automatic,Petrol,SUV,Lahore
4df39887-54ca-4eb5-b511-e74f1a9cc291,2018,800,316760,Manual,Hybrid,SUV,Lahore
82c31072-0e81-44cb-a653-73c3f61fb9f6,2010,1500,238182,Automatic,Hybrid,Hatchback,Karachi
2fca3341-01b3-4ed6-b5eb-27eca5b7bfcc,2011,1000,142515,Manual,Hybrid,Coupe,Karachi
03bced78-1285-40b4-a31e-98e0e774224a,2021,1000,209926,Manual,Petrol,Coupe,Karachi
6b8440a9-046a-4420-8711-bbd51f3d0c2b,2024,2000,293231,Manual,Hybrid,Coupe,Rawalpindi
4df50a37-2df9-4647-86b3-c1bb202ffdd5,2008,2000,336535,Automatic,Diesel,SUV,Lahore
fb7816c1-79dc-4bfb-93bc-3f3846292284,2023,1300,339029,Automatic,Petrol,Hatchback,Lahore
b72d8318-2bf9-45d9-8c40-5957cdd0c50d,2001,800,190160,Automatic,Petrol,SUV,Islamabad
3858cb37-622b-4bb2-8d97-dfe619e07abf,2003,1800,55818,Manual,Petrol,Sedan,Islamabad
1912cad5-dea1-4560-ad6b-6e095a9b74e5,2004,1800,105762,Manual,Petrol,Hatchback,Lahore
33c94761-6633-4945-a146-65488faaaa57,2016,1800,23527,Automatic,Petrol,Sedan,Islamabad
09e5e6d4-22d9-4548-b38c-699257dea1cc,2000,1300,4445,Automatic,Diesel,Coupe,Faisalabad
788d2bce-273d-440a-a688-f79376efccea,2004,1300,204808,Automatic,Petrol,Sedan,Islamabad
7f0a0938-7acb-43a6-be71-4903c346ea77,2011,2000,264020,Manual,Hybrid,SUV,Lahore
a9a73c13-d5db-4131-a05a-0fc04c8770d8,2016,1500,250060,Manual,Diesel,SUV,Karachi
4ba11d0a-3011-41d5-a880-19f33617226c,2019,1500,41289,Manual,Hybrid,SUV,Karachi
0c670925-6bca-4035-b617-aef3bc6aa978,2023,2000,342999,Manual,Hybrid,SUV,Faisalabad
8e26c875-37ec-44e9-8c8e-876b03ae89ad,2014,2000,319154,Automatic,Diesel,SUV,Islamabad
0dd13aac-175a-43dc-b889-054214ca051f,2007,1300,326878,Automatic,Petrol,Coupe,Karachi
bb3c8986-90de-454a-903b-99504589e828,2004,1800,318178,Manual,Petrol,Coupe,Lahore
957b8451-1e78-4a35-b20b-d9ac511072a2,2023,800,74775,Automatic,Hybrid,Sedan,Rawalpindi
3a533d0d-3501-457d-a789-433289cdbc74,2001,1500,164478,Manual,Diesel,SUV,Lahore
ef82edcc-0faa-477f-9042-864fad9f97dd,2006,1800,190488,Automatic,Petrol,Sedan,Karachi
fc7add6a-d55e-4478-a566-f7a4b7fd44a5,2020,1500,135236,Automatic,Diesel,Coupe,Karachi
f0a39b78-c16f-42a7-b7e3-67baa5a95255,2001,1800,255988,Manual,Diesel,Hatchback,Rawalpindi
d3dc33cc-3797-4553-bcb8-41121db43c2d,2011,1800,67624,Automatic,Diesel,Hatchback,Islamabad
69e6cccb-c5e5-4618-b9c4-bd3cee4aa661,2000,2000,216632,Automatic,Diesel,Sedan,Faisalabad
89bcfdb1-4f0f-4463-b3cb-4c679eaf9974,2018,800,128354,Manual,Petrol,Sedan,Islamabad
12cb4c42-a288-42ec-8420-e834f83e9a8d,2010,1000,298914,Automatic,Petrol,SUV,Rawalpindi
7bba67f8-a1ba-4ab3-b714-b529ebf6d568,2012,2000,49022,Automatic,Diesel,Coupe,Faisalabad
28a8fca9-ed9c-4707-b74f-50747c06d259,2024,1500,57209,Manual,Petrol,Sedan,Rawalpindi
2c563d0c-ff7d-40ac-8bf8-2b0f27c0176d,2022,1500,104580,Automatic,Diesel,Sedan,Islamabad
ba0d8f6c-ad0a-4e54-9dbf-8acf14884cb3,2008,1800,254958,Manual,Hybrid,Coupe,Lahore
07a59222-c8d8-4636-af77-b0416d2f03c3,2006,1500,20070,Manual,Diesel,SUV,Karachi
dab693b2-f2e9-44d9-bcbe-b81634ebe221,2008,1800,16422,Automatic,Petrol,Hatchback,Rawalpindi
ed9fba0c-c204-41d6-b538-07994a0ad8f7,2013,1000,28352,Manual,Petrol,Coupe,Islamabad
99b290fc-4e47-4aad-8ede-c4958ec0847e,2006,2000,92330,Manual,Petrol,Sedan,Islamabad
364b8a1a-f0f7-4264-a3af-37aa25148551,2010,800,156414,Automatic,Diesel,SUV,Islamabad
cf99ab3c-bf41-42ec-bc1b-07b440bc836f,2003,800,48465,Automatic,Diesel,Hatchback,Karachi
63f0b899-3855-4c76-bd63-296f516dad05,2004,1300,219729,Automatic,Diesel,SUV,Rawalpindi
6cb1aae6-e8df-4013-9baa-e67717f2dc18,2009,2000,299010,Automatic,Petrol,SUV,Lahore
970d585a-593d-4166-9861-f30765880218,2021,2000,303295,Manual,Diesel,Hatchback,Lahore
94393261-15b4-4d63-be84-e1d4a932b799,2002,1500,77325,Automatic,Diesel,Sedan,Rawalpindi
843a2d93-2191-43b7-a34b-e6594a18c75b,2006,1800,1927,Automatic,Petrol,Coupe,Faisalabad
aa7daa69-9c01-4deb-8154-a62615070948,2001,800,114621,Manual,Diesel,SUV,Faisalabad
8eca6af7-793c-4109-a981-be6f5db1d649,2010,1000,182497,Manual,Petrol,Sedan,Islamabad
db8eaa8c-2ab9-4fdd-be92-4dd739ccfbe0,2024,1300,8488,Automatic,Diesel,Sedan,Rawalpindi
2bb7a320-5fb7-46a9-90ad-57841c2fa13f,2018,1500,217083,Automatic,Diesel,Hatchback,Faisalabad
3f607650-439c-4de1-8edc-b8c1b492d5c3,2011,1800,176069,Manual,Petrol,Coupe,Rawalpindi
d18b811f-6dc4-4472-b78a-aba9aaed4804,2009,1000,289802,Manual,Hybrid,Coupe,Rawalpindi
ad8ff89c-47b8-4fb7-bf1a-19ab474f0bd7,2007,2000,229372,Automatic,Hybrid,Sedan,Lahore
5f82f97e-584e-4868-8cd8-ffc2f4c0e9e0,2023,800,46996,Manual,Hybrid,Coupe,Lahore
072fd919-c933-4a9a-aa19-022e2b881106,2013,2000,327064,Manual,Hybrid,Coupe,Faisalabad
d34bf981-c74f-4ba5-a59c-4fa9d7b989d7,2016,800,151993,Automatic,Petrol,SUV,Rawalpindi
d427ff2e-7f36-416d-a9fe-bb4c92d2e464,2015,1500,60031,Manual,Diesel,Sedan,Islamabad
85e8423c-75d5-47d7-bfc3-333869801fad,2023,1500,216496,Automatic,Petrol,Hatchback,Karachi
61e65aac-1f5b-4525-b2d9-7d4c85fe403b,2014,1300,140304,Automatic,Diesel,Coupe,Karachi
80d573b2-1563-4b81-b079-69003e8a04cf,1998,1500,17130,Manual,Petrol,SUV,Islamabad
52b9b562-5a65-4483-af92-ffe6682ccf22,2024,1800,314544,Automatic,Diesel,SUV,Faisalabad
2d6c8af9-bcdd-4baa-80c3-0dda744791b5,2011,1000,291367,Automatic,Petrol,Coupe,Lahore
1aef8a65-2d01-4403-82c4-5254b585c24b,2023,1800,224973,Manual,Hybrid,Coupe,Karachi
c53eb584-447f-4788-b906-0141bb490fef,2010,1300,271202,Manual,Diesel,SUV,Lahore
3d97a037-0da4-45e4-81d5-f958719609bb,2020,1000,264375,Manual,Hybrid,Coupe,Islamabad
8eef79b8-f4f0-47af-bb8d-f0782e7411ea,2024,1800,83389,Automatic,Petrol,Sedan,Lahore
4cb04e90-6eb1-4afc-8fff-f7b5da080a1a,1998,1500,6049,Manual,Petrol,Sedan,Faisalabad
74818876-9a06-47bc-8041-f6d6e0d1a849,2010,800,68444,Automatic,Hybrid,Hatchback,Karachi
64f857c5-63f5-4574-b7c3-2406788bdfe5,2005,2000,116263,Automatic,Petrol,SUV,Rawalpindi
64cdb767-c60e-48d9-9647-a58ca087910e,2022,1300,345640,Manual,Diesel,Sedan,Karachi
2b31ecf7-74b5-4f98-9ef6-d39f84003a73,2018,800,334698,Manual,Petrol,Coupe,Faisalabad
00d62c46-2eda-4f01-a708-77f0af81bf42,2001,800,74362,Automatic,Diesel,SUV,Lahore
f333b27a-b894-4134-ac89-8449dd0efd37,2000,1500,189476,Manual,Diesel,Sedan,Rawalpindi
f7112da5-2d31-4e3f-a324-c5b261c5bf20,2023,800,216921,Manual,Diesel,Sedan,Karachi
7f70df28-79d0-47d2-9e05-4c0193caa1e2,2019,1500,196741,Automatic,Hybrid,Coupe,Karachi
38c49d9e-5011-4a28-bb25-ff24c155f162,2003,1300,5316,Manual,Hybrid,Sedan,Lahore
d9176bf5-7bff-4e09-af6f-a986b2dc50b2,2008,1300,253708,Manual,Petrol,Hatchback,Lahore
58ba589d-9308-4e88-b344-f32b4d04ebdb,2004,1800,15495,Manual,Hybrid,SUV,Karachi
37cae60d-e4fa-4c6c-b4af-2a78df3f89ab,2009,800,113748,Manual,Diesel,SUV,Karachi
6f91c525-eaa8-48eb-b67c-d07fed65e784,2000,2000,66364,Automatic,Diesel,Coupe,Karachi
b12f7477-0721-42f0-b25d-f0c47794f056,2000,1300,289143,Automatic,Diesel,Coupe,Rawalpindi
cc3b0582-9fda-4f19-bd36-b35b15cee035,2014,1500,101216,Automatic,Petrol,SUV,Islamabad
5e1fa3e9-4ace-4e9d-a602-295689010f0c,2010,800,305999,Automatic,Petrol,SUV,Rawalpindi
481463fc-2269-4adb-b22f-5e8537c584d6,2011,1500,222160,Automatic,Diesel,Sedan,Faisalabad
b55c97ac-ea1f-4578-975b-75f259a8f622,2010,1500,104711,Automatic,Diesel,Sedan,Rawalpindi
1e1321a0-c092-4a3e-bb85-0b3cc73856e5,2003,800,268098,Automatic,Hybrid,Coupe,Islamabad
b4df8259-510b-4eb2-ab37-2ee3843d9838,2017,2000,278133,Automatic,Diesel,Sedan,Lahore
2bcdbf23-7991-4ac0-9f3b-3a17ae886d76,2003,1300,225122,Manual,Diesel,SUV,Lahore
72398f5c-9c2f-4eda-ac52-40b555de72a9,2004,2000,194857,Automatic,Petrol,Hatchback,Lahore
cdddff06-89b6-49b4-a1f1-5af77e2f520d,1998,1300,5715,Automatic,Petrol,Coupe,Faisalabad
d57a58d0-d6c2-4f71-b34f-a20ddac64899,2023,1300,121974,Manual,Diesel,Hatchback,Faisalabad
064a2452-8e89-4c4c-84ae-57457cdbd4c5,2004,1800,114013,Manual,Hybrid,Hatchback,Faisalabad
4947b7ae-832b-419b-9f03-b8460843630e,2023,2000,39229,Automatic,Hybrid,Coupe,Islamabad
36ab8678-9f3c-4da8-b81f-8ff6e43cc6fc,2024,1300,103887,Manual,Petrol,Coupe,Rawalpindi
dcf1878b-6333-42f5-9a3d-59407770d5bd,1999,1300,220849,Manual,Petrol,Coupe,Karachi
73cdaf7b-2aa9-4162-97e9-c1b0032c191f,2017,1300,309943,Automatic,Petrol,Sedan,Islamabad
12d86b56-3e9a-40cd-b16d-2a59455b7f25,1998,2000,301863,Manual,Diesel,Hatchback,Karachi
b1589b26-5291-4df9-a227-e5d30c18b81f,2024,1500,19402,Manual,Diesel,Sedan,Lahore
2b0d4afb-8402-48be-8619-c36a73ce7520,2013,800,217620,Automatic,Diesel,Hatchback,Islamabad
af998160-7261-4e19-af35-a5668761d69a,2010,800,291740,Automatic,Diesel,Sedan,Rawalpindi
0a26ae37-e0a2-4087-a43a-8b434292672d,2007,2000,238331,Automatic,Hybrid,Sedan,Islamabad
bc29381e-d847-44d8-aab7-0c2c3b1f68dd,2017,800,15355,Manual,Petrol,Sedan,Karachi
1ae189bf-a513-4979-a5e2-60dd6791be20,2001,1300,228423,Manual,Petrol,Sedan,Karachi
ec2ed167-8522-4426-867b-88c76c3ef53b,2021,1300,281835,Manual,Hybrid,Sedan,Islamabad
c48ac831-dc5e-42c1-861e-65c17b1299f5,2023,800,58092,Manual,Diesel,Sedan,Islamabad
8bda11e5-0856-4edc-8428-11c02627d4d6,2008,2000,321257,Automatic,Diesel,SUV,Karachi
2ca36651-232c-4cad-a5eb-53ce82a41dfd,2016,1500,62862,Manual,Diesel,SUV,Faisalabad
624655ed-fe3a-4973-b5b5-35a9ce0e5d78,2011,2000,234241,Manual,Hybrid,SUV,Faisalabad
03d76a41-ce63-4e51-b427-a3e59b3762d2,2013,2000,256955,Automatic,Diesel,Coupe,Karachi
569b8a7a-0bd4-4087-978c-977ae9e905d1,2000,1300,155312,Manual,Diesel,SUV,Karachi
3e1c2471-d0fe-48c3-aa5c-4eae6a11da26,2020,800,39397,Automatic,Petrol,SUV,Lahore
49cffa09-86e2-428d-900c-8d1e41a78b68,2019,1000,245445,Automatic,Petrol,Coupe,Lahore
58d8068a-3f91-4068-b915-e70dc1660099,2008,1000,309604,Automatic,Diesel,Coupe,Karachi
b48644c0-df81-4ce6-aff1-cf04360f16de,2014,800,68189,Manual,Diesel,Coupe,Rawalpindi
86049b97-e28c-4f47-a651-f08910bb8736,2017,1800,106441,Automatic,Petrol,Sedan,Islamabad
e18cc904-71a9-4454-829c-1ccba952b405,2011,1000,161033,Manual,Petrol,Coupe,Lahore
e8fa17ef-900e-4aa6-81ea-36e46ed63427,2021,800,126124,Manual,Diesel,SUV,Islamabad
68ab2f0d-7daa-44a7-a2a6-d668405067a9,1998,1500,347018,Automatic,Diesel,Hatchback,Lahore
2288d1a2-1e4f-4d07-8df8-c43b7d04838e,2015,800,185821,Automatic,Petrol,SUV,Rawalpindi
2ac3bc75-75b4-4915-b115-b5505391fb99,2014,1500,266299,Automatic,Petrol,Coupe,Islamabad
4039bfbd-88d1-4585-8646-7e270c88df34,2009,800,25760,Automatic,Hybrid,Coupe,Karachi
6f799e97-facc-47c1-b7ab-4f327758fea2,2007,1000,211126,Manual,Hybrid,Hatchback,Faisalabad
873b2302-9c15-4f36-ad82-af88a52faa79,2017,1500,271905,Automatic,Petrol,Sedan,Karachi
4aea5d03-7a63-4393-8a54-d4102ed64680,2001,1000,60391,Manual,Petrol,Hatchback,Karachi
8d11d4be-c240-47e9-8b33-745bab49b46d,2000,1800,52969,Automatic,Petrol,Coupe,Rawalpindi
9b9aea39-d295-4195-87a9-2001b16fa022,2010,800,115284,Automatic,Diesel,SUV,Karachi
89ae5b57-7de9-4945-aef8-d79dc262d412,2023,1000,182259,Automatic,Hybrid,Hatchback,Lahore
861eb07b-5da4-43aa-ac72-cc0076b5b589,2001,1000,263842,Automatic,Hybrid,Hatchback,Karachi
ba7f5aa9-deba-4deb-8f35-993261a4aec3,2003,1300,36414,Manual,Petrol,Hatchback,Rawalpindi
bd2eee66-c15e-4bbc-ad5b-bd50092ed8e8,2002,800,349192,Automatic,Diesel,Hatchback,Lahore
2aae8141-af71-4f53-b279-f47c0d76226d,2003,1300,40358,Manual,Hybrid,Sedan,Faisalabad
232f8791-285b-4317-ae57-b46c2e01a691,2009,1500,305743,Manual,Diesel,SUV,Rawalpindi
9c76deed-5054-4fe2-8b9a-365086fc9831,2001,800,9117,Automatic,Petrol,SUV,Karachi
75f31039-0667-4208-a3e3-96c240461847,2022,800,52424,Automatic,Hybrid,Hatchback,Rawalpindi
ece54ffc-8d66-451a-a951-95c8a56a0974,2013,2000,183910,Automatic,Hybrid,Coupe,Islamabad
ca074a00-9c2a-4525-9fe9-c03cf4e5cb86,2009,1500,7109,Automatic,Diesel,Hatchback,Faisalabad
c1fba630-c581-4b4e-96a0-f573d74894e8,2022,2000,312341,Automatic,Petrol,Hatchback,Faisalabad
f2da348b-5b23-4e56-8e0e-599de61ffa1e,2021,2000,10867,Manual,Diesel,SUV,Karachi
1e2c7f7b-bbd7-4634-aa2a-12b555618a12,2009,1500,16202,Manual,Hybrid,Coupe,Islamabad
a8bbf5a7-1933-44df-b020-d7f78eed3c4a,2004,2000,46805,Manual,Diesel,Sedan,Islamabad
c5a32216-9bbc-40c9-ad1a-8a8a33b95e6d,2018,2000,285693,Automatic,Hybrid,SUV,Islamabad
bbbdd48e-507e-4c33-8b20-87a8f0b67c0b,2019,1300,173641,Automatic,Hybrid,Coupe,Islamabad
8e0bbfa5-74f9-4bc4-a35b-fe473e1b0700,2007,1000,21548,Automatic,Hybrid,Sedan,Rawalpindi
835829e2-2422-4764-b384-5aa5bd1670c3,2023,1500,297094,Automatic,Diesel,Sedan,Lahore
070328f2-ea50-42ac-9bf3-0f3b1c61e445,2013,2000,77139,Automatic,Hybrid,SUV,Faisalabad
64a04a47-6c62-4171-ba92-37e5ba063040,2007,1800,292626,Manual,Diesel,Coupe,Islamabad
3d093d58-9632-43a9-bd29-380f0a80868d,2000,1300,8174,Automatic,Petrol,SUV,Islamabad
1fca7fb6-9558-486c-8499-51ea0042af1a,2024,1800,64715,Manual,Diesel,Hatchback,Lahore
33598290-c8fd-4abb-b4e8-afb087e185d5,2011,1300,346162,Manual,Petrol,Hatchback,Karachi
9142b521-3492-435b-b92a-3e30dfdc240e,2009,1300,263189,Manual,Petrol,Hatchback,Karachi
7d367f5e-32f3-444a-a20e-8b611f12a44e,2021,1000,226519,Manual,Diesel,SUV,Lahore
7bbfc4c4-aa40-4b4b-8e12-db7bc8313904,2013,1300,130405,Automatic,Diesel,Coupe,Lahore
6890d3bd-1a1c-42cf-9a14-2428f69eca68,2006,1300,313020,Automatic,Petrol,Coupe,Islamabad
462bf0b0-ed3a-45b8-9c8a-1ee4d9c7c901,2023,1800,72968,Manual,Diesel,SUV,Rawalpindi
ca0f46c2-ab6e-4de1-8fce-8e4eb20ba1d4,2015,1000,157843,Automatic,Petrol,Hatchback,Faisalabad
9a4bc467-e0d2-4f2c-80ae-ac7699d99c7d,2018,1500,286172,Manual,Diesel,Coupe,Lahore
234d36d3-9ab6-4d27-8bd5-be4fb1210629,2002,1800,231683,Automatic,Hybrid,Hatchback,Rawalpindi
4dcb2692-dc12-4faa-ad4d-bb464d742e00,2009,1500,244607,Automatic,Diesel,Coupe,Lahore
35f15eec-8ea9-4cb1-b565-152179955d3c,2015,800,220682,Manual,Petrol,Hatchback,Karachi
3d5d4888-877e-4911-bd91-78b8f8c40b6d,2016,1800,195617,Manual,Hybrid,Hatchback,Lahore
16fbd2a0-f686-4ac4-ad57-f588298715fd,2022,1500,66026,Automatic,Hybrid,Sedan,Rawalpindi
3cda680c-46c2-4c9d-9543-f0c447bf440e,2023,1800,241288,Manual,Petrol,Sedan,Islamabad
332c7bbd-c2bf-4e10-888e-befa209778f2,2024,2000,56124,Automatic,Hybrid,Sedan,Islamabad
cafb21cd-1b9a-4b85-a911-d95494771698,2016,1500,173700,Manual,Petrol,Sedan,Karachi
d3975851-d4dc-410c-b809-e5ffe5568940,2014,1000,294675,Automatic,Petrol,SUV,Karachi
b6567888-a281-4926-9ff8-7ea99718ca86,2007,2000,162996,Manual,Diesel,SUV,Lahore
ce1f071d-dbcf-471d-817c-d336a5dfc7b4,2000,800,80227,Manual,Hybrid,Sedan,Karachi
86756344-b999-4c9a-9f79-2e6ca16641c0,2004,800,248377,Manual,Hybrid,Coupe,Rawalpindi
70c42efb-427f-4c41-a0cf-8531b7ef6307,1999,800,157246,Automatic,Diesel,SUV,Karachi
fac690b3-fd5a-4d4d-8076-1e1ceb1464af,2024,1800,136457,Automatic,Hybrid,Sedan,Rawalpindi
27a0b545-9ba7-40e9-a97a-5f009454a321,2002,2000,11354,Manual,Petrol,SUV,Karachi
8d2ddbde-1c79-4701-9b23-3f9c66365b5c,2014,2000,286618,Manual,Diesel,Coupe,Islamabad
9f1f3ff3-dcc3-4b66-935f-23289117ab2d,2007,2000,52439,Automatic,Diesel,Hatchback,Rawalpindi
d359426c-818a-4b93-9bfc-6ae944fcc74e,2010,2000,56274,Automatic,Diesel,Coupe,Karachi
e00651ee-e916-495b-afe7-1c2df11ff116,1998,1300,239642,Manual,Hybrid,Coupe,Lahore
3b433cae-a7ac-4813-bfac-c2622bc9443c,2016,1300,17869,Automatic,Petrol,Hatchback,Karachi
c4dd98ce-0ade-4caf-b733-b7db2432f933,2012,2000,240307,Automatic,Petrol,SUV,Islamabad
6adcedba-0129-46c8-8f6b-6801cc0257d6,2014,1800,110509,Automatic,Hybrid,Coupe,Faisalabad
eaa741eb-e930-421b-ba5b-45765d9e0790,2000,1000,343890,Manual,Diesel,Hatchback,Rawalpindi
fd440378-02dd-405b-8f24-dda0758416ba,2020,1000,145930,Automatic,Diesel,Sedan,Rawalpindi
afd9bed2-be05-4464-b88b-6ea69cbdbe6a,2010,1500,317635,Manual,Hybrid,Hatchback,Karachi
db9f0d76-30dd-49e8-8e38-842b1109c098,2020,1300,308728,Automatic,Hybrid,Coupe,Lahore
e7d7ced1-24a1-4185-bd97-66aa0d631b18,1999,800,83455,Manual,Petrol,Sedan,Rawalpindi
b99823bd-40c2-4ca4-9efb-6d19ba0f7301,2019,1500,169690,Manual,Hybrid,SUV,Lahore
d2525590-1f3b-4605-abab-7eb4ee493c3f,2003,2000,201370,Automatic,Petrol,Sedan,Faisalabad
2d48e9a0-8bde-41ef-8307-484742f44a48,2006,800,19617,Manual,Diesel,Hatchback,Faisalabad
60f6bf71-6aa5-47e1-b9d5-a6b991fa8c1a,2018,800,91261,Automatic,Petrol,Coupe,Rawalpindi
43979016-3426-4d39-bfb9-c8b148058693,2002,2000,300825,Manual,Petrol,Hatchback,Rawalpindi
054e65b4-e440-4067-aa24-1c583ab7966f,2012,2000,149993,Manual,Petrol,SUV,Rawalpindi
aee37a20-b7b0-45a3-b9fe-cb063a5aa836,2024,1800,100818,Manual,Hybrid,Sedan,Lahore
6ad8b679-aca4-4a27-b620-9a1a07e5e4d9,2004,800,73695,Manual,Diesel,Coupe,Faisalabad
61ec7654-6cb1-4886-87d1-1f9589214bda,2015,800,178630,Manual,Hybrid,Coupe,Karachi
fd90115d-d770-4d1f-83ac-9c269dd39330,2024,1000,299038,Automatic,Hybrid,Hatchback,Islamabad
a9c484f4-1d6e-42d8-bfca-4a2fb1dadc8b,2017,1800,72285,Manual,Diesel,Coupe,Rawalpindi
4cc4d2b0-cb73-4a03-b20c-976517a1cff8,2000,1800,40969,Manual,Hybrid,Hatchback,Lahore
444eb980-1f1b-4b4b-8f62-40411b3c698a,2001,1500,120886,Manual,Hybrid,Hatchback,Lahore
4941215d-5f29-48fa-a7bb-98641a2b138e,2005,1300,131796,Automatic,Hybrid,Hatchback,Lahore
c0391399-6027-4316-9fa2-699a4a29c78f,2003,1300,39204,Manual,Hybrid,Hatchback,Rawalpindi
150d0f6d-eb50-4021-bb85-659672e34116,2017,800,286230,Manual,Hybrid,Coupe,Islamabad
5ec277f2-288f-437c-adff-6dff485a3f89,2018,800,16921,Automatic,Diesel,Hatchback,Karachi
5044478a-e4cd-449e-b048-7e412088ec8d,2008,800,73027,Manual,Hybrid,Hatchback,Lahore
47250313-aab3-43f2-87f7-e6b740db02d2,2005,1500,38226,Manual,Diesel,Sedan,Rawalpindi
2273abeb-1175-412d-99ca-c4b672a97b68,2017,2000,321091,Manual,Hybrid,Coupe,Karachi
c80170c0-28e0-4c2c-9d3c-57ec21f068c9,2006,2000,21884,Manual,Petrol,Coupe,Faisalabad
373c075a-deed-48d8-9923-95bc4f04bd1f,2005,2000,183635,Automatic,Diesel,Hatchback,Karachi
11d38ce7-4ba1-451c-a598-3c0d9f0cf8f0,1998,800,13816,Manual,Hybrid,Coupe,Lahore
ee5c4683-7625-4fe8-8950-4e87b73e747c,2015,1500,27336,Automatic,Diesel,SUV,Rawalpindi
42c3f299-2e18-4f0a-946d-cb9f26c0920a,2020,1500,288119,Manual,Petrol,Coupe,Lahore
f0abb4f5-88d5-407b-b9d4-1696875010b8,2017,1300,184438,Manual,Diesel,Coupe,Lahore
9d7507ba-009e-4727-beef-c276d5786ceb,2005,1000,48229,Manual,Petrol,Coupe,Faisalabad
801dea08-ded9-43b5-a496-066864657e27,2016,800,7811,Manual,Petrol,Sedan,Lahore
92ac190b-2691-4f43-9701-82b3bb108865,2002,1500,94682,Automatic,Petrol,Hatchback,Islamabad
5c001990-507b-4f27-800c-9c2957d1182a,2017,2000,128054,Automatic,Petrol,Coupe,Rawalpindi
094672a2-5e51-41ab-8ce3-4148eca2e06d,2019,800,344242,Manual,Petrol,Hatchback,Faisalabad
08658701-f3e2-4dc2-8f48-1889583d84ec,2004,1500,187148,Manual,Diesel,Hatchback,Islamabad
af1f4681-6e96-4e52-8e9a-b23d78d5c04f,2022,1800,153450,Manual,Hybrid,Hatchback,Islamabad
39480259-3b25-4f94-acd4-4a5346d8ad27,2020,1800,263950,Manual,Petrol,Hatchback,Rawalpindi
f60a7505-406f-4dac-ab7e-96015c6b76b1,2020,1800,254912,Automatic,Petrol,SUV,Karachi
b9baa09e-7579-40c2-a4ad-5620d55dff1a,2024,1800,120867,Automatic,Hybrid,SUV,Lahore
d7650c1b-f09c-418b-b655-bfb87294c5cf,2009,2000,74428,Manual,Petrol,Coupe,Rawalpindi
baf6ab31-361e-44ee-afb9-5dc5e4a0f331,2001,800,261571,Manual,Diesel,Hatchback,Faisalabad
a8778092-bc3b-44fa-8600-ae387e0bdd70,2010,1300,44298,Manual,Diesel,Coupe,Rawalpindi
d0b04bc9-4d87-460e-b0a9-d331437e8930,1998,1500,201674,Automatic,Petrol,SUV,Karachi
7f9eab5f-63c4-4a52-8c47-23292bc07405,2010,1000,345991,Automatic,Hybrid,Sedan,Islamabad
08f88f04-7f90-4e96-bdc7-3e6db033cefb,1999,1800,182349,Manual,Hybrid,Hatchback,Islamabad
60abd4a8-1eeb-4f54-8f2a-0adf9b66e347,2023,1800,113531,Manual,Diesel,Coupe,Rawalpindi
ad20e182-b1fa-4b93-b433-833fc2d90823,2023,2000,29946,Manual,Hybrid,Coupe,Islamabad
87436514-698e-4449-8c96-5828766a4aff,2015,1500,222211,Automatic,Petrol,Coupe,Rawalpindi
b82d1270-cffd-4315-ad81-befde0baa801,2021,1000,69139,Manual,Diesel,Hatchback,Lahore
3a1436ec-f7fd-4da3-ba54-fd21a06e9dc7,2005,1800,155097,Automatic,Hybrid,Coupe,Lahore
29e0c054-e7a2-41b2-8161-520a547b7b58,2017,1300,189632,Automatic,Hybrid,Hatchback,Faisalabad
af73978f-9d89-4e5d-a5f9-1b1aab9c3f58,1998,800,160901,Automatic,Diesel,SUV,Rawalpindi
0c683b08-23ab-4e63-93b6-361cab7d98b9,2012,800,230639,Manual,Diesel,Sedan,Islamabad
7e319031-196b-4958-9d14-8a4161f5bd6b,2013,2000,291823,Manual,Diesel,Sedan,Faisalabad
e337cbb4-8444-4e91-a336-eb0290be476c,2000,1300,319987,Automatic,Petrol,Coupe,Karachi
746aeabc-ad89-4b67-83cd-77023acdf7bb,2006,1300,136074,Automatic,Petrol,SUV,Karachi
e2e20ef3-8ed7-4d65-9375-1a1cd35380c3,2002,1800,343921,Manual,Petrol,Sedan,Lahore
fe3fcbb6-f73c-4f43-9296-cec7d0e4064c,2003,2000,265666,Automatic,Hybrid,Hatchback,Lahore
55e4016d-6b6d-4d44-868e-8a52944ac1a1,2015,2000,119512,Manual,Hybrid,Hatchback,Islamabad
754c641f-068d-48d5-94e0-1ee4e5a42fd5,1998,2000,185249,Manual,Hybrid,SUV,Islamabad
dbd8f5c3-065d-4779-8d62-351a4e35e112,2001,800,265781,Automatic,Petrol,Sedan,Karachi
e48f911e-5ce7-477c-be79-4751fa279714,2004,1300,299035,Automatic,Hybrid,Coupe,Lahore
9dcdc477-8bc0-4c39-9c91-df1120f86389,2018,1500,148417,Manual,Petrol,Hatchback,Faisalabad
1dc15dc3-57ab-4e94-a085-1d50898f474a,2023,1300,175629,Automatic,Hybrid,Hatchback,Rawalpindi
632ffec1-7d40-49f7-b4bc-befb7e328af2,2007,1800,16335,Manual,Diesel,Sedan,Islamabad
129f597d-b173-41fc-b4cb-372940297a9f,2002,1800,13387,Manual,Hybrid,SUV,Islamabad
6601f967-95e4-46fc-af07-636ac5b23931,2014,2000,266433,Automatic,Petrol,Coupe,Faisalabad
ca72b6e5-27dd-4640-a08e-11a85ef47234,1999,2000,78682,Automatic,Hybrid,Sedan,Lahore
35536220-62d3-47ef-8bba-72397aee1b80,2005,1800,263976,Automatic,Hybrid,Sedan,Faisalabad
5aa980b7-97ad-4612-81aa-44f43370782a,2023,800,318296,Automatic,Hybrid,Coupe,Islamabad
c4350429-dd1b-494b-b877-e1860430c7f6,2006,1000,301593,Automatic,Petrol,Hatchback,Karachi
1e15ea86-fcd0-4da3-a1cc-1a1a43484864,2023,1300,121053,Automatic,Diesel,Sedan,Karachi
f8396cd5-280a-49da-bbaf-aadab5aa1c9b,2012,2000,214919,Automatic,Petrol,Hatchback,Faisalabad
a4cbc62d-90b4-4d5e-95df-67a4170f097e,2014,800,189947,Automatic,Hybrid,SUV,Rawalpindi
086dcf81-5b11-46aa-af40-957e0bda87e9,2023,1500,120462,Manual,Hybrid,SUV,Rawalpindi
f1252e72-5fad-4684-ba55-3b94c1d05533,2019,1800,349124,Manual,Hybrid,Hatchback,Islamabad
04bdf723-4974-45ae-8be9-56925e6bd0e2,2008,1300,61847,Manual,Diesel,Coupe,Faisalabad
950ac882-6d20-4259-9d2d-15f7637c10aa,2002,1800,259103,Manual,Petrol,Coupe,Lahore
18f41b42-299c-4c71-ad49-16f6ba0d3967,2003,800,219480,Automatic,Hybrid,Coupe,Lahore
289c861e-cb81-46c5-8956-7aad857203db,2002,800,226188,Manual,Hybrid,SUV,Lahore
8d35aec4-5880-4a20-8f9a-76607dc75231,2002,1800,277510,Automatic,Diesel,Hatchback,Karachi
281a488d-1979-48ff-bc98-ce9420525b40,2010,2000,291997,Manual,Hybrid,Hatchback,Lahore
835ed910-c080-4790-99e1-5d977a6876ff,2008,1300,310104,Manual,Hybrid,Sedan,Lahore
fe475081-c780-4a75-9ee6-3b18ec001589,2021,1300,235350,Automatic,Hybrid,Coupe,Rawalpindi
6f065952-b177-4fbb-803f-cf25db076367,2007,1500,70572,Manual,Hybrid,Sedan,Karachi
61422a95-034f-46d4-909b-cd491cfd147d,1998,1800,310928,Automatic,Hybrid,Coupe,Rawalpindi
ca0f3e39-5bf0-4e13-aac5-7518f2f2f0bd,2008,1500,92653,Automatic,Petrol,SUV,Islamabad
4e5c0297-5868-4684-ac93-d683eb267eb6,2013,1300,25316,Automatic,Diesel,Hatchback,Rawalpindi
30656fe5-f207-4800-bfad-25e3e5a33d7c,2008,1000,75076,Manual,Hybrid,SUV,Rawalpindi
1ce01e5f-9e7c-46d3-b48c-15193317d24a,2014,1300,301537,Automatic,Petrol,Hatchback,Islamabad
4d9d6dbf-8c02-4186-aa4d-0546d4907a36,2003,800,150912,Automatic,Diesel,Coupe,Karachi
d0e7dfc6-ad02-4fe6-830f-753bf4bc71c6,2003,1300,136015,Manual,Petrol,Hatchback,Karachi
97a75875-cd37-4a60-b151-91544beab7b6,2001,1000,289492,Manual,Petrol,Sedan,Faisalabad
f79b0031-3ad0-46fb-bee1-4e8857e27e52,2015,1000,3494,Automatic,Petrol,Hatchback,Karachi
9196975e-5c0d-44d0-86f0-fbd669b85761,2007,1800,223610,Automatic,Hybrid,SUV,Rawalpindi
8996077a-75fc-4f6c-83f9-c9cd7d1da1f5,2007,800,62883,Automatic,Diesel,Coupe,Islamabad
14bc2370-97a7-4919-9b02-bb1f6a2cc7c2,2000,1000,145989,Manual,Diesel,Sedan,Karachi
1e8e387c-6593-49a9-ab51-7689dd679e92,2021,800,171502,Manual,Hybrid,Hatchback,Islamabad
91eb4b80-18c4-450f-90e6-f4cf791a0a4c,2012,2000,268878,Manual,Hybrid,Hatchback,Lahore
d00ac75b-d54d-41a1-accc-a0c5efe314bf,2011,800,273309,Automatic,Petrol,Sedan,Lahore
a3daae90-8a69-4e5a-bc9a-83010c4c6e85,2005,1000,307412,Automatic,Petrol,SUV,Islamabad
7d9306f2-1e8d-4042-9e2b-c997a999670a,2013,1000,254021,Manual,Hybrid,Coupe,Islamabad
0601befe-75a3-40ef-bcb0-33e39a616bae,2002,1000,332803,Manual,Hybrid,SUV,Lahore
a1842265-d74c-4e48-a316-5ac22fd8d653,2011,800,257263,Manual,Hybrid,SUV,Lahore
6b8093e1-09c3-49bd-81de-de428e2e36ac,2011,2000,137926,Automatic,Hybrid,SUV,Islamabad
097eafcf-2c12-4d1f-a014-b14bb3fadadf,2013,1800,344426,Manual,Diesel,SUV,Islamabad
3dbc2593-be80-4888-8607-33b54eb6be67,2019,1500,257017,Automatic,Hybrid,Hatchback,Faisalabad
15ad0fc3-c647-44d0-907b-957a9896e2f1,2013,1300,50611,Manual,Petrol,Hatchback,Rawalpindi
aefb99b3-55e8-47b5-87f9-db5002f0edc3,2012,1300,129706,Automatic,Petrol,SUV,Rawalpindi
271b4e3f-88c7-438f-b262-f10ec1e28c94,2008,2000,59525,Automatic,Hybrid,Coupe,Karachi
13e93725-a5e4-4b78-8f91-ad9309974ff1,2022,1500,256468,Automatic,Hybrid,SUV,Lahore
3c0d3d6c-60a5-4d17-b9f2-c58d94bebd83,2007,1300,266069,Manual,Diesel,Sedan,Faisalabad
a57d489e-032c-40d9-b1c4-36e33a81e244,2022,1300,137156,Automatic,Diesel,Coupe,Rawalpindi
cc7e12d0-b91f-4c5d-be7a-72244a8c0222,2011,1500,136681,Manual,Diesel,Coupe,Karachi
6cb9fea1-0d3a-4eb7-a5f6-d3750452f37a,2008,2000,23922,Automatic,Diesel,Coupe,Karachi
d1a75787-f7bd-4c5a-8014-9db5fe334e05,2016,1000,281025,Manual,Hybrid,Sedan,Faisalabad
224c480d-9c31-4f0f-bafa-b4cda3eff02e,2017,1300,67746,Manual,Hybrid,Sedan,Rawalpindi
445ff699-c5f4-427a-89b1-137c43702b4b,2000,2000,174738,Automatic,Hybrid,Sedan,Lahore
f2c95a90-53f5-4c76-b2f8-867b0b4cb5a6,2014,1000,189843,Manual,Petrol,Coupe,Karachi
a3941704-93e0-4aec-9911-8dcee45d12ce,2007,1000,196020,Automatic,Diesel,SUV,Faisalabad
c596d4fe-1664-4046-9486-c4d850e3d5e0,2021,1000,7151,Manual,Petrol,Sedan,Faisalabad
725f2082-1897-4d04-b959-0a0c11578501,2010,1500,22169,Manual,Diesel,Hatchback,Lahore
b20d18f1-7f93-47ab-875c-ba362664aa56,2005,2000,129661,Manual,Diesel,Sedan,Rawalpindi
826f7061-805f-40a0-a998-bb05fb8871d5,2018,1500,68783,Automatic,Petrol,Sedan,Lahore
462e94a0-e2f9-4959-a3c2-470d45dedcce,2014,2000,217778,Manual,Petrol,SUV,Lahore
a33f8fad-35b5-4407-ab02-78a0a164ae3d,2021,1800,205061,Manual,Hybrid,Hatchback,Islamabad
8f19bfa6-46f0-4968-b9ca-b2fe9fd75f62,2011,1800,12285,Automatic,Diesel,Coupe,Karachi
06939624-9dd7-4c5f-8ede-d2624a0b07cd,2001,1300,343959,Automatic,Diesel,Hatchback,Rawalpindi
51724e6c-ff76-4687-8fd4-e997624162d7,2000,1000,213034,Automatic,Diesel,Hatchback,Faisalabad
d3bc888a-b6f5-4200-a430-9947ee3030f5,2014,1000,200492,Manual,Diesel,Coupe,Islamabad
96533114-64e7-4d7d-9b4e-4f01bcfe244c,2022,1800,56782,Automatic,Petrol,Sedan,Rawalpindi
72b77810-79b6-4cec-baaa-a0aa60a6d907,2022,1000,234401,Automatic,Diesel,Sedan,Islamabad
5fb48702-2281-4faa-9d74-0e29b606497d,2008,1000,330256,Manual,Petrol,SUV,Karachi
90254deb-022e-43ff-acd8-7e6ba7e426d3,2013,1800,131055,Manual,Petrol,Coupe,Faisalabad
6efde407-d379-4eb4-84ff-be61af6e436c,2024,1500,274415,Manual,Petrol,Coupe,Islamabad
9051aca3-370b-4caf-bed1-c8be656b8c36,2011,1300,177140,Manual,Petrol,Hatchback,Faisalabad
40e8b9a9-e60f-496b-9370-c7240d369d2a,2017,1500,2921,Automatic,Hybrid,SUV,Faisalabad
f66b3edd-0564-4227-a6a9-a5a925786d66,2023,1500,286045,Automatic,Diesel,SUV,Islamabad
a7ed7fea-16e5-4b1f-b7ea-4ff8dd955e5a,2012,2000,253229,Manual,Petrol,Coupe,Lahore
76811e7b-a197-4ec5-bdbc-25763d35a046,2010,1000,7143,Manual,Hybrid,Sedan,Karachi
0298d4e6-79c2-44a8-a384-67d835abc089,2004,1500,59592,Manual,Diesel,Coupe,Karachi
54ef0259-6635-4af6-a138-e048ba89a76b,2018,1800,255429,Manual,Hybrid,Coupe,Rawalpindi
ed67eec0-b222-47bc-ac28-304d5f2e3825,1998,1300,61647,Automatic,Diesel,Hatchback,Faisalabad
0285bcb5-1d06-4d16-9b22-41ba700db6f8,2008,1800,194842,Manual,Petrol,Hatchback,Faisalabad
e2860e63-e523-4c27-9c68-527dd21ccc34,2019,1000,321912,Automatic,Hybrid,Hatchback,Rawalpindi
79da9964-73fe-4b52-9eef-393f64deb86c,2012,1000,173107,Manual,Petrol,Coupe,Lahore
d13fa208-9f57-400c-87fb-a6d5d57368bd,2008,1500,93965,Manual,Diesel,Sedan,Lahore
ba8fdc9d-a191-46f4-a6cb-612451dc20a8,2007,2000,98395,Manual,Hybrid,Sedan,Faisalabad
7384c0b1-17bb-4565-9636-7b6df77daabf,2012,1300,49657,Manual,Hybrid,Coupe,Faisalabad
b223bb83-b960-4a17-a38f-8b16a5db1673,2003,800,183738,Manual,Diesel,Sedan,Karachi
24b71520-2f89-4e75-8ce8-de79fa29f9ad,2006,1300,223433,Automatic,Diesel,Coupe,Islamabad
381a5782-d891-47c4-a054-a8f8d23398c9,2015,1800,336382,Manual,Petrol,SUV,Lahore
04cb004b-30dc-440e-86a0-25bdf96269ac,2021,1000,146793,Manual,Diesel,Sedan,Karachi
8da58cf8-1944-4f19-8d8b-af8e2418f0c3,2023,1800,307923,Automatic,Diesel,Hatchback,Faisalabad
91d9f4df-e7d7-41ea-9918-8c27d102a229,2019,1500,109736,Manual,Petrol,SUV,Karachi
82f5fdaa-3d4e-4562-80a1-044570b63c05,2000,1800,76803,Manual,Petrol,Coupe,Lahore
2b081297-0b98-46de-8a89-fdb36b4f1913,2008,800,27362,Manual,Hybrid,Coupe,Rawalpindi
a7e025e9-2c95-4efe-b92c-e595b277e2c5,2019,1500,171489,Automatic,Hybrid,Sedan,Karachi
ea80d409-b913-4fce-9e29-a5967bd4e036,2015,1500,197818,Automatic,Hybrid,Coupe,Islamabad
14b8d24c-caba-4dac-99fc-ca1be19789bd,2007,1800,166184,Manual,Hybrid,SUV,Karachi
c7da64d1-54a2-4895-8b76-9aa6e60dbfe4,2018,1300,74912,Automatic,Hybrid,Coupe,Rawalpindi
4f3660dd-c101-467f-885d-c363d46a3d8d,2020,1300,63040,Automatic,Hybrid,Hatchback,Karachi
bbe53449-923a-4885-ba6f-3f0e1bba2ea5,1998,1300,244357,Automatic,Hybrid,Coupe,Karachi
50fc247c-305f-4218-b718-564d0b8ddfb4,2017,1800,100130,Automatic,Diesel,SUV,Lahore
978259d0-3f02-4141-a693-0657d27bc295,2004,1500,189263,Manual,Petrol,Hatchback,Islamabad
0e3bb2a7-381a-4a77-ae4f-27395ba40fd7,2001,1300,133043,Manual,Hybrid,Hatchback,Lahore
121c83a8-ad1f-4625-a180-25d2fe4ec433,2018,1300,336422,Automatic,Diesel,Sedan,Islamabad
32c5fea6-67e7-4dcf-a9cb-01b103838775,2006,2000,30003,Manual,Hybrid,Coupe,Faisalabad
24870edf-b4a3-4fc0-a5b3-2e797bfc7687,2018,1500,257058,Manual,Diesel,Sedan,Lahore
6c0d6d2a-650e-4f07-806a-7aa50059fd22,2009,800,321346,Manual,Hybrid,SUV,Karachi
c274bd69-b6f9-405c-bc6b-066ac5e850bc,2000,1500,62614,Manual,Diesel,Sedan,Islamabad
13f1a476-47ea-4b79-8506-726ba810a60e,2001,1800,145478,Manual,Hybrid,Sedan,Islamabad
adfc673d-862f-4660-95b3-4322124082a5,2024,2000,165926,Manual,Hybrid,Hatchback,Faisalabad
375942af-7179-48b3-9800-c19918a744ca,1998,2000,211378,Automatic,Hybrid,Sedan,Lahore
582f9e38-a5a3-439b-bc0b-ed3ddd023b00,2004,1800,77339,Automatic,Petrol,SUV,Rawalpindi
591efe2c-ee82-47c0-94e6-e673f7433505,1999,1300,319044,Manual,Hybrid,Coupe,Karachi
10494f95-0978-46b1-b81b-b6a37b9291fc,2018,2000,1690,Automatic,Diesel,Hatchback,Lahore
3ce32304-4e3e-4b27-a5c8-9780534c4606,2008,1500,297886,Manual,Hybrid,Coupe,Lahore
f61c5bbb-5add-4bb9-bfc6-b65b459dfec7,2001,800,95683,Manual,Petrol,Hatchback,Faisalabad
4d907d70-21af-4281-93e3-f4df7b5ea16b,2018,800,88780,Manual,Petrol,Hatchback,Rawalpindi
5ca68ee0-4641-498c-905d-412881d432dd,2000,2000,129358,Automatic,Hybrid,SUV,Karachi
e0951a11-cc7c-41e5-b81f-8a55d4f467c7,2007,800,198867,Automatic,Petrol,Hatchback,Karachi
d2764f33-d96e-4f4e-913a-099578501dca,2016,1300,217046,Manual,Petrol,Hatchback,Karachi
e67e6e21-01f6-4b2e-9e0b-cb477b0d8ded,2003,1300,135976,Automatic,Diesel,Sedan,Rawalpindi
fccecb61-377f-4a00-b44e-65a9b209ae0b,2009,1800,190638,Automatic,Hybrid,Coupe,Karachi
8fdc70d8-277a-43d4-8c01-f4047df81cba,1999,1800,202207,Manual,Hybrid,SUV,Rawalpindi
737ef16d-950e-420c-9e8b-13a8b57cdf8c,2009,2000,151356,Manual,Diesel,Hatchback,Lahore
e979e80f-00d0-4828-966b-73f67ccdb6da,2014,1000,135378,Manual,Diesel,Hatchback,Lahore
aee98ade-d5d5-482a-9228-116dbb90e6ed,2001,1800,345155,Manual,Diesel,SUV,Rawalpindi
8bd276d8-b381-4b01-9f92-3f7123e0bbb6,2016,1300,195183,Automatic,Hybrid,Sedan,Islamabad
4b4f0b9d-27d4-4f68-a865-4983aeb682c5,2020,800,330024,Automatic,Petrol,SUV,Rawalpindi
296cef60-2d94-449c-bf12-8d4ce8cf5a03,2013,1300,176513,Manual,Petrol,Hatchback,Islamabad
b976748b-5173-4166-883b-14a8dfae13d0,2003,1500,286669,Manual,Petrol,Coupe,Faisalabad
ade0912c-a928-4cce-b17f-541b4dc9e765,2012,1800,301971,Automatic,Hybrid,Coupe,Rawalpindi
a8e0cf6e-1245-46c8-9ddd-ebb05db5eaf6,2024,1000,132421,Automatic,Hybrid,Hatchback,Rawalpindi
04e62e3a-db37-4127-b890-8e32176daca6,2019,1500,157377,Manual,Petrol,Sedan,Rawalpindi
